OrderID,CustomerID,CustomerName,OrderDate,Category,SubCategory,Quantity,UnitPrice,Discount(%),PaymentMethod,Channel,ShippingCity,ShippingState,DeliveryDate,OrderStatus,ReturnReason,RefundAmount,RefundDate,CustomerRating
ORD102399,CUST0300,Customer_300,01/11/2025,Sports ,Skipping Rope,3.0,5117.09,50.0,COD,Mobile App,Lucknow,Uttar Pradesh,23-01-2025,delivered,,,,3.0
ORD101258,CUST0109,Customer_109,04-06-2025,SPORTS,Dumbbells,2.0,2335.98,5.0,COD,App,Jaipur,Rajasthan,06/05/2025,Delivered,,,,3.0
ORD102060,CUST0526,Customer_526,08-02-2025,Sports ,Yoga Mat,1.0,2453.45,5.0,Credit Card,Web,Kochi,Kerala,02/18/2025,Refunded,Damaged in transit,1777.26,26 Feb 2025,3.0
ORD102503,CUST0552,Customer_552,17/04/25, Fashion,Sneakers,1.0,4205.07,10.0,COD,App,Mumbai,Maharashtra,2025-04-23,delivered,,,,3.0
ORD101253,CUST0545,Customer_545,2025-01-09,HOME & KITCHEN,Non-stick Pan,1.0,5420.58,0.0,upi,app,Delhi,Delhi,2025-01-17,delivered,,,,
ORD102186,CUST0519,Customer_519,05/18/2025,Fashion ,Women Kurti,3.0,4487.16,20.0,UPI,app,Delhi,Delhi,22-05-2025,delivered,,,,
ORD100994,CUST0464,Customer_464,21 Jan 2025,beauty,Perfume,1.0,1086.11,30.0,UPI,app,Bengaluru,Karnataka,30/01/25,Cancelled,,,,3.0
ORD100486,CUST0327,Customer_327,09 Apr 2025, Beauty,Perfume,-1.0,3670.2,15.0,Net Banking,Mobile App,Patna,Bihar,,In Transit,,,,
ORD100051,CUST0093,Customer_93,2025-04-08,beauty,Face Wash,1.0,2810.5,-5.0,Debit Card,Mobile App,Kochi,Kerala,19-04-2025,delivered,,,,2.0
ORD101668,CUST0482,Customer_482,01/25/2025,Electronics,Power Bank,1.0,5657.42,30.0,Debit Card,app,Surat,gujarat,27 Jan 2025,RTO,Not as described,4844.31,01/29/2025,4.0
ORD102298,CUST0074,Customer_74,08 Mar 2025,BEAUTY,Face Wash,3.0,4172.89,25.0,upi,App,Mumbai,Maharashtra,2025-03-20,Delivered,,,,
ORD102351,CUST0168,Customer_168,22 Apr 2025, Home & Kitchen,Non-stick Pan,2.0,3580.81,0.0,upi,Web,Bhopal,Madhya Pradesh,27/04/25,cancelled ,,,,1.0
ORD100035,CUST0281,Customer_281,27-01-2025,Electronics ,Headphones,2.0,4229.89,50.0,Credit Card,App,Jaipur,Rajasthan,01 Feb 2025,RTO,Wrong Item Delivered,7134.29,08 Feb 2025,2.0
ORD101039,CUST0119,Customer_119,12 Jan 2025,SPORTS,Skipping Rope,3.0,4796.34,-5.0,Net Banking,Web,Mumbai,Maharashtra,19/01/25,Refunded,Product Damaged,13368.25,29/01/25,
ORD100281,CUST0556,Customer_556,13-02-2025,home & kitchen,Storage Box,2.0,978.11,15.0,UPI,Web,Surat,gujarat,23/02/25,returned,Size Issue,1765.78,,1.0
ORD100706,CUST0455,Customer_455,05/31/2025,home & kitchen,Mixer Grinder,0.0,1764.3,10.0,COD,app,Kochi,Kerala,2025-06-01,Cancelled,,,,
ORD101515,CUST0063,Customer_63,12/06/25,ELECTRONICS,Mobile Cover,2.0,"2,832.26",120.0,UPI,WEB,Chennai,Tamil Nadu,,In Transit,,,,2.0
ORD102670,CUST0509,Customer_509,2025-03-24,electronics,Power Bank,1.0,5734.41,5.0,Credit Card,App,Chandigarh,Punjab,27 Mar 2025,Delivered,,,,
ORD100489,CUST0251,Customer_251,2025-06-28,Electronics ,Headphones,-1.0,1025.85,120.0,Debit Card,App,Mumbai,Maharashtra,05 Jul 2025,Refunded,Product Damaged,,07/15/2025,3.0
ORD100413,CUST0532,Customer_532,21 Apr 2025,Home & Kitchen ,Non-stick Pan,1.0,2871.73,50.0,Credit Card,WEB,Mumbai,Maharashtra,29 Apr 2025,Cancelled,,,,2.0
ORD100588,CUST0147,Customer_147,19 Apr 2025,Fashion,Sneakers,3.0,605.06,50.0,Net Banking,WEB,Chennai,Tamil Nadu,24-04-2025,Cancelled,,,,
ORD100207,CUST0065,Customer_65,05-06-2025,Sports,Yoga Mat,3.0,5579.08,20.0,Credit Card,Mobile App,Patna,Bihar,13-06-2025,returned,Damaged in transit,,2025-06-22,3.0
ORD100279,CUST0537,Customer_537,22-02-2025,HOME & KITCHEN,LED Bulb,1.0,4959.51,10.0,UPI,app,Delhi,Delhi,01/03/25,Refunded,Size Issue,4355.87,,
ORD100986,CUST0500,Customer_500,02/02/25,Fashion,Women Kurti,2.0,1734.49,0.0,UPI,WEB,Mumbai,Maharashtra,10/02/25,returned,,2598.34,15-02-2025,
ORD100514,CUST0393,Customer_393,09/01/25,Beauty ,Lipstick,3.0,"2,337.67",10.0,Debit Card,WEB,Chandigarh,Punjab,19/01/25,returned,Size Issue,,01/26/2025,
ORD102228,CUST0199,Customer_199,04/01/25, Electronics,Headphones,3.0,3615.85,0.0,Credit Card,App,Kochi,Kerala,,In Transit,,,,
ORD102765,CUST0047,Customer_47,30 May 2025,Beauty ,Face Wash,1.0,1026.62,120.0,COD,App,Ahmedabad,Gujarat,,Delivered,,,,2.0
ORD100930,CUST0559,Customer_559,19-01-2025,HOME & KITCHEN,LED Bulb,3.0,"4,163.24",30.0,upi,App,Mumbai,Maharashtra,26/01/25,Delivered,,,,
ORD101065,CUST0206,Customer_206,2025-05-17, Fashion,Handbag,1.0,2202.46,20.0,Credit Card,app,Jaipur,Rajasthan,25 May 2025,Delivered,,,,1.0
ORD102553,CUST0251,Customer_251,03 Jun 2025, Fashion,Jeans,-1.0,3160.97,120.0,upi,App,Bengaluru,Karnataka,2025-06-11,Cancelled,,,,4.0
ORD102154,CUST0409,Customer_409,2025-04-28,Home & Kitchen,Non-stick Pan,2.0,3818.99,50.0,Cash on Delivery,Web,Chennai,Tamil Nadu,05/09/2025,returned,Not as described,6137.23,16 May 2025,5.0
ORD101193,CUST0458,Customer_458,21/02/25,sports,Cricket Bat,1.0,3818.65,25.0,Net Banking,Mobile App,Kochi,Kerala,,In Transit,,,,
ORD101376,CUST0265,Customer_265,27/01/25,beauty,Lipstick,1.0,4265.93,10.0,Cash on Delivery,Mobile App,Pune,Maharashtra,02/06/2025,Cancelled,,,,2.0
ORD100585,CUST0184,Customer_184,2025-04-28,Fashion,Sneakers,1.0,1974.27,120.0,UPI,app,Bangalore,Karnataka,29/04/25,delivered,,,,4.0
ORD100670,CUST0103,Customer_103,10 Apr 2025,Beauty ,Lipstick,1.0,5984.45,120.0,Debit Card,Web,Chennai,Tamil Nadu,2025-04-21,delivered,,,,
ORD101807,CUST0401,Customer_401,10/01/25, Home & Kitchen,Bedsheet,2.0,3848.19,25.0,Credit Card,app,Indore,MP,01/15/2025,DELIVERED ,,,,2.0
ORD102454,CUST0129,Customer_129,21-03-2025,SPORTS,Dumbbells,-1.0,4426.13,10.0,Cash on Delivery,Mobile App,Nagpur,Maharashtra,24/03/25,Refunded,Quality Not as Expected,3237.47,31-03-2025,1.0
ORD102160,CUST0097,Customer_97,25 Feb 2025,sports,Yoga Mat,2.0,1686.07,-5.0,COD,App,Mumbai,Maharashtra,2025-02-26,Refunded,Not as described,3013.33,,
ORD100204,CUST0041,Customer_41,06/04/25,Home & Kitchen,Bedsheet,-1.0,"1,651.05",120.0,upi,Web,Ahmedabad,Gujarat,,In Transit,,,,2.0
ORD101734,CUST0053,Customer_53,11 Apr 2025,sports,Skipping Rope,2.0,2699.66,120.0,Credit Card,WEB,Kochi,Kerala,21-04-2025,Cancelled,,,,2.0
ORD102407,CUST0408,Customer_408,03/29/2025,Electronics,Mobile Cover,1.0,2610.19,5.0,Net Banking,app,Hyderabad,Telangana,2025-03-30,cancelled ,,,,4.0
ORD100319,CUST0356,Customer_356,2025-05-14,Beauty,Perfume,2.0,₹1256.0,15.0,Net Banking,Mobile App,Patna,Bihar,2025-05-24,cancelled ,,,,
ORD101689,CUST0291,Customer_291,04-02-2025,Beauty,Sunscreen,-1.0,4671.61,20.0,Credit Card,app,Nagpur,Maharashtra,,In Transit,,,,
ORD100415,CUST0196,Customer_196,14/04/25,Sports ,Dumbbells,2.0,199.92,30.0,Credit Card,Web,Indore,MP,04/22/2025,Delivered,,,,4.0
ORD100550,CUST0361,Customer_361,18/05/25, Fashion,Jeans,1.0,"1,543.30",30.0,UPI,App,Pune,Maharashtra,05/19/2025,Delivered,,,,3.0
ORD103201,,,,,,,,,,,,,,,,,,
ORD102473,CUST0379,Customer_379,04/16/2025,Electronics ,Power Bank,3.0,3089.93,120.0,Net Banking,app,Bengaluru,Karnataka,26 Apr 2025,Delivered,,,,5.0
ORD100297,CUST0101,Customer_101,08-06-2025, Sports,Yoga Mat,3.0,1433.59,0.0,upi,App,Delhi,Delhi,06/18/2025,Delivered,,,,3.0
ORD101954,CUST0352,Customer_352,06/02/2025,Sports ,Skipping Rope,-1.0,3986.43,30.0,COD,Web,Pune,Maharashtra,06-06-2025,cancelled ,,,,
ORD101169,CUST0258,Customer_258,02/05/2025, Electronics,Headphones,2.0,1483.53,20.0,Credit Card,Mobile App,Chandigarh,Punjab,13/02/25,returned,Size Issue,2507.11,2025-02-15,5.0
ORD100834,CUST0108,Customer_108,19/01/25,Home & Kitchen ,Bedsheet,1.0,4435.06,10.0,Net Banking,Mobile App,Pune,Maharashtra,25 Jan 2025,DELIVERED ,,,,5.0
ORD101123,CUST0017,Customer_17,12 Jan 2025,Sports ,Football,-1.0,2075.22,-5.0,upi,Web,Ahmedabad,Gujarat,01/16/2025,Refunded,,1837.35,24 Jan 2025,1.0
ORD102434,CUST0488,Customer_488,05/05/2025,beauty,Face Wash,3.0,2123.73,5.0,Debit Card,Mobile App,Bangalore,Karnataka,10 May 2025,delivered,,,,3.0
ORD100898,CUST0516,Customer_516,2025-06-17,home & kitchen,LED Bulb,2.0,425.82,20.0,Cash on Delivery,App,Hyderabad,Telangana,06/28/2025,returned,size issue,,,
ORD101041,CUST0109,Customer_109,17/01/25,Beauty,Hair Oil,2.0,1934.64,120.0,Net Banking,Web,Lucknow,Uttar Pradesh,21 Jan 2025,Refunded,,3178.27,29-01-2025,5.0
ORD100786,CUST0509,Customer_509,29-03-2025,SPORTS,Yoga Mat,1.0,2065.15,-5.0,Debit Card,app,Bhopal,Madhya Pradesh,2025-04-02,Refunded,Not as described,1694.63,12/04/25,
ORD100181,CUST0484,Customer_484,02/05/2025,Fashion,Handbag,-1.0,3249.56,10.0,Debit Card,Web,Bengaluru,Karnataka,12 Feb 2025,Cancelled,,,,
ORD101030,CUST0269,Customer_269,14-05-2025,home & kitchen,Mixer Grinder,2.0,2638.91,30.0,Net Banking,Mobile App,Hyderabad,Telangana,17-05-2025,delivered,,,,
ORD102116,CUST0047,Customer_47,05/22/2025, Beauty,Perfume,1.0,4175.14,10.0,UPI,Mobile App,Hyderabad,Telangana,2025-06-01,returned,,3376.49,2025-06-04,
ORD102189,CUST0565,Customer_565,2025-06-26,ELECTRONICS,Power Bank,2.0,₹2336.65,20.0,Credit Card,Mobile App,Chandigarh,Punjab,2025-07-08,Cancelled,,,,1.0
ORD102471,CUST0438,Customer_438,08/06/25,BEAUTY,Sunscreen,2.0,1335.64,25.0,Credit Card,Mobile App,Bhopal,Madhya Pradesh,18 Jun 2025,delivered,,,,
ORD101337,CUST0224,Customer_224,15/06/25,Beauty ,Sunscreen,1.0,668.78,-5.0,UPI,Web,Pune,Maharashtra,06/16/2025,RTO,Duplicate Order,568.38,2025-06-24,4.0
ORD101181,CUST0461,Customer_461,2025-03-25,sports,Football,3.0,3070.68,25.0,COD,WEB,Kolkata,West Bengal,03/31/2025,Refunded,Wrong Item Delivered,,,
ORD102674,CUST0123,Customer_123,2025-05-20,home & kitchen,Bedsheet,-1.0,5712.65,15.0,UPI,WEB,Indore,MP,05/26/2025,RTO,Late Delivery,5439.61,03/06/25,
ORD100906,CUST0473,Customer_473,23 Jun 2025,Beauty,Perfume,1.0,5473.74,120.0,Cash on Delivery,app,Nagpur,Maharashtra,,cancelled ,,,,
ORD101410,CUST0110,Customer_110,03/21/2025,Fashion,Handbag,1.0,₹1741.81,50.0,COD,WEB,Chennai,Tamil Nadu,01/04/25,Refunded,Duplicate Order,1383.16,11 Apr 2025,
ORD101171,CUST0505,Customer_505,29-06-2025, Beauty,Perfume,2.0,1341.95,120.0,Cash on Delivery,WEB,Mumbai,Maharashtra,06 Jul 2025,cancelled ,Late Delivery,,,
ORD101114,CUST0011,Customer_11,04/19/2025,electronics,Mobile Cover,2.0,2858.72,50.0,UPI,App,Bhopal,Madhya Pradesh,04/30/2025,Returned,Duplicate Order,5060.88,02 May 2025,5.0
ORD100796,CUST0560,Customer_560,03-01-2025, Electronics,Bluetooth Speaker,1.0,4135.83,0.0,Credit Card,Mobile App,Jaipur,Rajasthan,,Delivered,,,,4.0
ORD102195,CUST0135,Customer_135,12 Jan 2025, Sports,Skipping Rope,1.0,"1,376.74",30.0,Debit Card,App,Kolkata,West Bengal,01/22/2025,RTO,Size Issue,1235.5,01/31/2025,3.0
ORD100187,CUST0290,Customer_290,02 Apr 2025, Electronics,Headphones,2.0,3712.66,15.0,Credit Card,WEB,Patna,Bihar,,returned,Quality Not as Expected,5226.12,,2.0
ORD102054,CUST0294,Customer_294,2025-05-29,beauty,Hair Oil,2.0,4603.31,20.0,upi,app,Jaipur,Rajasthan,,Delivered,,,,4.0
ORD100842,CUST0396,Customer_396,27-02-2025,Sports,Cricket Bat,3.0,4572.53,20.0,Cash on Delivery,Mobile App,Chandigarh,Punjab,04-03-2025,Returned,size issue,10068.15,03/12/2025,1.0
ORD101904,CUST0399,Customer_399,2025-02-21, Beauty,Face Wash,1.0,5073.03,5.0,Net Banking,Web,Patna,Bihar,04/03/25,Delivered,,,,5.0
ORD102194,CUST0277,Customer_277,09-02-2025,Home & Kitchen,LED Bulb,1.0,3813.64,10.0,Cash on Delivery,WEB,Kolkata,West Bengal,,In Transit,,,,5.0
ORD100593,CUST0199,Customer_199,13-05-2025,sports,Yoga Mat,3.0,5401.76,25.0,Credit Card,Mobile App,Nagpur,Maharashtra,20-05-2025,cancelled ,,,,5.0
ORD101679,CUST0032,Customer_32,07 Jan 2025,SPORTS,Skipping Rope,2.0,"1,835.43",25.0,Net Banking,Web,Lucknow,Uttar Pradesh,2025-01-17,cancelled ,,,,
ORD101585,CUST0141,Customer_141,06/25/2025,FASHION,Sneakers,2.0,5816.74,20.0,COD,Mobile App,Hyderabad,Telangana,06 Jul 2025,delivered,,,,
ORD102357,CUST0099,Customer_99,15 Jun 2025,home & kitchen,Non-stick Pan,2.0,₹1689.98,5.0,Debit Card,app,Bangalore,Karnataka,16 Jun 2025,Cancelled,,,,1.0
ORD102587,CUST0069,Customer_69,25-01-2025, Sports,Yoga Mat,1.0,4829.52,25.0,Credit Card,WEB,Hyderabad,Telangana,,In Transit,,,,
ORD102486,CUST0591,Customer_591,16-02-2025,Beauty ,Perfume,1.0,1527.5,25.0,upi,app,Lucknow,Uttar Pradesh,17-02-2025,delivered,,,,5.0
ORD101482,CUST0521,Customer_521,07-01-2025,Home & Kitchen,Storage Box,0.0,220.88,5.0,COD,WEB,Nagpur,Maharashtra,,Refunded,,197.94,20/01/25,4.0
ORD100191,CUST0322,Customer_322,26/06/25,Electronics ,Mobile Cover,2.0,5870.69,120.0,Debit Card,WEB,Patna,Bihar,07/03/2025,delivered,,,,1.0
ORD100717,CUST0289,Customer_289,01-01-2025,beauty,Lipstick,1.0,4076.77,50.0,upi,App,Chennai,Tamil Nadu,08 Jan 2025,RTO,Wrong Item Delivered,3585.17,16/01/25,3.0
ORD101683,CUST0495,Customer_495,12-03-2025,BEAUTY,Hair Oil,1.0,5660.2,15.0,Debit Card,app,Jaipur,Rajasthan,23-03-2025,Refunded,Quality Not as Expected,5304.13,2025-04-02,
ORD101082,CUST0387,Customer_387,20/06/25,Beauty ,Hair Oil,-1.0,4234.97,15.0,UPI,app,Nagpur,Maharashtra,24-06-2025,Cancelled,size issue,,,5.0
ORD101145,CUST0298,Customer_298,01/19/2025,ELECTRONICS,Bluetooth Speaker,2.0,3020.9,15.0,UPI,App,Delhi,Delhi,30 Jan 2025,Refunded,Changed Mind,4585.33,,
ORD100341,CUST0488,Customer_488,2025-06-23,Sports ,Dumbbells,1.0,2439.6,-5.0,Credit Card,app,Pune,Maharashtra,29/06/25,returned,Quality Not as Expected,2135.11,05 Jul 2025,2.0
ORD100837,CUST0459,Customer_459,07-06-2025,BEAUTY,Perfume,1.0,303.37,5.0,Net Banking,Web,Indore,MP,15 Jun 2025,Refunded,Not as described,252.08,06/18/2025,
ORD101262,CUST0489,Customer_489,18-01-2025, Sports,Yoga Mat,1.0,4813.35,15.0,COD,WEB,Mumbai,Maharashtra,26 Jan 2025,cancelled ,,,,4.0
ORD102025,CUST0395,Customer_395,23/02/25,ELECTRONICS,Mobile Cover,1.0,4930.94,5.0,UPI,App,Lucknow,Uttar Pradesh,2025-02-25,returned,Not as described,3855.75,,
ORD101554,CUST0078,Customer_78,2025-06-07,Fashion ,Handbag,-1.0,₹2681.83,25.0,Cash on Delivery,app,Chandigarh,Punjab,17/06/25,cancelled ,,,,3.0
ORD101103,CUST0068,Customer_68,09-06-2025,ELECTRONICS,Power Bank,2.0,3899.37,25.0,upi,Web,Nagpur,Maharashtra,12 Jun 2025,RTO,size issue,6002.19,2025-06-19,
ORD102241,CUST0577,Customer_577,06/28/2025,fashion,Handbag,3.0,3104.84,120.0,Credit Card,Mobile App,Bangalore,Karnataka,03/07/25,Refunded,quality issue,,,5.0
ORD100152,CUST0533,Customer_533,20/01/25, Beauty,Hair Oil,1.0,3547.51,30.0,Debit Card,app,Chennai,Tamil Nadu,01/21/2025,RTO,Quality Not as Expected,2901.46,2025-01-27,
ORD100940,CUST0527,Customer_527,05/18/2025, Fashion,Women Kurti,1.0,157.13,20.0,Debit Card,App,Pune,Maharashtra,05/21/2025,Returned,Wrong Item Delivered,156.54,24/05/25,2.0
ORD100003,CUST0271,Customer_271,03/04/25,Electronics ,Power Bank,1.0,5842.73,-5.0,UPI,Web,Ahmedabad,Gujarat,04/15/2025,Returned,size issue,4884.66,2025-04-18,
ORD101551,CUST0531,Customer_531,03/03/2025,ELECTRONICS,Bluetooth Speaker,1.0,2365.79,20.0,UPI,Mobile App,Patna,Bihar,03/07/2025,Delivered,,,,3.0
ORD102778,CUST0035,Customer_35,2025-03-18,BEAUTY,Hair Oil,3.0,1419.02,20.0,UPI,Mobile App,Lucknow,Uttar Pradesh,,In Transit,,,,
ORD100769,CUST0053,Customer_53,2025-05-24,BEAUTY,Sunscreen,2.0,4711.1,30.0,UPI,app,Bhopal,Madhya Pradesh,02-06-2025,DELIVERED ,,,,
ORD102597,CUST0126,Customer_126,07 May 2025,Fashion ,Men Tshirt,2.0,5147.48,5.0,UPI,Web,Mumbai,Maharashtra,08 May 2025,Refunded,Product Damaged,8989.83,2025-05-11,5.0
ORD102096,CUST0101,Customer_101,31-01-2025,Sports,Yoga Mat,-1.0,4085.53,-5.0,UPI,Web,Kolkata,West Bengal,10 Feb 2025,DELIVERED ,,,,2.0
ORD101298,CUST0446,Customer_446,22 Jan 2025,Beauty ,Sunscreen,1.0,3483.77,30.0,Net Banking,App,Kochi,Kerala,25/01/25,Cancelled,,,,4.0
ORD100366,CUST0093,Customer_93,04/29/2025,Beauty ,Hair Oil,1.0,"2,689.52",25.0,Debit Card,WEB,Nagpur,Maharashtra,07/05/25,DELIVERED ,,,,
ORD102360,CUST0169,Customer_169,14 May 2025,Sports,Football,1.0,4021.33,120.0,Net Banking,Web,Kolkata,West Bengal,26/05/25,returned,,3582.11,01-06-2025,3.0
ORD102692,CUST0130,Customer_130,02/05/2025,Sports ,Cricket Bat,1.0,3144.55,-5.0,Debit Card,WEB,Jaipur,Rajasthan,10-02-2025,returned,Product Damaged,2492.77,13-02-2025,4.0
ORD101845,CUST0153,Customer_153,03/04/25,electronics,Mobile Cover,1.0,3262.87,15.0,Credit Card,app,Hyderabad,Telangana,04/06/2025,Refunded,,2954.0,,5.0
ORD102099,CUST0055,Customer_55,05/28/2025,FASHION,Men Tshirt,0.0,2928.15,50.0,Debit Card,Web,Jaipur,Rajasthan,04-06-2025,delivered,,,,
ORD100691,CUST0054,Customer_54,18-06-2025,fashion,Jeans,0.0,5977.5,50.0,upi,Mobile App,Mumbai,Maharashtra,,Cancelled,quality issue,,,4.0
ORD101338,CUST0176,Customer_176,01/05/25,ELECTRONICS,Power Bank,2.0,2616.31,5.0,Cash on Delivery,App,Pune,Maharashtra,,In Transit,,,,1.0
ORD101478,CUST0269,Customer_269,19 Jun 2025,home & kitchen,Bedsheet,3.0,2921.74,25.0,UPI,Web,Kolkata,West Bengal,24 Jun 2025,RTO,Damaged in transit,8600.5,04/07/25,
ORD101880,CUST0333,Customer_333,12/01/25, Home & Kitchen,Bedsheet,1.0,5178.68,20.0,Debit Card,WEB,Indore,MP,01/19/2025,Returned,Duplicate Order,,2025-01-25,2.0
ORD100515,CUST0252,Customer_252,03/26/2025,electronics,Smartwatch,3.0,998.48,0.0,UPI,WEB,Kochi,Kerala,04/05/2025,Refunded,Wrong Item Delivered,2570.62,,5.0
ORD100695,CUST0397,Customer_397,2025-05-01,HOME & KITCHEN,Storage Box,0.0,4932.67,10.0,UPI,Web,Mumbai,Maharashtra,02/05/25,RTO,Damaged in transit,4752.4,06-05-2025,2.0
ORD101583,CUST0078,Customer_78,2025-03-28,Electronics ,Mobile Cover,1.0,2488.06,25.0,Net Banking,Web,Indore,MP,04/03/2025,cancelled ,,,,5.0
ORD100770,CUST0022,Customer_22,02/22/2025,electronics,Smartwatch,1.0,3996.12,30.0,Net Banking,Mobile App,Ahmedabad,Gujarat,2025-02-24,Cancelled,,,,2.0
ORD102666,CUST0118,Customer_118,08/04/25,HOME & KITCHEN,Non-stick Pan,2.0,295.15,25.0,Credit Card,Web,Nagpur,Maharashtra,2025-04-13,cancelled ,,,,2.0
ORD101204,CUST0312,Customer_312,18/01/25,FASHION,Women Kurti,1.0,1905.5,25.0,Net Banking,WEB,Chennai,Tamil Nadu,29/01/25,Cancelled,,,,1.0
ORD101692,CUST0256,Customer_256,01/03/2025,electronics,Bluetooth Speaker,-1.0,2509.75,20.0,Debit Card,Mobile App,Indore,MP,13/01/25,cancelled ,,,,
ORD101626,CUST0135,Customer_135,07/05/25,Fashion ,Handbag,2.0,1294.65,120.0,UPI,app,Chennai,Tamil Nadu,05/08/2025,DELIVERED ,,,,
ORD100663,CUST0099,Customer_99,29/06/25,Sports ,Football,3.0,763.12,25.0,Net Banking,WEB,Surat,gujarat,07-07-2025,Returned,Changed Mind,1646.96,08/07/25,
ORD100556,CUST0288,Customer_288,2025-03-10,HOME & KITCHEN,Mixer Grinder,2.0,2124.56,25.0,Cash on Delivery,app,Jaipur,Rajasthan,11/03/25,RTO,Product Damaged,2996.39,,1.0
ORD102499,CUST0434,Customer_434,22-03-2025, Fashion,Women Kurti,1.0,3452.51,0.0,upi,App,Indore,MP,2025-04-02,returned,Not as described,3348.8,03-04-2025,
ORD101562,CUST0030,Customer_30,2025-06-23,ELECTRONICS,Power Bank,2.0,4112.73,-5.0,UPI,Mobile App,Bhopal,Madhya Pradesh,30 Jun 2025,DELIVERED ,,,,4.0
ORD100685,CUST0112,Customer_112,18 Jun 2025,sports,Football,-1.0,447.68,10.0,UPI,Web,Surat,gujarat,,In Transit,,,,3.0
ORD101750,CUST0012,Customer_12,2025-02-22,Fashion,Women Kurti,2.0,1248.09,15.0,UPI,App,Lucknow,Uttar Pradesh,25 Feb 2025,returned,,,26-02-2025,1.0
ORD100632,CUST0499,Customer_499,05 Apr 2025,Fashion ,Jeans,-1.0,497.0,120.0,Cash on Delivery,WEB,Jaipur,Rajasthan,07-04-2025,returned,Product Damaged,435.84,16-04-2025,
ORD101811,CUST0591,Customer_591,30-03-2025,fashion,Handbag,1.0,2856.63,5.0,Net Banking,App,Chennai,Tamil Nadu,04/03/2025,delivered,,,,
ORD100457,CUST0391,Customer_391,05/18/2025, Fashion,Sneakers,1.0,5676.73,10.0,Net Banking,Mobile App,Lucknow,Uttar Pradesh,05/29/2025,delivered,,,,
ORD101525,CUST0106,Customer_106,14 Mar 2025,FASHION,Women Kurti,2.0,3988.86,20.0,Debit Card,app,Mumbai,Maharashtra,,In Transit,,,,
ORD100527,CUST0486,Customer_486,2025-06-02,Beauty,Hair Oil,1.0,5850.07,0.0,COD,App,Chennai,Tamil Nadu,,Refunded,Size Issue,5090.61,16/06/25,3.0
ORD102217,CUST0038,Customer_38,06 Jun 2025,home & kitchen,Storage Box,1.0,3389.2,15.0,Credit Card,Mobile App,Kochi,Kerala,17-06-2025,RTO,quality issue,3364.39,06/19/2025,1.0
ORD101724,CUST0333,Customer_333,10-03-2025,Electronics ,Power Bank,2.0,1482.8,20.0,Cash on Delivery,WEB,Bengaluru,Karnataka,2025-03-22,Delivered,,,,
ORD100790,CUST0590,Customer_590,07-01-2025, Home & Kitchen,Mixer Grinder,3.0,5617.73,10.0,Cash on Delivery,Web,Bangalore,Karnataka,01/08/2025,RTO,Damaged in transit,15500.42,,4.0
ORD101603,CUST0133,Customer_133,02/05/2025,fashion,Handbag,-1.0,1082.14,50.0,UPI,App,Hyderabad,Telangana,2025-02-16,Refunded,Damaged in transit,990.42,17-02-2025,5.0
ORD101588,CUST0313,Customer_313,03/17/2025,fashion,Handbag,2.0,1817.74,25.0,Cash on Delivery,WEB,Lucknow,Uttar Pradesh,29 Mar 2025,delivered,,,,
ORD102744,CUST0356,Customer_356,26-03-2025,Home & Kitchen,Storage Box,1.0,3094.74,50.0,Credit Card,Web,Kochi,Kerala,03/28/2025,Returned,Changed Mind,,2025-04-02,5.0
ORD100431,CUST0041,Customer_41,19-05-2025,sports,Football,1.0,1489.71,15.0,Net Banking,app,Indore,MP,05/30/2025,Returned,Product Damaged,1045.5,06/01/2025,1.0
ORD100315,CUST0466,Customer_466,10-06-2025, Beauty,Lipstick,1.0,4770.67,0.0,COD,app,Ahmedabad,Gujarat,22-06-2025,cancelled ,,,,4.0
ORD100357,CUST0196,Customer_196,06/23/2025, Home & Kitchen,LED Bulb,-1.0,911.67,20.0,Debit Card,app,Mumbai,Maharashtra,06/26/2025,cancelled ,,,,
ORD100639,CUST0127,Customer_127,08/04/25, Beauty,Face Wash,2.0,2375.44,15.0,UPI,Web,Chandigarh,Punjab,10/04/25,delivered,,,,2.0
ORD101097,CUST0357,Customer_357,2025-04-12,Electronics ,Bluetooth Speaker,-1.0,498.07,50.0,Debit Card,Web,Ahmedabad,Gujarat,20/04/25,DELIVERED ,,,,5.0
ORD101303,CUST0194,Customer_194,11-01-2025,BEAUTY,Sunscreen,1.0,₹3858.83,10.0,Cash on Delivery,Web,Kolkata,West Bengal,01/22/2025,Refunded,quality issue,3191.42,01 Feb 2025,
ORD100673,CUST0057,Customer_57,2025-02-14,SPORTS,Yoga Mat,1.0,1946.65,120.0,COD,Web,Ahmedabad,Gujarat,,Delivered,,,,1.0
ORD100434,CUST0021,Customer_21,08 Apr 2025,Beauty,Perfume,2.0,3631.82,20.0,UPI,app,Patna,Bihar,16/04/25,returned,Product Damaged,5511.03,17-04-2025,
ORD102695,CUST0163,Customer_163,22 Mar 2025, Beauty,Hair Oil,3.0,2396.98,30.0,Cash on Delivery,App,Surat,gujarat,2025-03-29,cancelled ,,,,2.0
ORD102364,CUST0457,Customer_457,15/01/25,fashion,Handbag,1.0,4123.37,30.0,Cash on Delivery,App,Nagpur,Maharashtra,25-01-2025,cancelled ,,,,1.0
ORD101488,CUST0398,Customer_398,09 Mar 2025,Fashion,Jeans,-1.0,4230.29,25.0,upi,Mobile App,Kochi,Kerala,16/03/25,returned,Changed Mind,,2025-03-22,
ORD102129,CUST0581,Customer_581,20 Feb 2025,FASHION,Jeans,2.0,"3,675.97",30.0,Credit Card,WEB,Delhi,Delhi,2025-02-28,Delivered,,,,5.0
ORD101780,CUST0239,Customer_239,2025-01-22,BEAUTY,Perfume,1.0,5897.07,20.0,upi,WEB,Bangalore,Karnataka,,In Transit,,,,
ORD100143,CUST0028,Customer_28,07 May 2025,Home & Kitchen ,Non-stick Pan,2.0,"4,524.89",15.0,Net Banking,App,Nagpur,Maharashtra,11/05/25,delivered,,,,
ORD102064,CUST0405,Customer_405,10-06-2025, Home & Kitchen,Non-stick Pan,2.0,2842.94,120.0,Net Banking,Web,Bengaluru,Karnataka,21-06-2025,cancelled ,,,,
ORD101024,CUST0519,Customer_519,2025-01-03,Sports ,Dumbbells,1.0,2212.86,15.0,Debit Card,Web,Nagpur,Maharashtra,,In Transit,,,,5.0
ORD100100,CUST0038,Customer_38,04-06-2025,BEAUTY,Perfume,2.0,₹5278.95,-5.0,COD,Web,Chandigarh,Punjab,09/06/25,Cancelled,,,,
ORD102522,CUST0301,Customer_301,03/03/25,Fashion ,Men Tshirt,0.0,4624.67,120.0,Credit Card,app,Nagpur,Maharashtra,03/11/2025,Delivered,,,,
ORD101484,CUST0366,Customer_366,19/03/25, Home & Kitchen,Storage Box,0.0,1784.0,120.0,Credit Card,Mobile App,Bangalore,Karnataka,2025-03-31,cancelled ,,,,
ORD102370,CUST0136,Customer_136,20/02/25,fashion,Handbag,1.0,4339.7,0.0,COD,WEB,Kochi,Kerala,2025-02-24,Delivered,,,,
ORD102235,CUST0455,Customer_455,05/23/2025,Sports ,Dumbbells,3.0,5448.39,0.0,Debit Card,WEB,Delhi,Delhi,31/05/25,DELIVERED ,,,,4.0
ORD102750,CUST0559,Customer_559,06/20/2025,beauty,Lipstick,3.0,4008.56,20.0,Debit Card,app,Bengaluru,Karnataka,21/06/25,DELIVERED ,,,,4.0
ORD102010,CUST0115,Customer_115,04/20/2025,HOME & KITCHEN,Storage Box,2.0,644.16,0.0,Net Banking,Web,Lucknow,Uttar Pradesh,21/04/25,RTO,Size Issue,1002.62,25 Apr 2025,2.0
ORD101959,CUST0338,Customer_338,29-03-2025,Sports ,Yoga Mat,1.0,1716.46,0.0,Debit Card,WEB,Pune,Maharashtra,,In Transit,,,,4.0
ORD101141,CUST0069,Customer_69,01/05/2025,Home & Kitchen,Non-stick Pan,2.0,4426.87,5.0,upi,Mobile App,Bengaluru,Karnataka,,In Transit,,,,1.0
ORD101927,CUST0143,Customer_143,2025-02-12, Electronics,Power Bank,1.0,853.16,30.0,upi,Web,Chennai,Tamil Nadu,18 Feb 2025,Delivered,,,,2.0
ORD102410,CUST0033,Customer_33,26-05-2025,home & kitchen,Bedsheet,1.0,621.23,15.0,upi,WEB,Nagpur,Maharashtra,30/05/25,Delivered,,,,
ORD100975,CUST0403,Customer_403,2025-02-26, Home & Kitchen,LED Bulb,-1.0,1600.88,20.0,COD,Mobile App,Delhi,Delhi,2025-02-28,returned,Not as described,1482.25,2025-03-05,
ORD100718,CUST0383,Customer_383,2025-04-13,Home & Kitchen ,Storage Box,1.0,2026.16,-5.0,upi,Mobile App,Patna,Bihar,04/19/2025,Refunded,quality issue,1680.73,2025-04-22,
ORD100416,CUST0486,Customer_486,18 Feb 2025,Fashion ,Handbag,0.0,4376.69,25.0,Debit Card,Web,Mumbai,Maharashtra,22/02/25,cancelled ,,,,3.0
ORD102725,CUST0275,Customer_275,25-06-2025, Home & Kitchen,LED Bulb,2.0,630.32,10.0,upi,Mobile App,Chennai,Tamil Nadu,28/06/25,RTO,Size Issue,917.26,,3.0
ORD101160,CUST0137,Customer_137,05-02-2025, Beauty,Hair Oil,2.0,4020.28,-5.0,upi,app,Ahmedabad,Gujarat,10/02/25,Cancelled,,,,4.0
ORD101539,CUST0481,Customer_481,2025-03-31, Electronics,Headphones,3.0,314.25,10.0,UPI,App,Bangalore,Karnataka,04/08/2025,RTO,Size Issue,708.61,2025-04-16,
ORD102672,CUST0157,Customer_157,18/04/25, Electronics,Smartwatch,2.0,4152.64,50.0,COD,WEB,Ahmedabad,Gujarat,28 Apr 2025,Refunded,Duplicate Order,6276.93,05/05/2025,1.0
ORD101672,CUST0268,Customer_268,10-06-2025,Home & Kitchen ,Mixer Grinder,3.0,"5,979.62",10.0,Cash on Delivery,app,Mumbai,Maharashtra,21 Jun 2025,Refunded,Product Damaged,15920.71,,
ORD100768,CUST0272,Customer_272,21-04-2025,ELECTRONICS,Mobile Cover,1.0,1447.54,0.0,UPI,Mobile App,Bhopal,Madhya Pradesh,26/04/25,delivered,,,,5.0
ORD102015,CUST0365,Customer_365,05/31/2025,Electronics,Headphones,2.0,2113.93,120.0,upi,WEB,Pune,Maharashtra,11 Jun 2025,DELIVERED ,,,,5.0
ORD102208,CUST0245,Customer_245,2025-05-04,Fashion,Handbag,2.0,4802.84,25.0,Cash on Delivery,Mobile App,Jaipur,Rajasthan,08/05/25,Returned,Size Issue,6803.7,10 May 2025,3.0
ORD102277,CUST0242,Customer_242,31-01-2025, Electronics,Mobile Cover,1.0,5467.22,0.0,Credit Card,Mobile App,Patna,Bihar,01 Feb 2025,DELIVERED ,,,,2.0
ORD100692,CUST0482,Customer_482,2025-04-15,Beauty,Perfume,2.0,4226.61,30.0,COD,app,Hyderabad,Telangana,21/04/25,DELIVERED ,,,,
ORD102650,CUST0373,Customer_373,2025-04-01,Electronics,Smartwatch,-1.0,3638.42,120.0,Cash on Delivery,Web,Bhopal,Madhya Pradesh,04/06/2025,delivered,,,,
ORD100705,CUST0303,Customer_303,2025-03-18,Electronics ,Smartwatch,2.0,1602.12,0.0,UPI,app,Bhopal,Madhya Pradesh,21-03-2025,Returned,Changed Mind,3197.49,28/03/25,3.0
ORD101587,CUST0266,Customer_266,29-04-2025,electronics,Smartwatch,2.0,3437.54,50.0,upi,Mobile App,Jaipur,Rajasthan,11 May 2025,Delivered,,,,2.0
ORD102024,CUST0487,Customer_487,01/01/2025, Beauty,Face Wash,2.0,4010.39,20.0,Debit Card,Web,Hyderabad,Telangana,2025-01-13,cancelled ,,,,
ORD101722,CUST0324,Customer_324,01/19/2025, Home & Kitchen,Bedsheet,0.0,4718.7,15.0,Debit Card,Web,Hyderabad,Telangana,2025-01-23,returned,Late Delivery,3411.37,2025-01-31,1.0
ORD100387,CUST0291,Customer_291,04/05/25, Fashion,Women Kurti,1.0,865.62,30.0,COD,Mobile App,Indore,MP,2025-05-14,returned,Product Damaged,737.01,22 May 2025,3.0
ORD100848,CUST0236,Customer_236,2025-03-25,Sports,Dumbbells,2.0,917.1,5.0,COD,App,Jaipur,Rajasthan,,delivered,,,,
ORD100620,CUST0146,Customer_146,2025-03-04,FASHION,Sneakers,2.0,718.19,50.0,upi,app,Surat,gujarat,2025-03-09,Cancelled,,,,1.0
ORD101674,CUST0362,Customer_362,04/02/2025,HOME & KITCHEN,Mixer Grinder,0.0,1369.61,-5.0,UPI,app,Mumbai,Maharashtra,2025-04-11,delivered,,,,2.0
ORD100825,CUST0056,Customer_56,2025-01-13,BEAUTY,Perfume,2.0,5250.27,10.0,COD,WEB,Patna,Bihar,24-01-2025,Returned,Not as described,7861.69,02/01/2025,
ORD101941,CUST0027,Customer_27,19 Feb 2025,Sports,Cricket Bat,3.0,4112.72,25.0,COD,WEB,Hyderabad,Telangana,2025-02-20,Returned,Damaged in transit,,02 Mar 2025,
ORD102676,CUST0196,Customer_196,01/21/2025,electronics,Smartwatch,0.0,4459.75,5.0,Credit Card,Mobile App,Bengaluru,Karnataka,24-01-2025,Delivered,,,,
ORD102029,CUST0355,Customer_355,2025-06-25, Beauty,Lipstick,-1.0,3102.11,0.0,Credit Card,Web,Chandigarh,Punjab,02 Jul 2025,Returned,Size Issue,2540.78,06-07-2025,
ORD100445,CUST0488,Customer_488,03-06-2025,Electronics ,Smartwatch,0.0,679.08,-5.0,Cash on Delivery,WEB,Kochi,Kerala,10 Jun 2025,Cancelled,,,,4.0
ORD101806,CUST0553,Customer_553,27-05-2025,Beauty,Lipstick,1.0,876.57,5.0,Cash on Delivery,app,Bangalore,Karnataka,02 Jun 2025,returned,,794.69,,2.0
ORD101287,CUST0594,Customer_594,18-04-2025,ELECTRONICS,Bluetooth Speaker,1.0,2833.13,15.0,UPI,app,Delhi,Delhi,24/04/25,delivered,,,,2.0
ORD102016,CUST0248,Customer_248,05/24/2025,home & kitchen,Bedsheet,1.0,5533.84,15.0,Debit Card,app,Ahmedabad,Gujarat,05/29/2025,cancelled ,,,,2.0
ORD102034,CUST0596,Customer_596,06 Jun 2025, Beauty,Face Wash,1.0,"4,298.22",-5.0,COD,WEB,Chandigarh,Punjab,09 Jun 2025,Cancelled,,,,1.0
ORD102397,CUST0087,Customer_87,01 May 2025,Beauty ,Face Wash,1.0,₹2788.04,50.0,UPI,WEB,Hyderabad,Telangana,05-05-2025,RTO,Wrong Item Delivered,2414.61,,5.0
ORD102140,CUST0433,Customer_433,26-02-2025,Beauty,Hair Oil,3.0,5543.12,20.0,Cash on Delivery,Web,Mumbai,Maharashtra,,In Transit,,,,3.0
ORD100702,CUST0350,Customer_350,03/25/2025,home & kitchen,Non-stick Pan,0.0,519.28,15.0,Net Banking,app,Kolkata,West Bengal,05 Apr 2025,Cancelled,,,,
ORD102720,CUST0143,Customer_143,13-01-2025,ELECTRONICS,Smartwatch,0.0,4342.12,120.0,UPI,App,Chandigarh,Punjab,15/01/25,DELIVERED ,,,,5.0
ORD100375,CUST0215,Customer_215,09-01-2025,Sports,Yoga Mat,3.0,5303.3,120.0,Net Banking,Web,Delhi,Delhi,01/16/2025,Cancelled,,,,
ORD100225,CUST0405,Customer_405,24/05/25,BEAUTY,Sunscreen,1.0,4461.01,20.0,Net Banking,Web,Chennai,Tamil Nadu,2025-05-30,Cancelled,,,,
ORD100562,CUST0541,Customer_541,03/26/2025, Electronics,Mobile Cover,0.0,2004.1,15.0,COD,WEB,Chennai,Tamil Nadu,30-03-2025,Cancelled,,,,
ORD102714,CUST0213,Customer_213,2025-03-12,Home & Kitchen,Mixer Grinder,0.0,2961.18,5.0,Debit Card,WEB,Surat,gujarat,,In Transit,,,,4.0
ORD101319,CUST0329,Customer_329,28-03-2025,ELECTRONICS,Power Bank,1.0,5700.03,30.0,Cash on Delivery,WEB,Delhi,Delhi,01/04/25,Refunded,Product Damaged,4132.6,,
ORD100072,CUST0345,Customer_345,12 Feb 2025,Sports ,Dumbbells,-1.0,1052.38,-5.0,Net Banking,app,Surat,gujarat,02/19/2025,Delivered,,,,
ORD101455,CUST0488,Customer_488,2025-02-28,Home & Kitchen ,Mixer Grinder,3.0,1266.63,15.0,Credit Card,Web,Pune,Maharashtra,06 Mar 2025,Delivered,,,,
ORD102022,CUST0459,Customer_459,2025-04-21,electronics,Power Bank,1.0,5111.76,10.0,Net Banking,WEB,Bengaluru,Karnataka,27/04/25,returned,,4695.25,29/04/25,2.0
ORD100007,CUST0004,Customer_4,02/20/2025,HOME & KITCHEN,Storage Box,1.0,5242.53,-5.0,Net Banking,app,Mumbai,Maharashtra,23/02/25,Cancelled,,,,2.0
ORD100667,CUST0142,Customer_142,01/24/2025,Home & Kitchen,Non-stick Pan,2.0,2227.67,50.0,Debit Card,WEB,Nagpur,Maharashtra,2025-01-31,returned,,,10-02-2025,1.0
ORD101550,CUST0249,Customer_249,04/13/2025, Beauty,Hair Oil,1.0,5538.56,120.0,UPI,WEB,Surat,gujarat,25-04-2025,DELIVERED ,,,,5.0
ORD100960,CUST0174,Customer_174,04 Apr 2025,FASHION,Sneakers,2.0,5377.69,20.0,COD,App,Bhopal,Madhya Pradesh,04/10/2025,Returned,Late Delivery,7640.92,11/04/25,
ORD102085,CUST0273,Customer_273,2025-04-09,Home & Kitchen ,Storage Box,2.0,₹267.09,20.0,Cash on Delivery,Mobile App,Chennai,Tamil Nadu,,In Transit,,,,5.0
ORD100451,CUST0173,Customer_173,01 Jun 2025,electronics,Headphones,0.0,1200.85,25.0,UPI,Web,Pune,Maharashtra,06/12/2025,DELIVERED ,,,,5.0
ORD102207,CUST0372,Customer_372,21-02-2025,Electronics,Bluetooth Speaker,2.0,1444.83,50.0,Debit Card,App,Patna,Bihar,24-02-2025,RTO,Duplicate Order,2315.75,03 Mar 2025,
ORD100401,CUST0077,Customer_77,21-04-2025,FASHION,Women Kurti,3.0,1968.21,50.0,UPI,WEB,Chennai,Tamil Nadu,2025-05-02,RTO,Damaged in transit,5607.95,05/11/2025,2.0
ORD100638,CUST0131,Customer_131,03/19/2025,Sports,Cricket Bat,3.0,5242.75,15.0,UPI,Web,Lucknow,Uttar Pradesh,03/24/2025,cancelled ,,,,
ORD101584,CUST0238,Customer_238,2025-06-11,Beauty,Perfume,2.0,4870.69,20.0,Cash on Delivery,WEB,Bhopal,Madhya Pradesh,2025-06-17,returned,Size Issue,,19-06-2025,
ORD100878,CUST0521,Customer_521,2025-04-26,Electronics ,Headphones,-1.0,5380.86,5.0,Net Banking,WEB,Chennai,Tamil Nadu,,In Transit,,,,
ORD102657,CUST0546,Customer_546,21 Jun 2025,home & kitchen,Storage Box,2.0,557.15,0.0,Cash on Delivery,WEB,Kolkata,West Bengal,23/06/25,Cancelled,,,,
ORD101390,CUST0158,Customer_158,18 Mar 2025,FASHION,Jeans,1.0,2705.22,120.0,Net Banking,WEB,Mumbai,Maharashtra,25/03/25,Refunded,Wrong Item Delivered,2341.37,2025-03-30,
ORD102490,CUST0169,Customer_169,30/03/25, Beauty,Hair Oil,1.0,727.13,-5.0,Debit Card,WEB,Indore,MP,2025-04-10,DELIVERED ,,,,3.0
ORD100872,CUST0142,Customer_142,26/03/25,Beauty,Face Wash,1.0,5881.96,20.0,Net Banking,WEB,Surat,gujarat,28-03-2025,Delivered,,,,2.0
ORD101006,CUST0358,Customer_358,14 Apr 2025,Fashion ,Sneakers,1.0,3240.88,0.0,Cash on Delivery,app,Bhopal,Madhya Pradesh,21-04-2025,Refunded,Not as described,2885.81,30-04-2025,5.0
ORD100713,CUST0318,Customer_318,28 Apr 2025,ELECTRONICS,Smartwatch,3.0,1357.16,25.0,Net Banking,app,Kochi,Kerala,01 May 2025,RTO,,3897.25,11-05-2025,1.0
ORD100326,CUST0068,Customer_68,29/04/25,Sports,Football,1.0,2545.34,120.0,Net Banking,WEB,Ahmedabad,Gujarat,03 May 2025,DELIVERED ,,,,5.0
ORD100843,CUST0204,Customer_204,23 Feb 2025,Sports ,Cricket Bat,2.0,₹1724.43,25.0,Debit Card,app,Delhi,Delhi,25 Feb 2025,returned,Damaged in transit,,03/03/25,4.0
ORD100126,CUST0460,Customer_460,20-05-2025,Sports ,Football,-1.0,3276.05,30.0,UPI,Web,Nagpur,Maharashtra,01/06/25,Cancelled,,,,
ORD101349,CUST0096,Customer_96,23-06-2025,Sports,Cricket Bat,1.0,3806.91,-5.0,Debit Card,Web,Bengaluru,Karnataka,2025-06-27,RTO,Wrong Item Delivered,,30/06/25,4.0
ORD101222,CUST0056,Customer_56,12/03/25,SPORTS,Cricket Bat,-1.0,4539.57,15.0,Net Banking,WEB,Bangalore,Karnataka,,In Transit,,,,
ORD102117,CUST0548,Customer_548,23/06/25, Fashion,Women Kurti,0.0,5482.81,120.0,Net Banking,Mobile App,Lucknow,Uttar Pradesh,26-06-2025,delivered,,,,5.0
ORD101086,CUST0222,Customer_222,17-03-2025,electronics,Power Bank,2.0,5875.4,50.0,COD,App,Bangalore,Karnataka,26 Mar 2025,returned,Product Damaged,9397.11,02/04/25,
ORD100119,CUST0394,Customer_394,04/06/25,Fashion ,Men Tshirt,3.0,464.12,25.0,upi,app,Mumbai,Maharashtra,2025-06-11,RTO,,1179.58,18 Jun 2025,3.0
ORD101068,CUST0522,Customer_522,12-03-2025, Beauty,Perfume,3.0,5601.51,10.0,COD,Mobile App,Kochi,Kerala,20 Mar 2025,RTO,Wrong Item Delivered,13242.57,03/22/2025,1.0
ORD101556,CUST0443,Customer_443,20 May 2025, Beauty,Sunscreen,2.0,891.64,50.0,COD,Web,Bangalore,Karnataka,2025-05-27,DELIVERED ,,,,
ORD102697,CUST0141,Customer_141,2025-02-18, Home & Kitchen,Bedsheet,1.0,2194.22,15.0,UPI,Mobile App,Kochi,Kerala,2025-03-01,RTO,quality issue,,03/10/2025,1.0
ORD101820,CUST0189,Customer_189,20 Feb 2025,Fashion,Jeans,2.0,2130.29,25.0,Debit Card,App,Pune,Maharashtra,24 Feb 2025,DELIVERED ,,,,
ORD100719,CUST0478,Customer_478,2025-06-03,BEAUTY,Sunscreen,1.0,2159.2,10.0,Cash on Delivery,Mobile App,Bangalore,Karnataka,,In Transit,,,,4.0
ORD101770,CUST0400,Customer_400,23 Feb 2025, Home & Kitchen,Storage Box,1.0,5767.65,25.0,upi,app,Lucknow,Uttar Pradesh,05/03/25,Refunded,Duplicate Order,4073.17,,2.0
ORD102665,CUST0209,Customer_209,30 Apr 2025,Fashion ,Sneakers,0.0,159.97,15.0,COD,App,Hyderabad,Telangana,2025-05-09,Cancelled,,,,1.0
ORD100441,CUST0346,Customer_346,03 Apr 2025,sports,Football,3.0,4138.88,15.0,Cash on Delivery,app,Lucknow,Uttar Pradesh,,cancelled ,,,,1.0
ORD100846,CUST0412,Customer_412,10 May 2025,fashion,Women Kurti,-1.0,2584.09,-5.0,Credit Card,WEB,Bangalore,Karnataka,2025-05-19,Refunded,,2070.34,24/05/25,
ORD102620,CUST0541,Customer_541,11-03-2025,sports,Football,2.0,3737.57,20.0,Debit Card,WEB,Lucknow,Uttar Pradesh,15 Mar 2025,RTO,size issue,5651.39,2025-03-16,5.0
ORD101831,CUST0036,Customer_36,19 Jun 2025,Electronics ,Smartwatch,3.0,3685.71,5.0,UPI,App,Mumbai,Maharashtra,30/06/25,Refunded,,,02 Jul 2025,
ORD101581,CUST0101,Customer_101,03/30/2025, Beauty,Lipstick,1.0,912.08,25.0,Debit Card,app,Delhi,Delhi,07-04-2025,RTO,Late Delivery,778.79,,5.0
ORD102441,CUST0591,Customer_591,03/11/2025,beauty,Face Wash,-1.0,2218.83,15.0,Credit Card,App,Ahmedabad,Gujarat,12-03-2025,DELIVERED ,,,,1.0
ORD102500,CUST0503,Customer_503,13-02-2025,HOME & KITCHEN,Storage Box,2.0,5479.82,20.0,Debit Card,App,Chandigarh,Punjab,25-02-2025,Delivered,,,,3.0
ORD102466,CUST0012,Customer_12,08 Apr 2025,HOME & KITCHEN,LED Bulb,2.0,₹2798.15,15.0,UPI,WEB,Patna,Bihar,2025-04-11,delivered,,,,
ORD101848,CUST0095,Customer_95,24 Feb 2025,HOME & KITCHEN,Bedsheet,2.0,5311.1,30.0,Credit Card,app,Hyderabad,Telangana,03/05/2025,DELIVERED ,,,,5.0
ORD101647,CUST0019,Customer_19,01 Jan 2025, Fashion,Sneakers,-1.0,5178.83,0.0,UPI,Web,Bengaluru,Karnataka,13/01/25,cancelled ,,,,3.0
ORD102404,CUST0306,Customer_306,12-05-2025,Beauty,Perfume,-1.0,3419.05,30.0,Cash on Delivery,app,Mumbai,Maharashtra,13-05-2025,Returned,Duplicate Order,2670.37,14-05-2025,4.0
ORD102717,CUST0136,Customer_136,09-06-2025,Electronics,Bluetooth Speaker,2.0,4316.91,50.0,upi,Mobile App,Bhopal,Madhya Pradesh,,In Transit,,,,2.0
ORD100227,CUST0494,Customer_494,22 Mar 2025,Electronics,Bluetooth Speaker,-1.0,3856.92,15.0,Debit Card,App,Chennai,Tamil Nadu,2025-03-31,Cancelled,,,,
ORD102386,CUST0338,Customer_338,03 May 2025,SPORTS,Football,0.0,3193.67,50.0,Debit Card,WEB,Chennai,Tamil Nadu,05/09/2025,cancelled ,,,,5.0
ORD100583,CUST0171,Customer_171,05/05/2025,Fashion,Sneakers,1.0,5330.19,120.0,UPI,WEB,Ahmedabad,Gujarat,,In Transit,,,,5.0
ORD102315,CUST0403,Customer_403,26 Jun 2025,beauty,Lipstick,2.0,4719.44,50.0,COD,WEB,Ahmedabad,Gujarat,01 Jul 2025,DELIVERED ,,,,1.0
ORD102513,CUST0145,Customer_145,03/20/2025, Home & Kitchen,LED Bulb,1.0,4003.47,20.0,Net Banking,app,Chennai,Tamil Nadu,28 Mar 2025,delivered,,,,5.0
ORD102137,CUST0499,Customer_499,09-05-2025,sports,Yoga Mat,1.0,2311.49,25.0,Credit Card,app,Bengaluru,Karnataka,18 May 2025,cancelled ,,,,
ORD102123,CUST0006,Customer_6,01/01/25,Home & Kitchen,Bedsheet,2.0,4254.14,30.0,COD,app,Pune,Maharashtra,13 Jan 2025,RTO,Not as described,7699.76,23-01-2025,5.0
ORD100537,CUST0210,Customer_210,2025-03-19,Sports ,Dumbbells,0.0,947.96,10.0,UPI,App,Delhi,Delhi,03/27/2025,Delivered,,,,2.0
ORD101600,CUST0511,Customer_511,02/03/2025,beauty,Sunscreen,1.0,5175.76,25.0,Net Banking,Web,Indore,MP,02/06/2025,Delivered,,,,3.0
ORD101326,CUST0024,Customer_24,03 Jan 2025,Home & Kitchen,Non-stick Pan,2.0,"4,237.68",50.0,Cash on Delivery,App,Lucknow,Uttar Pradesh,10/01/25,delivered,,,,
ORD101809,CUST0253,Customer_253,23-01-2025,Fashion,Handbag,0.0,292.99,15.0,Credit Card,Web,Kochi,Kerala,24-01-2025,RTO,Duplicate Order,265.69,27 Jan 2025,
ORD102058,CUST0531,Customer_531,04/02/2025, Home & Kitchen,Storage Box,0.0,₹1721.69,-5.0,Net Banking,app,Pune,Maharashtra,2025-04-03,RTO,Changed Mind,1284.29,,5.0
ORD101470,CUST0285,Customer_285,12/05/25,Electronics ,Power Bank,-1.0,1987.44,10.0,Net Banking,WEB,Chandigarh,Punjab,24-05-2025,Refunded,Product Damaged,,,
ORD101236,CUST0089,Customer_89,2025-02-04,BEAUTY,Face Wash,1.0,4728.74,0.0,Net Banking,App,Chandigarh,Punjab,02/15/2025,Refunded,Wrong Item Delivered,,,
ORD100027,CUST0552,Customer_552,21 Jun 2025,SPORTS,Skipping Rope,0.0,"1,433.62",25.0,UPI,WEB,Kochi,Kerala,29/06/25,DELIVERED ,,,,1.0
ORD101771,CUST0023,Customer_23,04 Jun 2025, Home & Kitchen,Mixer Grinder,1.0,5179.29,15.0,Credit Card,app,Chennai,Tamil Nadu,06-06-2025,Delivered,,,,
ORD101124,CUST0323,Customer_323,15/06/25,home & kitchen,Mixer Grinder,1.0,963.14,20.0,upi,WEB,Indore,MP,27/06/25,cancelled ,,,,
ORD100700,CUST0098,Customer_98,19/03/25, Electronics,Power Bank,1.0,1734.71,10.0,COD,WEB,Patna,Bihar,23/03/25,returned,Product Damaged,1560.78,25-03-2025,
ORD101378,CUST0329,Customer_329,23-01-2025,FASHION,Men Tshirt,1.0,4879.53,120.0,Net Banking,Mobile App,Lucknow,Uttar Pradesh,02 Feb 2025,Delivered,,,,
ORD100001,CUST0115,Customer_115,23/01/25,ELECTRONICS,Bluetooth Speaker,2.0,966.3,120.0,Credit Card,Mobile App,Hyderabad,Telangana,,cancelled ,,,,4.0
ORD101194,CUST0216,Customer_216,2025-05-29,Beauty,Sunscreen,3.0,3561.64,120.0,COD,Mobile App,Bangalore,Karnataka,07 Jun 2025,Cancelled,,,,5.0
ORD101978,CUST0501,Customer_501,25 May 2025,home & kitchen,Storage Box,1.0,1632.14,0.0,UPI,App,Chandigarh,Punjab,27-05-2025,Refunded,,1602.8,06/04/2025,5.0
ORD100061,CUST0386,Customer_386,02-06-2025,beauty,Perfume,1.0,2314.81,-5.0,upi,App,Pune,Maharashtra,05/06/25,Delivered,,,,
ORD101876,CUST0174,Customer_174,18/01/25,Home & Kitchen ,Non-stick Pan,-1.0,3048.76,0.0,Cash on Delivery,App,Lucknow,Uttar Pradesh,26/01/25,RTO,size issue,2409.67,27/01/25,4.0
ORD102594,CUST0302,Customer_302,05/19/2025,FASHION,Handbag,1.0,355.12,20.0,Cash on Delivery,app,Patna,Bihar,31-05-2025,delivered,,,,
ORD102618,CUST0066,Customer_66,2025-01-18,Beauty,Lipstick,-1.0,3530.75,10.0,Credit Card,Mobile App,Indore,MP,21/01/25,Cancelled,,,,4.0
ORD101241,CUST0444,Customer_444,17 Feb 2025, Beauty,Hair Oil,2.0,2288.88,10.0,Cash on Delivery,app,Bengaluru,Karnataka,25 Feb 2025,delivered,,,,1.0
ORD102317,CUST0518,Customer_518,2025-05-03,ELECTRONICS,Bluetooth Speaker,1.0,"4,116.05",-5.0,Cash on Delivery,Web,Kochi,Kerala,07 May 2025,Refunded,Late Delivery,3348.18,2025-05-13,
ORD100750,CUST0151,Customer_151,06 Mar 2025,BEAUTY,Sunscreen,2.0,2468.71,50.0,COD,Web,Hyderabad,Telangana,2025-03-14,cancelled ,,,,1.0
ORD100581,CUST0098,Customer_98,14/05/25,SPORTS,Dumbbells,0.0,3621.45,50.0,Debit Card,app,Bhopal,Madhya Pradesh,2025-05-15,Returned,Product Damaged,,25 May 2025,1.0
ORD100420,CUST0134,Customer_134,09 May 2025, Fashion,Jeans,0.0,1078.87,15.0,COD,App,Bengaluru,Karnataka,,returned,quality issue,835.1,23 May 2025,
ORD101165,CUST0328,Customer_328,14/06/25,Beauty,Sunscreen,3.0,4377.69,5.0,Net Banking,Web,Indore,MP,2025-06-23,RTO,quality issue,12680.67,2025-06-27,
ORD101446,CUST0203,Customer_203,03 Apr 2025,Home & Kitchen ,LED Bulb,0.0,3185.52,30.0,Net Banking,App,Chennai,Tamil Nadu,2025-04-09,delivered,,,,1.0
ORD101491,CUST0259,Customer_259,05/12/2025,Sports,Skipping Rope,1.0,"5,693.22",120.0,Cash on Delivery,Mobile App,Pune,Maharashtra,21 May 2025,Returned,quality issue,4321.11,23-05-2025,5.0
ORD100644,CUST0229,Customer_229,04/23/2025,Electronics,Power Bank,1.0,5817.07,120.0,COD,app,Patna,Bihar,,RTO,Product Damaged,5014.29,06 May 2025,
ORD100242,CUST0186,Customer_186,05-03-2025, Fashion,Jeans,1.0,863.48,50.0,upi,Web,Chandigarh,Punjab,13-03-2025,Returned,Changed Mind,853.43,16-03-2025,2.0
ORD102461,CUST0481,Customer_481,15-06-2025,HOME & KITCHEN,LED Bulb,1.0,998.98,10.0,upi,Mobile App,Nagpur,Maharashtra,23/06/25,RTO,Size Issue,776.42,2025-07-01,2.0
ORD100132,CUST0429,Customer_429,05/23/2025,Sports ,Dumbbells,-1.0,2624.78,10.0,Net Banking,App,Surat,gujarat,2025-05-28,Refunded,Quality Not as Expected,2218.94,,
ORD100378,CUST0252,Customer_252,06/11/2025,beauty,Hair Oil,1.0,648.62,25.0,Cash on Delivery,WEB,Bengaluru,Karnataka,06/20/2025,DELIVERED ,,,,
ORD100652,CUST0199,Customer_199,05/30/2025,Fashion,Jeans,2.0,5785.64,5.0,UPI,App,Jaipur,Rajasthan,2025-06-07,Returned,Late Delivery,8456.1,06/15/2025,
ORD100195,CUST0109,Customer_109,06/06/2025, Electronics,Smartwatch,1.0,4957.76,20.0,COD,Web,Hyderabad,Telangana,08 Jun 2025,Returned,,4596.56,,2.0
ORD102069,CUST0557,Customer_557,2025-02-13,ELECTRONICS,Headphones,2.0,2755.52,30.0,UPI,App,Patna,Bihar,19 Feb 2025,Cancelled,,,,4.0
ORD102703,CUST0099,Customer_99,10/01/25,fashion,Jeans,1.0,4800.31,25.0,COD,Web,Jaipur,Rajasthan,16-01-2025,Refunded,Wrong Item Delivered,4545.51,,
ORD100329,CUST0150,Customer_150,2025-01-13,HOME & KITCHEN,Bedsheet,3.0,1105.36,25.0,Credit Card,Web,Chandigarh,Punjab,22-01-2025,returned,,,2025-01-31,
ORD100171,CUST0283,Customer_283,26-01-2025,Sports,Football,-1.0,808.24,-5.0,COD,app,Lucknow,Uttar Pradesh,28/01/25,RTO,quality issue,704.47,2025-01-31,
ORD102196,CUST0073,Customer_73,29 Jun 2025,Beauty ,Lipstick,-1.0,236.05,25.0,Debit Card,WEB,Mumbai,Maharashtra,06/30/2025,delivered,,,,
ORD101922,CUST0078,Customer_78,12-01-2025,Electronics ,Headphones,2.0,3233.23,30.0,Net Banking,App,Bhopal,Madhya Pradesh,2025-01-19,DELIVERED ,,,,
ORD100922,CUST0071,Customer_71,03/28/2025,BEAUTY,Hair Oil,3.0,2711.42,15.0,COD,App,Kochi,Kerala,2025-04-06,cancelled ,,,,
ORD100659,CUST0392,Customer_392,2025-02-13, Fashion,Jeans,3.0,2121.46,10.0,upi,Mobile App,Chandigarh,Punjab,2025-02-15,Delivered,,,,3.0
ORD100220,CUST0436,Customer_436,2025-04-15, Fashion,Jeans,2.0,5474.0,120.0,UPI,Mobile App,Chandigarh,Punjab,16-04-2025,Returned,Size Issue,8338.28,2025-04-23,2.0
ORD101435,CUST0421,Customer_421,21/05/25,home & kitchen,Non-stick Pan,3.0,4834.18,30.0,Credit Card,Mobile App,Pune,Maharashtra,05/30/2025,Refunded,Product Damaged,11235.58,,
ORD102616,CUST0549,Customer_549,17-06-2025,sports,Cricket Bat,1.0,1258.78,25.0,UPI,Web,Hyderabad,Telangana,06/24/2025,Refunded,Late Delivery,,30/06/25,1.0
ORD100743,CUST0237,Customer_237,26-04-2025, Beauty,Sunscreen,1.0,4165.98,5.0,COD,WEB,Mumbai,Maharashtra,06 May 2025,cancelled ,,,,
ORD100747,CUST0009,Customer_9,13 Jan 2025,home & kitchen,Non-stick Pan,1.0,3080.34,10.0,Net Banking,app,Lucknow,Uttar Pradesh,16/01/25,DELIVERED ,,,,
ORD101546,CUST0508,Customer_508,04/05/25,fashion,Men Tshirt,3.0,1884.56,120.0,COD,app,Ahmedabad,Gujarat,16-05-2025,delivered,,,,5.0
ORD100427,CUST0331,Customer_331,24-02-2025,Sports ,Dumbbells,2.0,5615.82,15.0,UPI,WEB,Jaipur,Rajasthan,02 Mar 2025,Cancelled,,,,4.0
ORD101553,CUST0327,Customer_327,17-03-2025,Home & Kitchen ,LED Bulb,3.0,3154.56,25.0,upi,Mobile App,Kochi,Kerala,,In Transit,,,,3.0
ORD100751,CUST0252,Customer_252,20/01/25,fashion,Men Tshirt,3.0,460.75,30.0,UPI,WEB,Patna,Bihar,26/01/25,returned,size issue,1047.81,29-01-2025,2.0
ORD102177,CUST0182,Customer_182,26 May 2025,Beauty ,Hair Oil,1.0,5642.05,0.0,UPI,App,Lucknow,Uttar Pradesh,2025-06-01,delivered,,,,4.0
ORD102493,CUST0287,Customer_287,2025-02-05,Home & Kitchen,Mixer Grinder,3.0,₹3577.5,-5.0,COD,app,Bangalore,Karnataka,2025-02-14,cancelled ,,,,
ORD101743,CUST0264,Customer_264,28-03-2025,sports,Cricket Bat,2.0,4527.28,25.0,Debit Card,app,Nagpur,Maharashtra,2025-04-01,Returned,size issue,6903.66,03-04-2025,1.0
ORD101239,CUST0069,Customer_69,21-03-2025,beauty,Sunscreen,3.0,2122.24,50.0,upi,App,Patna,Bihar,2025-03-24,Delivered,,,,
ORD101676,CUST0210,Customer_210,15-05-2025,SPORTS,Skipping Rope,2.0,5011.51,15.0,Cash on Delivery,Web,Bengaluru,Karnataka,17 May 2025,Cancelled,,,,3.0
ORD100758,CUST0122,Customer_122,2025-03-02, Home & Kitchen,Non-stick Pan,0.0,5577.84,30.0,Net Banking,app,Bangalore,Karnataka,2025-03-12,Returned,Not as described,4043.17,,1.0
ORD101402,CUST0105,Customer_105,06-06-2025,Home & Kitchen ,Bedsheet,1.0,5711.88,20.0,Cash on Delivery,App,Ahmedabad,Gujarat,06/13/2025,Refunded,Quality Not as Expected,5015.73,14-06-2025,2.0
ORD101040,CUST0277,Customer_277,04 Feb 2025,Home & Kitchen,LED Bulb,2.0,5012.28,50.0,upi,WEB,Mumbai,Maharashtra,02/12/2025,delivered,,,,2.0
ORD101217,CUST0251,Customer_251,02/17/2025,electronics,Bluetooth Speaker,1.0,4284.36,0.0,upi,app,Jaipur,Rajasthan,20 Feb 2025,Delivered,,,,1.0
ORD100730,CUST0012,Customer_12,03/19/2025,Home & Kitchen ,Mixer Grinder,1.0,809.6,0.0,upi,WEB,Hyderabad,Telangana,03/23/2025,Cancelled,,,,4.0
ORD100597,CUST0358,Customer_358,23 Feb 2025,SPORTS,Football,1.0,5705.54,-5.0,Debit Card,Mobile App,Hyderabad,Telangana,2025-03-06,Cancelled,,,,5.0
ORD100362,CUST0469,Customer_469,2025-05-11,BEAUTY,Face Wash,1.0,2195.19,10.0,Net Banking,Mobile App,Mumbai,Maharashtra,22/05/25,RTO,Product Damaged,1587.23,2025-05-24,1.0
ORD100296,CUST0280,Customer_280,22/06/25,home & kitchen,LED Bulb,1.0,1643.76,15.0,Net Banking,App,Jaipur,Rajasthan,07/01/2025,Returned,Duplicate Order,,,
ORD100665,CUST0552,Customer_552,02/01/25,HOME & KITCHEN,LED Bulb,-1.0,993.76,25.0,Cash on Delivery,App,Delhi,Delhi,14/01/25,Delivered,,,,
ORD101832,CUST0351,Customer_351,04-05-2025,fashion,Women Kurti,2.0,3248.16,120.0,COD,Mobile App,Ahmedabad,Gujarat,06 May 2025,Cancelled,,,,
ORD101797,CUST0410,Customer_410,2025-05-24, Home & Kitchen,Bedsheet,-1.0,2495.09,0.0,Net Banking,WEB,Bengaluru,Karnataka,2025-05-25,DELIVERED ,,,,
ORD100633,CUST0252,Customer_252,2025-01-18,Home & Kitchen ,Storage Box,2.0,3406.55,10.0,Debit Card,WEB,Bangalore,Karnataka,01/26/2025,Cancelled,,,,
ORD101937,CUST0041,Customer_41,28 May 2025, Sports,Football,1.0,3678.45,25.0,upi,Web,Pune,Maharashtra,01-06-2025,Refunded,,2598.35,08/06/25,2.0
ORD100548,CUST0064,Customer_64,21/01/25,Fashion,Sneakers,1.0,2173.2,-5.0,UPI,WEB,Delhi,Delhi,24-01-2025,Refunded,Late Delivery,1749.59,28-01-2025,1.0
ORD100271,CUST0051,Customer_51,2025-03-18,Fashion,Women Kurti,3.0,364.82,-5.0,upi,app,Bangalore,Karnataka,03/19/2025,delivered,,,,3.0
ORD100302,CUST0375,Customer_375,11 Jan 2025,Sports,Cricket Bat,0.0,4598.65,120.0,COD,App,Lucknow,Uttar Pradesh,16-01-2025,Returned,Duplicate Order,3480.44,,1.0
ORD100728,CUST0022,Customer_22,23 May 2025,Sports ,Cricket Bat,1.0,₹2598.95,30.0,COD,Mobile App,Patna,Bihar,2025-05-25,delivered,,,,3.0
ORD102226,CUST0191,Customer_191,12-01-2025,FASHION,Sneakers,0.0,1614.56,120.0,Debit Card,App,Hyderabad,Telangana,2025-01-14,Returned,Damaged in transit,1456.64,21/01/25,3.0
ORD101383,CUST0132,Customer_132,03/27/2025,Home & Kitchen ,Non-stick Pan,0.0,5644.76,20.0,upi,Web,Mumbai,Maharashtra,02/04/25,Delivered,,,,
ORD100604,CUST0046,Customer_46,21 Mar 2025, Fashion,Jeans,1.0,2136.58,20.0,Credit Card,WEB,Bangalore,Karnataka,22 Mar 2025,Refunded,Duplicate Order,1563.83,28-03-2025,
ORD101527,CUST0421,Customer_421,06/19/2025,Electronics ,Headphones,1.0,4211.54,30.0,Credit Card,App,Bangalore,Karnataka,,cancelled ,,,,
ORD102075,CUST0573,Customer_573,03/26/2025,HOME & KITCHEN,Bedsheet,1.0,2257.09,30.0,COD,WEB,Chennai,Tamil Nadu,2025-04-06,RTO,Not as described,1667.57,09-04-2025,
ORD102001,CUST0030,Customer_30,2025-04-08,Electronics ,Bluetooth Speaker,1.0,2020.18,15.0,upi,Mobile App,Jaipur,Rajasthan,,In Transit,,,,4.0
ORD100111,CUST0053,Customer_53,25 Feb 2025,Home & Kitchen ,Bedsheet,1.0,5260.68,120.0,Credit Card,App,Hyderabad,Telangana,03-03-2025,Returned,,4438.31,03/13/2025,
ORD100749,CUST0258,Customer_258,2025-06-03,SPORTS,Football,0.0,₹888.5,5.0,COD,app,Indore,MP,05 Jun 2025,returned,Quality Not as Expected,,06/06/2025,
ORD100256,CUST0152,Customer_152,09-03-2025,Fashion,Jeans,0.0,₹3492.93,30.0,COD,Mobile App,Bengaluru,Karnataka,03/18/2025,cancelled ,,,,
ORD101448,CUST0426,Customer_426,2025-02-02,FASHION,Jeans,-1.0,2384.37,10.0,COD,Mobile App,Chennai,Tamil Nadu,12-02-2025,returned,Damaged in transit,,17-02-2025,2.0
ORD100890,CUST0081,Customer_81,26/01/25,BEAUTY,Face Wash,-1.0,1361.78,10.0,COD,WEB,Pune,Maharashtra,31/01/25,RTO,Size Issue,,2025-02-10,3.0
ORD102720,CUST0143,Customer_143,13-01-2025,ELECTRONICS,Smartwatch,0.0,4342.12,120.0,UPI,App,Chandigarh,Punjab,15/01/25,DELIVERED ,,,,5.0
ORD101396,CUST0225,Customer_225,2025-03-25,beauty,Lipstick,-1.0,2491.43,25.0,Net Banking,Web,Chennai,Tamil Nadu,2025-04-01,returned,quality issue,,2025-04-09,
ORD102479,CUST0354,Customer_354,03/01/2025,beauty,Hair Oil,-1.0,5580.34,30.0,Debit Card,WEB,Kochi,Kerala,05/03/25,Returned,Quality Not as Expected,,2025-03-09,4.0
ORD100528,CUST0151,Customer_151,19 Jun 2025,electronics,Headphones,3.0,2797.81,20.0,upi,app,Ahmedabad,Gujarat,2025-06-25,returned,Late Delivery,8033.24,05 Jul 2025,2.0
ORD100944,CUST0163,Customer_163,2025-05-19,SPORTS,Skipping Rope,1.0,₹5673.06,15.0,Net Banking,App,Bengaluru,Karnataka,05/29/2025,delivered,,,,4.0
ORD100292,CUST0485,Customer_485,15 Mar 2025,Sports ,Dumbbells,1.0,3989.47,0.0,Credit Card,Mobile App,Kolkata,West Bengal,2025-03-18,delivered,,,,5.0
ORD102021,CUST0287,Customer_287,31 Jan 2025,Home & Kitchen ,Mixer Grinder,1.0,3840.59,50.0,UPI,WEB,Patna,Bihar,2025-02-11,Returned,Size Issue,2887.15,2025-02-13,5.0
ORD102605,CUST0552,Customer_552,11/06/25,electronics,Power Bank,1.0,"4,495.25",-5.0,upi,app,Chennai,Tamil Nadu,19 Jun 2025,Returned,Product Damaged,,20 Jun 2025,5.0
ORD101449,CUST0341,Customer_341,2025-04-12,FASHION,Sneakers,1.0,5673.7,10.0,Net Banking,App,Bhopal,Madhya Pradesh,2025-04-17,delivered,,,,2.0
ORD100339,CUST0079,Customer_79,29/03/25, Sports,Football,2.0,1867.34,120.0,COD,App,Pune,Maharashtra,,In Transit,,,,
ORD102169,CUST0208,Customer_208,04/26/2025,Sports,Cricket Bat,1.0,4636.46,25.0,Debit Card,App,Pune,Maharashtra,05 May 2025,cancelled ,,,,3.0
ORD101074,CUST0564,Customer_564,2025-02-23,Sports ,Skipping Rope,1.0,619.06,0.0,Net Banking,WEB,Delhi,Delhi,25 Feb 2025,Refunded,,510.4,27 Feb 2025,3.0
ORD102538,CUST0067,Customer_67,2025-05-25, Home & Kitchen,LED Bulb,2.0,4773.79,10.0,COD,app,Bhopal,Madhya Pradesh,,delivered,,,,1.0
ORD101167,CUST0443,Customer_443,02/24/2025,BEAUTY,Lipstick,2.0,5124.31,50.0,Debit Card,App,Ahmedabad,Gujarat,06 Mar 2025,Returned,Product Damaged,10007.45,09 Mar 2025,
ORD100820,CUST0317,Customer_317,05/14/2025,Sports ,Dumbbells,2.0,2055.8,15.0,Cash on Delivery,App,Ahmedabad,Gujarat,,In Transit,,,,
ORD102414,CUST0281,Customer_281,20 Jan 2025,Electronics,Bluetooth Speaker,1.0,3388.28,30.0,Net Banking,app,Kolkata,West Bengal,,Delivered,,,,2.0
ORD100428,CUST0068,Customer_68,08-05-2025,home & kitchen,Storage Box,1.0,543.89,-5.0,Net Banking,app,Delhi,Delhi,,In Transit,,,,
ORD102053,CUST0130,Customer_130,31-03-2025, Electronics,Headphones,2.0,2491.94,-5.0,COD,app,Bhopal,Madhya Pradesh,2025-04-10,Cancelled,,,,
ORD100865,CUST0283,Customer_283,24-02-2025,fashion,Sneakers,3.0,3306.89,10.0,Credit Card,WEB,Mumbai,Maharashtra,02/26/2025,returned,Size Issue,8021.33,,4.0
ORD100359,CUST0341,Customer_341,2025-06-21,fashion,Sneakers,1.0,181.36,30.0,Debit Card,Web,Bangalore,Karnataka,,DELIVERED ,,,,
ORD101833,CUST0060,Customer_60,07-03-2025,Sports,Football,1.0,2973.4,0.0,Cash on Delivery,Mobile App,Mumbai,Maharashtra,17/03/25,Delivered,,,,4.0
ORD103159,,,,,,,,,,,,,,,,,,
ORD100984,CUST0588,Customer_588,23-04-2025,ELECTRONICS,Smartwatch,1.0,1493.87,50.0,Cash on Delivery,App,Lucknow,Uttar Pradesh,04 May 2025,delivered,,,,
ORD102388,CUST0491,Customer_491,01/04/2025,HOME & KITCHEN,Bedsheet,0.0,2313.53,20.0,Net Banking,WEB,Chennai,Tamil Nadu,14/01/25,returned,Quality Not as Expected,1847.98,01/19/2025,3.0
ORD100180,CUST0483,Customer_483,04/01/2025,Fashion ,Jeans,1.0,5689.5,15.0,Debit Card,Mobile App,Lucknow,Uttar Pradesh,2025-04-08,returned,Wrong Item Delivered,4183.69,,2.0
ORD100268,CUST0093,Customer_93,06/01/2025,SPORTS,Yoga Mat,1.0,"2,449.44",50.0,UPI,App,Delhi,Delhi,06/03/2025,Refunded,,1981.31,10/06/25,3.0
ORD100179,CUST0510,Customer_510,2025-02-18, Home & Kitchen,LED Bulb,-1.0,₹2421.41,-5.0,Net Banking,app,Lucknow,Uttar Pradesh,01 Mar 2025,Returned,Product Damaged,2331.69,,2.0
ORD101353,CUST0563,Customer_563,21/05/25,Sports,Dumbbells,1.0,4607.83,10.0,upi,WEB,Indore,MP,2025-05-25,Refunded,Late Delivery,3819.48,04/06/25,5.0
ORD100373,CUST0541,Customer_541,30 Jan 2025,Electronics ,Power Bank,3.0,3386.55,50.0,Credit Card,app,Mumbai,Maharashtra,10 Feb 2025,RTO,,8159.77,14/02/25,
ORD101172,CUST0054,Customer_54,2025-02-04,Fashion,Sneakers,3.0,3744.02,20.0,upi,App,Ahmedabad,Gujarat,16 Feb 2025,delivered,,,,
ORD102095,CUST0492,Customer_492,02/20/2025,SPORTS,Skipping Rope,2.0,462.80,5.0,Cash on Delivery,WEB,Hyderabad,Telangana,03/04/2025,returned,Wrong Item Delivered,878.73,2025-03-07,5.0
ORD102789,CUST0086,Customer_86,08-02-2025,electronics,Smartwatch,2.0,1430.84,-5.0,Cash on Delivery,App,Jaipur,Rajasthan,11-02-2025,Refunded,Quality Not as Expected,2829.31,18 Feb 2025,4.0
ORD101887,CUST0131,Customer_131,04/03/25, Fashion,Jeans,1.0,828.22,0.0,Net Banking,WEB,Jaipur,Rajasthan,15/03/25,Delivered,,,,2.0
ORD102755,CUST0585,Customer_585,2025-03-10,fashion,Men Tshirt,1.0,3544.3,10.0,Debit Card,WEB,Ahmedabad,Gujarat,21 Mar 2025,Returned,size issue,3458.93,26 Mar 2025,2.0
ORD102363,CUST0516,Customer_516,01 Apr 2025,sports,Dumbbells,1.0,4337.77,5.0,upi,Web,Bangalore,Karnataka,,RTO,,3145.62,07-04-2025,2.0
ORD102468,CUST0067,Customer_67,2025-04-09, Sports,Yoga Mat,0.0,3378.93,120.0,Net Banking,Web,Delhi,Delhi,,Refunded,Duplicate Order,2615.39,,
ORD102452,CUST0374,Customer_374,02/01/25,ELECTRONICS,Mobile Cover,-1.0,₹4005.23,50.0,COD,App,Chennai,Tamil Nadu,,DELIVERED ,,,,2.0
ORD103410,,,,,,,,,,,,,,,,,,
ORD101633,CUST0410,Customer_410,08 May 2025, Sports,Skipping Rope,0.0,3955.23,10.0,Credit Card,Web,Patna,Bihar,2025-05-09,returned,size issue,2943.7,,3.0
ORD101813,CUST0152,Customer_152,03/15/2025,Beauty ,Hair Oil,2.0,3469.05,5.0,UPI,WEB,Bangalore,Karnataka,03/27/2025,delivered,,,,
ORD100738,CUST0186,Customer_186,02-02-2025,Electronics,Bluetooth Speaker,1.0,5105.97,20.0,UPI,App,Pune,Maharashtra,,cancelled ,,,,5.0
ORD102698,CUST0259,Customer_259,04/06/2025,FASHION,Jeans,1.0,3617.1,120.0,upi,Web,Nagpur,Maharashtra,08-04-2025,DELIVERED ,,,,4.0
ORD100064,CUST0590,Customer_590,08 Jun 2025, Beauty,Sunscreen,-1.0,1843.66,10.0,COD,Mobile App,Chennai,Tamil Nadu,10-06-2025,Cancelled,,,,2.0
ORD101662,CUST0243,Customer_243,05/17/2025,beauty,Hair Oil,1.0,"4,671.19",15.0,Credit Card,Mobile App,Hyderabad,Telangana,29 May 2025,Returned,size issue,4111.82,07-06-2025,5.0
ORD102320,CUST0337,Customer_337,17/01/25,BEAUTY,Lipstick,0.0,386.18,5.0,Net Banking,WEB,Hyderabad,Telangana,27-01-2025,delivered,,,,
ORD101211,CUST0386,Customer_386,26/05/25,Electronics ,Headphones,-1.0,1591.05,5.0,Debit Card,Mobile App,Jaipur,Rajasthan,07 Jun 2025,Cancelled,,,,3.0
ORD100934,CUST0251,Customer_251,23 Jan 2025,Electronics ,Mobile Cover,-1.0,3136.05,5.0,Debit Card,app,Mumbai,Maharashtra,01/31/2025,cancelled ,,,,
ORD102103,CUST0433,Customer_433,08-01-2025,Home & Kitchen ,Bedsheet,1.0,1852.97,25.0,UPI,App,Nagpur,Maharashtra,12-01-2025,RTO,,1465.04,16-01-2025,4.0
ORD100963,CUST0157,Customer_157,30/03/25,Fashion ,Women Kurti,1.0,3863.23,10.0,upi,app,Bangalore,Karnataka,04/02/2025,RTO,quality issue,,,
ORD100536,CUST0007,Customer_7,27/03/25, Beauty,Sunscreen,1.0,645.26,5.0,UPI,Mobile App,Pune,Maharashtra,2025-04-01,delivered,,,,1.0
ORD102437,CUST0166,Customer_166,12 May 2025,BEAUTY,Hair Oil,1.0,5730.69,20.0,COD,Web,Chennai,Tamil Nadu,13 May 2025,cancelled ,,,,1.0
ORD100211,CUST0253,Customer_253,2025-04-25,fashion,Sneakers,3.0,935.69,50.0,Cash on Delivery,app,Nagpur,Maharashtra,05/03/2025,returned,Product Damaged,2130.37,05-05-2025,1.0
ORD102280,CUST0387,Customer_387,25 Jan 2025,Home & Kitchen,Non-stick Pan,-1.0,291.58,15.0,Cash on Delivery,app,Indore,MP,2025-01-28,Refunded,Wrong Item Delivered,207.44,,
ORD101023,CUST0297,Customer_297,01/02/25,Sports,Dumbbells,3.0,"1,503.50",15.0,Credit Card,Mobile App,Hyderabad,Telangana,08-02-2025,Returned,Not as described,3735.31,,
ORD101618,CUST0399,Customer_399,21 Mar 2025,Electronics ,Smartwatch,0.0,521.46,25.0,Net Banking,App,Ahmedabad,Gujarat,26-03-2025,RTO,Damaged in transit,405.63,02/04/25,2.0
ORD102705,CUST0217,Customer_217,21 Mar 2025,Sports ,Dumbbells,1.0,5623.31,10.0,Cash on Delivery,app,Hyderabad,Telangana,,In Transit,,,,3.0
ORD102202,CUST0110,Customer_110,05 Feb 2025, Fashion,Men Tshirt,1.0,2769.46,15.0,Net Banking,app,Nagpur,Maharashtra,14-02-2025,Cancelled,,,,3.0
ORD101917,CUST0516,Customer_516,15 May 2025,SPORTS,Football,1.0,1288.99,0.0,COD,app,Jaipur,Rajasthan,24/05/25,DELIVERED ,,,,4.0
ORD101983,CUST0052,Customer_52,2025-02-06,fashion,Women Kurti,2.0,2413.12,25.0,Credit Card,app,Patna,Bihar,15 Feb 2025,Cancelled,,,,
ORD102356,CUST0124,Customer_124,19 May 2025, Home & Kitchen,Non-stick Pan,0.0,452.74,15.0,UPI,WEB,Delhi,Delhi,21-05-2025,delivered,,,,
ORD100803,CUST0159,Customer_159,2025-04-15, Electronics,Smartwatch,2.0,4397.04,20.0,Debit Card,Mobile App,Bengaluru,Karnataka,16 Apr 2025,DELIVERED ,,,,2.0
ORD100455,CUST0090,Customer_90,13 Feb 2025,Sports,Cricket Bat,1.0,5882.58,120.0,upi,Mobile App,Ahmedabad,Gujarat,17/02/25,Delivered,,,,
ORD101166,CUST0271,Customer_271,27 Jun 2025, Sports,Football,1.0,2339.39,15.0,Cash on Delivery,App,Chennai,Tamil Nadu,2025-07-09,Refunded,,2033.16,,
ORD101206,CUST0453,Customer_453,25/05/25,Electronics,Bluetooth Speaker,1.0,5400.73,30.0,Credit Card,app,Delhi,Delhi,2025-06-05,delivered,,,,
ORD100936,CUST0009,Customer_9,07/01/25,fashion,Sneakers,3.0,3195.87,50.0,Cash on Delivery,app,Nagpur,Maharashtra,08-01-2025,DELIVERED ,,,,4.0
ORD100260,CUST0278,Customer_278,28-01-2025,Electronics,Power Bank,1.0,2423.57,25.0,upi,App,Chandigarh,Punjab,08 Feb 2025,returned,Quality Not as Expected,2130.64,,4.0
ORD101292,CUST0241,Customer_241,23-01-2025,HOME & KITCHEN,Bedsheet,-1.0,3649.9,0.0,Net Banking,Mobile App,Pune,Maharashtra,,Delivered,,,,2.0
ORD101252,CUST0144,Customer_144,13/06/25,Home & Kitchen,Non-stick Pan,2.0,1287.54,10.0,Cash on Delivery,Web,Patna,Bihar,18 Jun 2025,cancelled ,,,,1.0
ORD101209,CUST0179,Customer_179,20-05-2025,ELECTRONICS,Smartwatch,1.0,4128.29,-5.0,Credit Card,WEB,Kochi,Kerala,24 May 2025,delivered,,,,1.0
ORD101521,CUST0003,Customer_3,2025-03-24,Beauty ,Sunscreen,2.0,2419.24,120.0,Credit Card,Mobile App,Jaipur,Rajasthan,28 Mar 2025,Delivered,,,,1.0
ORD102514,CUST0394,Customer_394,21/03/25,home & kitchen,Mixer Grinder,2.0,1662.78,50.0,Credit Card,Mobile App,Jaipur,Rajasthan,03/26/2025,delivered,,,,
ORD100563,CUST0574,Customer_574,02/02/25,sports,Yoga Mat,0.0,3690.53,-5.0,Cash on Delivery,app,Kolkata,West Bengal,02/09/2025,Returned,Quality Not as Expected,2673.61,12/02/25,
ORD101224,CUST0225,Customer_225,11 Apr 2025,Fashion ,Sneakers,3.0,1081.64,20.0,Net Banking,WEB,Kochi,Kerala,04/22/2025,Cancelled,,,,
ORD102771,CUST0098,Customer_98,23/03/25,BEAUTY,Lipstick,1.0,4004.07,10.0,COD,App,Lucknow,Uttar Pradesh,26 Mar 2025,Returned,size issue,3839.28,31/03/25,2.0
ORD101728,CUST0257,Customer_257,04/24/2025,BEAUTY,Sunscreen,1.0,"4,032.13",5.0,Cash on Delivery,Mobile App,Pune,Maharashtra,28 Apr 2025,returned,Quality Not as Expected,3136.01,29 Apr 2025,1.0
ORD101460,CUST0472,Customer_472,11/01/25,ELECTRONICS,Bluetooth Speaker,2.0,4202.47,120.0,Cash on Delivery,WEB,Ahmedabad,Gujarat,,Delivered,,,,1.0
ORD101946,CUST0003,Customer_3,31 Mar 2025,electronics,Power Bank,2.0,4248.74,10.0,COD,WEB,Delhi,Delhi,04/01/2025,Delivered,,,,
ORD100569,CUST0501,Customer_501,02 Feb 2025,ELECTRONICS,Bluetooth Speaker,2.0,5659.56,120.0,COD,WEB,Surat,gujarat,04-02-2025,returned,Wrong Item Delivered,,,5.0
ORD102204,CUST0072,Customer_72,19/02/25,BEAUTY,Sunscreen,3.0,526.95,10.0,Credit Card,App,Pune,Maharashtra,21 Feb 2025,Delivered,,,,2.0
ORD102119,CUST0367,Customer_367,03 Mar 2025,Beauty,Face Wash,-1.0,"5,268.72",30.0,Net Banking,App,Lucknow,Uttar Pradesh,2025-03-07,Delivered,,,,
ORD102191,CUST0140,Customer_140,17-01-2025,BEAUTY,Lipstick,1.0,5835.97,0.0,Cash on Delivery,Web,Mumbai,Maharashtra,21 Jan 2025,Cancelled,,,,2.0
ORD101087,CUST0152,Customer_152,03 Jan 2025,Beauty ,Lipstick,2.0,5982.64,10.0,Cash on Delivery,Web,Nagpur,Maharashtra,14 Jan 2025,cancelled ,,,,4.0
ORD102334,CUST0509,Customer_509,05-01-2025,FASHION,Women Kurti,1.0,₹1843.42,15.0,Cash on Delivery,App,Delhi,Delhi,09/01/25,cancelled ,,,,
ORD102756,CUST0383,Customer_383,12/01/25,SPORTS,Dumbbells,-1.0,5672.46,50.0,upi,Mobile App,Bangalore,Karnataka,17-01-2025,delivered,,,,4.0
ORD100524,CUST0452,Customer_452,18 Feb 2025,Home & Kitchen,LED Bulb,1.0,3944.44,20.0,Net Banking,WEB,Patna,Bihar,28/02/25,DELIVERED ,,,,1.0
ORD101752,CUST0434,Customer_434,24/05/25,Beauty,Lipstick,0.0,2359.97,-5.0,COD,WEB,Surat,gujarat,,In Transit,,,,
ORD100254,CUST0500,Customer_500,2025-03-27,Sports ,Yoga Mat,2.0,368.62,0.0,upi,Mobile App,Chennai,Tamil Nadu,03-04-2025,cancelled ,,,,
ORD102459,CUST0065,Customer_65,02 Jun 2025, Beauty,Perfume,3.0,2227.89,5.0,Credit Card,Web,Bangalore,Karnataka,12-06-2025,cancelled ,,,,5.0
ORD102306,CUST0468,Customer_468,01/14/2025,Sports ,Dumbbells,-1.0,5211.81,10.0,Cash on Delivery,WEB,Nagpur,Maharashtra,22/01/25,Delivered,,,,3.0
ORD100469,CUST0254,Customer_254,20 Jun 2025,Sports ,Dumbbells,1.0,1609.38,15.0,Net Banking,Web,Chandigarh,Punjab,28-06-2025,Returned,Damaged in transit,1412.0,02-07-2025,3.0
ORD100533,CUST0225,Customer_225,2025-03-08,electronics,Power Bank,2.0,4898.5,5.0,Cash on Delivery,Mobile App,Jaipur,Rajasthan,13 Mar 2025,RTO,Product Damaged,7444.27,,4.0
ORD102766,CUST0486,Customer_486,2025-03-30,Fashion,Jeans,0.0,5409.9,30.0,Cash on Delivery,Web,Chennai,Tamil Nadu,04/05/2025,returned,Quality Not as Expected,3908.64,10/04/25,2.0
ORD101321,CUST0453,Customer_453,14-01-2025,Home & Kitchen ,LED Bulb,1.0,2332.99,25.0,Credit Card,Mobile App,Chandigarh,Punjab,15 Jan 2025,DELIVERED ,,,,1.0
ORD100946,CUST0371,Customer_371,23 Apr 2025,home & kitchen,Mixer Grinder,2.0,4706.0,0.0,upi,Web,Hyderabad,Telangana,27/04/25,cancelled ,,,,
ORD100355,CUST0204,Customer_204,27-02-2025,electronics,Power Bank,1.0,2451.94,-5.0,COD,Web,Nagpur,Maharashtra,03/08/2025,Delivered,,,,3.0
ORD102726,CUST0039,Customer_39,23 Feb 2025,fashion,Men Tshirt,1.0,5928.17,5.0,Cash on Delivery,App,Ahmedabad,Gujarat,,In Transit,,,,
ORD102215,CUST0271,Customer_271,29 Jan 2025, Beauty,Hair Oil,1.0,"1,032.58",20.0,Debit Card,Web,Bangalore,Karnataka,,Delivered,,,,4.0
ORD102297,CUST0453,Customer_453,13/04/25, Home & Kitchen,LED Bulb,-1.0,2145.29,20.0,Net Banking,Web,Bhopal,Madhya Pradesh,22-04-2025,cancelled ,,,,
ORD101992,CUST0308,Customer_308,24-03-2025, Beauty,Lipstick,2.0,5125.38,25.0,UPI,App,Chennai,Tamil Nadu,04/04/25,Refunded,size issue,10094.51,05/04/25,1.0
ORD100503,CUST0038,Customer_38,23/06/25, Fashion,Women Kurti,1.0,3665.52,15.0,Debit Card,Mobile App,Ahmedabad,Gujarat,29-06-2025,Delivered,,,,2.0
ORD100891,CUST0306,Customer_306,23/05/25,sports,Skipping Rope,1.0,424.71,20.0,Cash on Delivery,WEB,Jaipur,Rajasthan,30-05-2025,cancelled ,,,,1.0
ORD100376,CUST0364,Customer_364,30-06-2025,electronics,Mobile Cover,1.0,5142.44,5.0,Cash on Delivery,Mobile App,Delhi,Delhi,08-07-2025,Refunded,Not as described,5061.27,09/07/25,2.0
ORD100745,CUST0095,Customer_95,06 Feb 2025,Sports,Skipping Rope,2.0,613.64,20.0,Net Banking,App,Bangalore,Karnataka,2025-02-09,returned,Damaged in transit,1087.72,2025-02-12,
ORD102387,CUST0353,Customer_353,05/17/2025, Electronics,Smartwatch,2.0,₹4003.35,10.0,Credit Card,Mobile App,Jaipur,Rajasthan,23 May 2025,cancelled ,,,,
ORD102051,CUST0266,Customer_266,03/16/2025,Electronics,Headphones,1.0,4044.37,25.0,Net Banking,Web,Surat,gujarat,,cancelled ,,,,2.0
ORD102541,CUST0057,Customer_57,19/01/25,ELECTRONICS,Mobile Cover,1.0,2316.8,30.0,Cash on Delivery,Web,Jaipur,Rajasthan,26/01/25,Delivered,,,,1.0
ORD102168,CUST0027,Customer_27,17/06/25, Beauty,Hair Oil,2.0,4437.48,20.0,upi,app,Indore,MP,19/06/25,returned,Quality Not as Expected,7742.57,06/26/2025,5.0
ORD100059,CUST0576,Customer_576,15/03/25,Sports,Cricket Bat,-1.0,2218.55,0.0,Credit Card,WEB,Hyderabad,Telangana,21/03/25,returned,Damaged in transit,1786.01,2025-03-23,4.0
ORD101490,CUST0338,Customer_338,29-01-2025,ELECTRONICS,Mobile Cover,-1.0,₹5911.74,5.0,Cash on Delivery,Mobile App,Nagpur,Maharashtra,04 Feb 2025,delivered,,,,5.0
ORD101899,CUST0547,Customer_547,19 Apr 2025,ELECTRONICS,Headphones,3.0,1392.22,10.0,UPI,App,Chandigarh,Punjab,25 Apr 2025,DELIVERED ,,,,1.0
ORD101864,CUST0180,Customer_180,2025-05-08,Sports ,Cricket Bat,-1.0,2067.37,30.0,Cash on Delivery,Web,Pune,Maharashtra,05/18/2025,RTO,Duplicate Order,1614.12,19/05/25,5.0
ORD102592,CUST0251,Customer_251,13-01-2025,Electronics,Smartwatch,1.0,3190.85,20.0,Credit Card,WEB,Pune,Maharashtra,18 Jan 2025,DELIVERED ,,,,3.0
ORD101675,CUST0545,Customer_545,27-06-2025, Fashion,Men Tshirt,1.0,4875.32,5.0,Debit Card,Mobile App,Lucknow,Uttar Pradesh,01-07-2025,RTO,Wrong Item Delivered,3730.86,09 Jul 2025,
ORD100215,CUST0499,Customer_499,02/24/2025,Beauty,Sunscreen,1.0,2723.41,20.0,COD,app,Chennai,Tamil Nadu,27-02-2025,DELIVERED ,,,,
ORD101055,CUST0554,Customer_554,27/02/25, Home & Kitchen,Storage Box,2.0,2776.93,5.0,Credit Card,Web,Bhopal,Madhya Pradesh,,In Transit,,,,1.0
ORD101826,CUST0198,Customer_198,03 Jun 2025,fashion,Jeans,-1.0,2584.7,20.0,Cash on Delivery,Mobile App,Indore,MP,,delivered,,,,
ORD101033,CUST0599,Customer_599,31-03-2025,ELECTRONICS,Headphones,1.0,5139.06,25.0,upi,Mobile App,Pune,Maharashtra,12/04/25,Returned,Quality Not as Expected,4827.02,14-04-2025,5.0
ORD101497,CUST0088,Customer_88,04/05/25,home & kitchen,LED Bulb,1.0,4659.9,10.0,Net Banking,App,Lucknow,Uttar Pradesh,,Refunded,,4259.02,05/21/2025,
ORD101901,CUST0264,Customer_264,01/03/25,BEAUTY,Perfume,2.0,4411.52,-5.0,UPI,Mobile App,Hyderabad,Telangana,10-03-2025,Delivered,,,,
ORD101386,CUST0076,Customer_76,06-01-2025,Fashion,Sneakers,-1.0,3935.85,-5.0,UPI,app,Indore,MP,18/01/25,delivered,,,,5.0
ORD100475,CUST0133,Customer_133,07/05/25,Home & Kitchen ,Mixer Grinder,1.0,4797.18,30.0,COD,Mobile App,Chandigarh,Punjab,,In Transit,,,,
ORD102398,CUST0166,Customer_166,23-01-2025,Home & Kitchen,LED Bulb,2.0,5771.83,10.0,COD,app,Indore,MP,2025-01-26,delivered,,,,2.0
ORD101062,CUST0002,Customer_2,2025-06-26,FASHION,Sneakers,1.0,"3,255.64",20.0,COD,app,Hyderabad,Telangana,2025-07-04,DELIVERED ,,,,4.0
ORD100454,CUST0066,Customer_66,16/02/25,Sports ,Skipping Rope,1.0,4558.02,5.0,UPI,Web,Delhi,Delhi,2025-02-17,DELIVERED ,,,,3.0
ORD102174,CUST0153,Customer_153,21 Apr 2025,Sports,Dumbbells,-1.0,801.88,0.0,Cash on Delivery,WEB,Bhopal,Madhya Pradesh,04/28/2025,delivered,,,,1.0
ORD100052,CUST0476,Customer_476,30-01-2025,Home & Kitchen,Bedsheet,1.0,₹415.28,50.0,upi,Mobile App,Lucknow,Uttar Pradesh,08 Feb 2025,Returned,quality issue,381.22,10 Feb 2025,
ORD100214,CUST0466,Customer_466,29/05/25,electronics,Headphones,1.0,4266.86,20.0,Net Banking,App,Lucknow,Uttar Pradesh,01 Jun 2025,RTO,Late Delivery,4231.88,2025-06-08,
ORD101052,CUST0135,Customer_135,13 Feb 2025,Electronics ,Headphones,1.0,2020.06,5.0,upi,Mobile App,Ahmedabad,Gujarat,,In Transit,,,,
ORD100917,CUST0217,Customer_217,02-01-2025, Fashion,Jeans,1.0,3093.13,20.0,Credit Card,app,Bangalore,Karnataka,10/01/25,delivered,,,,4.0
ORD102556,CUST0374,Customer_374,23-05-2025, Electronics,Bluetooth Speaker,1.0,856.49,-5.0,Credit Card,App,Ahmedabad,Gujarat,2025-05-24,Delivered,,,,
ORD100342,CUST0439,Customer_439,01-06-2025, Home & Kitchen,LED Bulb,3.0,480.23,20.0,Net Banking,app,Mumbai,Maharashtra,06/06/2025,delivered,,,,
ORD100148,CUST0512,Customer_512,28/02/25,sports,Dumbbells,1.0,1642.43,5.0,UPI,WEB,Chennai,Tamil Nadu,01-03-2025,Delivered,,,,3.0
ORD100896,CUST0455,Customer_455,13 Jun 2025, Electronics,Bluetooth Speaker,1.0,5966.16,10.0,Credit Card,Mobile App,Pune,Maharashtra,06/16/2025,delivered,,,,
ORD102345,CUST0349,Customer_349,02/03/2025,sports,Football,3.0,496.3,50.0,UPI,WEB,Mumbai,Maharashtra,02/15/2025,DELIVERED ,quality issue,,,2.0
ORD100675,CUST0047,Customer_47,15 Feb 2025,Beauty,Lipstick,2.0,177.72,25.0,Credit Card,Web,Pune,Maharashtra,21 Feb 2025,Returned,Not as described,320.09,28/02/25,5.0
ORD102259,CUST0404,Customer_404,03 May 2025, Beauty,Sunscreen,2.0,4673.21,5.0,upi,WEB,Bhopal,Madhya Pradesh,12 May 2025,delivered,,,,
ORD102253,CUST0491,Customer_491,03-02-2025,Fashion,Sneakers,-1.0,2909.17,5.0,Net Banking,Mobile App,Bangalore,Karnataka,08-02-2025,RTO,,2296.62,02/17/2025,
ORD100218,CUST0172,Customer_172,14/05/25,Home & Kitchen ,Bedsheet,1.0,1494.41,15.0,Net Banking,Mobile App,Patna,Bihar,05/17/2025,cancelled ,,,,2.0
ORD101429,CUST0053,Customer_53,2025-04-18, Beauty,Sunscreen,-1.0,1944.04,25.0,Credit Card,WEB,Bengaluru,Karnataka,21 Apr 2025,Refunded,Duplicate Order,1533.48,04/22/2025,1.0
ORD101759,CUST0551,Customer_551,04-05-2025,Electronics,Bluetooth Speaker,1.0,5722.5,30.0,Credit Card,WEB,Kolkata,West Bengal,,In Transit,,,,5.0
ORD102448,CUST0600,Customer_600,22 Jun 2025, Sports,Yoga Mat,3.0,4553.48,10.0,Cash on Delivery,WEB,Nagpur,Maharashtra,02-07-2025,Refunded,Late Delivery,10298.77,05 Jul 2025,3.0
ORD102451,CUST0399,Customer_399,04/05/25, Beauty,Sunscreen,-1.0,₹3920.03,0.0,UPI,Web,Mumbai,Maharashtra,11-05-2025,Cancelled,,,,
ORD102283,CUST0231,Customer_231,04-06-2025, Fashion,Sneakers,3.0,3854.4,50.0,upi,WEB,Hyderabad,Telangana,14/06/25,Delivered,,,,
ORD100636,CUST0284,Customer_284,27 Jun 2025,BEAUTY,Perfume,3.0,577.2,120.0,UPI,App,Indore,MP,04-07-2025,Delivered,,,,
ORD100453,CUST0281,Customer_281,02-02-2025,ELECTRONICS,Mobile Cover,-1.0,2982.52,-5.0,COD,App,Bangalore,Karnataka,04/02/25,Cancelled,,,,
ORD100721,CUST0591,Customer_591,01/01/25,Home & Kitchen,Bedsheet,2.0,3896.75,15.0,Credit Card,WEB,Ahmedabad,Gujarat,09-01-2025,delivered,,,,4.0
ORD102158,CUST0120,Customer_120,27-06-2025,fashion,Women Kurti,2.0,5526.88,50.0,UPI,Web,Hyderabad,Telangana,,In Transit,,,,5.0
ORD101235,CUST0160,Customer_160,05/05/25,electronics,Smartwatch,2.0,586.92,5.0,UPI,app,Pune,Maharashtra,09 May 2025,delivered,,,,2.0
ORD102393,CUST0126,Customer_126,16 May 2025,Beauty,Lipstick,0.0,1388.02,15.0,Net Banking,App,Nagpur,Maharashtra,05/18/2025,Returned,quality issue,1332.69,05/25/2025,5.0
ORD100340,CUST0386,Customer_386,06 May 2025,Beauty,Perfume,1.0,1184.68,10.0,Net Banking,WEB,Delhi,Delhi,11 May 2025,DELIVERED ,,,,
ORD102420,CUST0166,Customer_166,22-01-2025, Sports,Yoga Mat,2.0,2473.93,10.0,UPI,App,Ahmedabad,Gujarat,,In Transit,,,,
ORD100733,CUST0428,Customer_428,2025-04-11,Electronics,Mobile Cover,1.0,₹4671.57,20.0,Cash on Delivery,Mobile App,Ahmedabad,Gujarat,2025-04-22,Refunded,Not as described,3701.95,01 May 2025,
ORD102157,CUST0052,Customer_52,26-05-2025,Fashion ,Jeans,1.0,160.32,-5.0,upi,app,Kolkata,West Bengal,06/04/2025,Cancelled,,,,
ORD100884,CUST0141,Customer_141,18 Jan 2025, Home & Kitchen,Bedsheet,1.0,5944.98,-5.0,UPI,Web,Ahmedabad,Gujarat,28-01-2025,Delivered,,,,2.0
ORD102246,CUST0491,Customer_491,08-04-2025,fashion,Handbag,1.0,447.14,30.0,UPI,WEB,Hyderabad,Telangana,2025-04-19,cancelled ,,,,1.0
ORD100363,CUST0292,Customer_292,2025-04-27,electronics,Power Bank,1.0,5046.32,50.0,upi,Mobile App,Pune,Maharashtra,,RTO,Changed Mind,4639.91,05/18/2025,4.0
ORD100641,CUST0103,Customer_103,16 Jun 2025,home & kitchen,LED Bulb,1.0,2689.77,5.0,UPI,Web,Jaipur,Rajasthan,2025-06-17,Refunded,Damaged in transit,1890.32,20 Jun 2025,1.0
ORD102392,CUST0553,Customer_553,30-04-2025,BEAUTY,Perfume,2.0,5637.86,50.0,COD,Mobile App,Hyderabad,Telangana,06 May 2025,delivered,,,,
ORD100424,CUST0497,Customer_497,02/11/2025,Beauty,Face Wash,2.0,4324.45,20.0,Net Banking,WEB,Delhi,Delhi,2025-02-21,Delivered,,,,1.0
ORD101223,CUST0415,Customer_415,2025-01-17,ELECTRONICS,Bluetooth Speaker,-1.0,5893.74,-5.0,Cash on Delivery,Mobile App,Chennai,Tamil Nadu,2025-01-24,Refunded,Size Issue,4862.14,29 Jan 2025,
ORD100714,CUST0032,Customer_32,10-02-2025,Sports,Yoga Mat,2.0,5591.43,-5.0,upi,app,Bhopal,Madhya Pradesh,02/16/2025,Delivered,,,,
ORD100066,CUST0157,Customer_157,14/06/25, Electronics,Smartwatch,0.0,4563.51,-5.0,COD,WEB,Nagpur,Maharashtra,25 Jun 2025,Cancelled,,,,5.0
ORD101907,CUST0035,Customer_35,06/09/2025,FASHION,Men Tshirt,0.0,"2,019.60",120.0,UPI,WEB,Bhopal,Madhya Pradesh,06/20/2025,Returned,Changed Mind,1705.86,2025-06-23,
ORD100122,CUST0087,Customer_87,05/07/2025,Sports ,Dumbbells,1.0,4159.1,20.0,COD,App,Ahmedabad,Gujarat,10 May 2025,delivered,,,,4.0
ORD101962,CUST0177,Customer_177,2025-04-21,Beauty ,Face Wash,1.0,152.85,20.0,COD,app,Bhopal,Madhya Pradesh,02-05-2025,cancelled ,,,,2.0
ORD101687,CUST0091,Customer_91,14-02-2025,electronics,Bluetooth Speaker,2.0,3643.72,15.0,upi,Web,Hyderabad,Telangana,21-02-2025,DELIVERED ,,,,
ORD100980,CUST0588,Customer_588,12 Apr 2025,Sports,Dumbbells,2.0,4279.03,25.0,Debit Card,App,Kochi,Kerala,14/04/25,Returned,Damaged in transit,6461.94,04/17/2025,1.0
ORD101883,CUST0053,Customer_53,2025-04-19, Home & Kitchen,Non-stick Pan,1.0,1205.52,5.0,Credit Card,WEB,Delhi,Delhi,,DELIVERED ,,,,1.0
ORD102585,CUST0524,Customer_524,24-02-2025,Fashion,Sneakers,0.0,1308.87,0.0,upi,app,Bhopal,Madhya Pradesh,2025-03-03,Delivered,,,,5.0
ORD103617,,,,,,,,,,,,,,,,,,
ORD102212,CUST0442,Customer_442,07/03/25,Home & Kitchen ,Bedsheet,0.0,4739.82,0.0,Cash on Delivery,app,Indore,MP,03/09/2025,Refunded,Damaged in transit,3853.37,2025-03-14,3.0
ORD101431,CUST0468,Customer_468,06 Feb 2025,beauty,Sunscreen,0.0,389.15,30.0,UPI,App,Surat,gujarat,02/14/2025,Returned,Size Issue,361.05,02/16/2025,
ORD101392,CUST0090,Customer_90,24-03-2025,Electronics ,Bluetooth Speaker,-1.0,4150.84,50.0,Debit Card,Web,Kolkata,West Bengal,03 Apr 2025,delivered,,,,
ORD102038,CUST0157,Customer_157,07-03-2025,SPORTS,Dumbbells,1.0,3513.15,25.0,upi,app,Kochi,Kerala,03/12/2025,delivered,,,,
ORD101334,CUST0492,Customer_492,16-06-2025,ELECTRONICS,Mobile Cover,1.0,661.9,30.0,upi,app,Chandigarh,Punjab,22/06/25,Refunded,Not as described,519.89,02/07/25,1.0
ORD100151,CUST0239,Customer_239,01/27/2025,Sports,Cricket Bat,3.0,158.55,20.0,Credit Card,app,Pune,Maharashtra,,In Transit,,,,4.0
ORD102271,CUST0216,Customer_216,06/25/2025,electronics,Mobile Cover,1.0,5741.65,25.0,upi,Web,Kolkata,West Bengal,06/26/2025,RTO,Product Damaged,4293.13,2025-06-27,
ORD102304,CUST0334,Customer_334,02 Feb 2025,Sports,Cricket Bat,1.0,4213.03,25.0,UPI,Web,Chandigarh,Punjab,02/11/2025,Cancelled,,,,
ORD100305,CUST0117,Customer_117,25-03-2025,Beauty ,Sunscreen,2.0,519.19,30.0,Net Banking,Web,Pune,Maharashtra,04/03/2025,RTO,Quality Not as Expected,,04/10/2025,
ORD102265,CUST0404,Customer_404,14 Jan 2025, Beauty,Face Wash,1.0,5322.77,25.0,Net Banking,app,Nagpur,Maharashtra,,returned,size issue,5223.55,01/20/2025,
ORD100485,CUST0151,Customer_151,29/01/25, Home & Kitchen,Non-stick Pan,0.0,4369.86,5.0,Credit Card,Web,Jaipur,Rajasthan,10-02-2025,cancelled ,,,,
ORD101434,CUST0295,Customer_295,2025-01-03,sports,Football,2.0,773.81,120.0,Net Banking,App,Bengaluru,Karnataka,2025-01-09,DELIVERED ,,,,
ORD101421,CUST0383,Customer_383,03 Jan 2025,Sports,Skipping Rope,2.0,2473.07,50.0,UPI,Mobile App,Chennai,Tamil Nadu,2025-01-06,returned,Damaged in transit,4052.83,,
ORD100804,CUST0318,Customer_318,2025-02-10, Home & Kitchen,Mixer Grinder,1.0,4958.92,30.0,COD,Web,Bangalore,Karnataka,15-02-2025,Cancelled,,,,
ORD102527,CUST0179,Customer_179,26-03-2025,Sports ,Yoga Mat,1.0,1273.2,10.0,upi,Web,Pune,Maharashtra,29/03/25,delivered,,,,2.0
ORD100985,CUST0146,Customer_146,2025-02-14,Beauty ,Sunscreen,3.0,4542.79,0.0,Credit Card,Mobile App,Bangalore,Karnataka,,Cancelled,,,,5.0
ORD100752,CUST0150,Customer_150,2025-04-14,Sports,Cricket Bat,1.0,3130.61,50.0,Debit Card,App,Ahmedabad,Gujarat,2025-04-22,RTO,,2307.23,30 Apr 2025,1.0
ORD101496,CUST0255,Customer_255,26-02-2025, Beauty,Sunscreen,1.0,"5,251.83",15.0,UPI,app,Chandigarh,Punjab,,cancelled ,,,,
ORD100518,CUST0383,Customer_383,24 Mar 2025,Sports,Yoga Mat,2.0,₹429.83,5.0,UPI,App,Kochi,Kerala,2025-03-27,Returned,Wrong Item Delivered,612.87,,5.0
ORD101706,CUST0339,Customer_339,01/09/2025, Beauty,Face Wash,2.0,1251.82,15.0,upi,Mobile App,Bhopal,Madhya Pradesh,2025-01-12,returned,,2450.2,14/01/25,1.0
ORD101078,CUST0361,Customer_361,02/04/2025,Beauty,Sunscreen,1.0,1142.84,15.0,Net Banking,App,Indore,MP,07-02-2025,cancelled ,,,,
ORD101565,CUST0377,Customer_377,2025-04-05,beauty,Sunscreen,3.0,5770.18,-5.0,Credit Card,Mobile App,Indore,MP,04/11/2025,Delivered,,,,2.0
ORD103106,,,,,,,,,,,,,,,,,,
ORD100193,CUST0587,Customer_587,27 Jan 2025, Beauty,Face Wash,0.0,1998.96,0.0,Cash on Delivery,Mobile App,Nagpur,Maharashtra,28-01-2025,cancelled ,,,,5.0
ORD100998,CUST0446,Customer_446,29/01/25,Sports ,Football,0.0,"5,949.89",-5.0,Debit Card,app,Indore,MP,03-02-2025,Cancelled,,,,1.0
ORD100774,CUST0464,Customer_464,17-04-2025,Fashion ,Men Tshirt,3.0,250.16,25.0,Net Banking,App,Chandigarh,Punjab,25-04-2025,Cancelled,,,,
ORD100988,CUST0550,Customer_550,23/03/25, Beauty,Lipstick,1.0,"2,135.95",10.0,COD,Mobile App,Indore,MP,2025-04-02,Delivered,,,,5.0
ORD102582,CUST0559,Customer_559,17 Mar 2025, Beauty,Hair Oil,-1.0,4184.94,20.0,Debit Card,Web,Bangalore,Karnataka,19-03-2025,Refunded,Duplicate Order,3978.84,2025-03-23,2.0
ORD101091,CUST0134,Customer_134,27-01-2025,BEAUTY,Lipstick,1.0,4281.07,50.0,Net Banking,App,Bhopal,Madhya Pradesh,04 Feb 2025,delivered,,,,2.0
ORD100090,CUST0327,Customer_327,07 Jun 2025,Fashion,Sneakers,2.0,"2,780.14",30.0,Credit Card,Web,Jaipur,Rajasthan,10/06/25,Returned,Changed Mind,4670.88,18-06-2025,2.0
ORD100677,CUST0069,Customer_69,14/03/25,fashion,Handbag,1.0,5669.49,30.0,Cash on Delivery,App,Delhi,Delhi,2025-03-19,returned,quality issue,5472.24,28 Mar 2025,4.0
ORD100018,CUST0423,Customer_423,10-02-2025,electronics,Smartwatch,-1.0,4843.08,20.0,Cash on Delivery,WEB,Hyderabad,Telangana,02/11/2025,cancelled ,,,,4.0
ORD101823,CUST0056,Customer_56,28/04/25,Sports ,Football,2.0,4006.5,30.0,Credit Card,app,Chandigarh,Punjab,29 Apr 2025,Delivered,,,,
ORD100839,CUST0032,Customer_32,16/02/25,electronics,Smartwatch,1.0,4703.52,20.0,Debit Card,Mobile App,Bengaluru,Karnataka,02/24/2025,cancelled ,,,,4.0
ORD100116,CUST0018,Customer_18,2025-05-15,SPORTS,Football,1.0,5520.59,-5.0,COD,WEB,Lucknow,Uttar Pradesh,20-05-2025,Cancelled,,,,4.0
ORD101843,CUST0417,Customer_417,10/03/25, Beauty,Perfume,0.0,2584.14,10.0,UPI,Mobile App,Patna,Bihar,,cancelled ,,,,2.0
ORD100753,CUST0562,Customer_562,2025-06-12,Sports,Skipping Rope,1.0,5607.74,50.0,Net Banking,WEB,Nagpur,Maharashtra,06/15/2025,DELIVERED ,,,,4.0
ORD102311,CUST0192,Customer_192,19/01/25,Beauty ,Sunscreen,1.0,1757.81,5.0,Debit Card,app,Chandigarh,Punjab,01/21/2025,RTO,,1513.14,2025-01-31,1.0
ORD102785,CUST0556,Customer_556,05/04/25,home & kitchen,Non-stick Pan,-1.0,228.99,-5.0,UPI,app,Jaipur,Rajasthan,,DELIVERED ,,,,3.0
ORD100263,CUST0142,Customer_142,04/21/2025,SPORTS,Skipping Rope,1.0,1957.64,10.0,upi,App,Kochi,Kerala,24/04/25,RTO,Product Damaged,1886.95,30 Apr 2025,
ORD101885,CUST0178,Customer_178,06 May 2025, Fashion,Men Tshirt,2.0,2187.54,25.0,Cash on Delivery,Mobile App,Bangalore,Karnataka,2025-05-13,Cancelled,,,,2.0
ORD101377,CUST0178,Customer_178,17 Mar 2025,electronics,Mobile Cover,1.0,2912.26,5.0,Debit Card,Web,Lucknow,Uttar Pradesh,2025-03-21,delivered,,,,2.0
ORD101243,CUST0106,Customer_106,05/05/2025, Electronics,Headphones,-1.0,3317.75,5.0,Credit Card,Web,Bhopal,Madhya Pradesh,,In Transit,,,,2.0
ORD100299,CUST0062,Customer_62,15 Feb 2025,HOME & KITCHEN,LED Bulb,0.0,555.98,30.0,Net Banking,App,Hyderabad,Telangana,18 Feb 2025,delivered,,,,5.0
ORD102347,CUST0586,Customer_586,2025-06-12, Fashion,Women Kurti,1.0,4515.74,25.0,Debit Card,WEB,Lucknow,Uttar Pradesh,14-06-2025,delivered,,,,5.0
ORD101596,CUST0564,Customer_564,16-04-2025, Fashion,Women Kurti,0.0,3494.74,30.0,Credit Card,Mobile App,Kochi,Kerala,04/25/2025,DELIVERED ,,,,
ORD102076,CUST0489,Customer_489,26/01/25,Sports,Skipping Rope,2.0,1985.59,120.0,Debit Card,WEB,Kolkata,West Bengal,2025-02-02,RTO,Quality Not as Expected,3312.0,11-02-2025,
ORD101406,CUST0308,Customer_308,07 Mar 2025,Electronics,Power Bank,2.0,2492.62,5.0,UPI,Mobile App,Ahmedabad,Gujarat,03/15/2025,RTO,Quality Not as Expected,4344.99,03/24/2025,
ORD100513,CUST0357,Customer_357,02/14/2025, Sports,Cricket Bat,0.0,2700.96,20.0,Credit Card,Web,Ahmedabad,Gujarat,21/02/25,returned,,2606.04,2025-02-26,2.0
ORD100038,CUST0436,Customer_436,20/03/25,ELECTRONICS,Mobile Cover,1.0,"5,464.21",10.0,upi,WEB,Ahmedabad,Gujarat,25 Mar 2025,RTO,Wrong Item Delivered,4634.41,,1.0
ORD102308,CUST0171,Customer_171,05/30/2025,SPORTS,Cricket Bat,-1.0,1417.46,20.0,upi,app,Patna,Bihar,03/06/25,cancelled ,,,,
ORD100864,CUST0132,Customer_132,17-06-2025,ELECTRONICS,Mobile Cover,3.0,5968.22,5.0,Credit Card,Mobile App,Lucknow,Uttar Pradesh,29/06/25,Returned,Changed Mind,16703.42,07-07-2025,3.0
ORD102219,CUST0314,Customer_314,13/02/25,Fashion ,Handbag,1.0,2233.67,-5.0,Debit Card,app,Chandigarh,Punjab,,cancelled ,,,,2.0
ORD100399,CUST0067,Customer_67,03/12/2025,Sports,Dumbbells,1.0,1668.8,120.0,upi,Mobile App,Kolkata,West Bengal,24/03/25,Delivered,,,,1.0
ORD101316,CUST0452,Customer_452,16-05-2025,FASHION,Men Tshirt,2.0,1790.32,120.0,upi,Web,Ahmedabad,Gujarat,25-05-2025,returned,Size Issue,,29 May 2025,5.0
ORD101063,CUST0353,Customer_353,05/02/25,Beauty,Face Wash,2.0,660.06,120.0,upi,Web,Nagpur,Maharashtra,07 Feb 2025,Cancelled,,,,
ORD101323,CUST0357,Customer_357,01/20/2025,Home & Kitchen ,Mixer Grinder,1.0,1554.55,0.0,UPI,App,Bangalore,Karnataka,,In Transit,,,,
ORD102529,CUST0289,Customer_289,2025-03-18,beauty,Hair Oil,0.0,2349.95,5.0,COD,app,Hyderabad,Telangana,28-03-2025,Cancelled,,,,5.0
ORD102266,CUST0378,Customer_378,01/17/2025,fashion,Women Kurti,-1.0,2311.31,30.0,upi,WEB,Kolkata,West Bengal,21/01/25,Delivered,,,,3.0
ORD101418,CUST0003,Customer_3,2025-01-11, Beauty,Perfume,1.0,3873.58,10.0,Net Banking,App,Indore,MP,,In Transit,,,,2.0
ORD100396,CUST0488,Customer_488,18-05-2025,ELECTRONICS,Headphones,-1.0,3401.38,30.0,upi,App,Surat,gujarat,,delivered,,,,
ORD100095,CUST0486,Customer_486,04/08/2025,Home & Kitchen ,Storage Box,2.0,4370.19,-5.0,UPI,WEB,Hyderabad,Telangana,09-04-2025,Returned,Quality Not as Expected,7201.09,18/04/25,
ORD102273,CUST0456,Customer_456,29 Mar 2025,Sports ,Football,1.0,4743.49,-5.0,Net Banking,WEB,Chennai,Tamil Nadu,10/04/25,DELIVERED ,,,,1.0
ORD101531,CUST0475,Customer_475,06/05/25,BEAUTY,Hair Oil,0.0,4709.51,25.0,Credit Card,App,Kochi,Kerala,,In Transit,,,,3.0
ORD100929,CUST0004,Customer_4,17-01-2025,HOME & KITCHEN,LED Bulb,1.0,5287.98,20.0,Credit Card,app,Delhi,Delhi,,In Transit,,,,3.0
ORD102630,CUST0361,Customer_361,01/03/25,Sports,Skipping Rope,1.0,4026.83,10.0,Debit Card,Mobile App,Bhopal,Madhya Pradesh,08 Mar 2025,delivered,,,,2.0
ORD102110,CUST0346,Customer_346,24/05/25,Home & Kitchen ,Mixer Grinder,1.0,3067.06,20.0,UPI,App,Kochi,Kerala,,delivered,,,,
ORD101871,CUST0144,Customer_144,02/04/2025,BEAUTY,Sunscreen,3.0,"2,323.06",-5.0,Debit Card,App,Hyderabad,Telangana,08-02-2025,Returned,Wrong Item Delivered,5965.66,09 Feb 2025,1.0
ORD100735,CUST0357,Customer_357,06/06/2025,home & kitchen,Non-stick Pan,-1.0,1779.35,15.0,Net Banking,app,Kochi,Kerala,2025-06-10,returned,Damaged in transit,1556.09,,5.0
ORD102536,CUST0383,Customer_383,04-05-2025,Electronics ,Headphones,2.0,4124.06,30.0,Credit Card,Web,Jaipur,Rajasthan,14 May 2025,RTO,Changed Mind,5823.85,,3.0
ORD101456,CUST0099,Customer_99,2025-05-31,Electronics,Power Bank,3.0,5691.18,0.0,COD,app,Jaipur,Rajasthan,2025-06-05,Delivered,,,,3.0
ORD100197,CUST0255,Customer_255,18/03/25,home & kitchen,Bedsheet,2.0,2799.15,120.0,Credit Card,Web,Hyderabad,Telangana,30/03/25,Cancelled,,,,5.0
ORD100408,CUST0146,Customer_146,03/14/2025,HOME & KITCHEN,Bedsheet,3.0,₹406.84,15.0,Credit Card,Web,Kochi,Kerala,2025-03-19,Returned,Damaged in transit,,21-03-2025,3.0
ORD100579,CUST0098,Customer_98,12 Mar 2025,SPORTS,Football,2.0,4740.91,20.0,COD,app,Patna,Bihar,14/03/25,Returned,quality issue,,2025-03-23,
ORD100841,CUST0183,Customer_183,29/03/25,HOME & KITCHEN,Bedsheet,1.0,2511.36,15.0,UPI,Mobile App,Chandigarh,Punjab,04/09/2025,RTO,,2033.55,17/04/25,5.0
ORD100779,CUST0416,Customer_416,03/27/2025,sports,Yoga Mat,1.0,3606.5,5.0,COD,Web,Mumbai,Maharashtra,07-04-2025,DELIVERED ,,,,3.0
ORD102209,CUST0387,Customer_387,10 Mar 2025,Beauty,Hair Oil,1.0,4323.2,5.0,Net Banking,app,Chennai,Tamil Nadu,11-03-2025,Cancelled,,,,
ORD100318,CUST0377,Customer_377,01/28/2025, Electronics,Smartwatch,1.0,619.0,5.0,Cash on Delivery,Web,Bengaluru,Karnataka,30 Jan 2025,returned,Late Delivery,437.51,02/08/2025,
ORD101814,CUST0091,Customer_91,2025-03-16,electronics,Headphones,2.0,1259.1,20.0,Net Banking,App,Bhopal,Madhya Pradesh,19/03/25,Returned,Wrong Item Delivered,,20-03-2025,
ORD101214,CUST0153,Customer_153,2025-05-31,Home & Kitchen,Mixer Grinder,2.0,4225.59,50.0,UPI,Mobile App,Ahmedabad,Gujarat,02-06-2025,Returned,Quality Not as Expected,7033.44,09-06-2025,4.0
ORD101355,CUST0459,Customer_459,2025-06-17, Electronics,Bluetooth Speaker,0.0,5001.23,0.0,upi,App,Mumbai,Maharashtra,26 Jun 2025,delivered,,,,5.0
ORD101616,CUST0542,Customer_542,14/04/25,SPORTS,Skipping Rope,0.0,1749.62,-5.0,Credit Card,app,Indore,MP,24-04-2025,Cancelled,,,,4.0
ORD101189,CUST0527,Customer_527,2025-01-08,Home & Kitchen ,Mixer Grinder,-1.0,1081.17,30.0,Credit Card,WEB,Kolkata,West Bengal,,In Transit,,,,
ORD101190,CUST0300,Customer_300,16/02/25,Sports,Dumbbells,0.0,₹1275.95,30.0,UPI,Mobile App,Lucknow,Uttar Pradesh,27-02-2025,Returned,,1072.59,03/04/2025,
ORD102708,CUST0121,Customer_121,04-02-2025,ELECTRONICS,Headphones,3.0,2513.21,30.0,Net Banking,App,Bengaluru,Karnataka,16-02-2025,Delivered,,,,
ORD100545,CUST0209,Customer_209,17/02/25,Electronics,Smartwatch,3.0,4680.16,25.0,Net Banking,app,Patna,Bihar,21/02/25,Refunded,Quality Not as Expected,12181.65,,2.0
ORD101293,CUST0567,Customer_567,14/02/25,Beauty,Sunscreen,1.0,4885.82,0.0,Debit Card,Mobile App,Nagpur,Maharashtra,2025-02-20,Returned,Not as described,4336.16,,4.0
ORD100547,CUST0531,Customer_531,2025-05-01,sports,Skipping Rope,-1.0,3769.07,-5.0,Debit Card,App,Hyderabad,Telangana,2025-05-02,Delivered,,,,
ORD101419,CUST0514,Customer_514,2025-06-17,BEAUTY,Sunscreen,1.0,1473.2,20.0,UPI,Mobile App,Ahmedabad,Gujarat,22 Jun 2025,cancelled ,,,,
ORD101999,CUST0116,Customer_116,17 Jan 2025,sports,Skipping Rope,2.0,1694.08,30.0,Debit Card,WEB,Patna,Bihar,2025-01-27,Returned,Changed Mind,2612.61,01/29/2025,4.0
ORD101110,CUST0569,Customer_569,2025-02-13,FASHION,Women Kurti,3.0,200.44,30.0,Credit Card,App,Kolkata,West Bengal,02/16/2025,Refunded,size issue,451.51,,5.0
ORD102115,CUST0357,Customer_357,2025-05-10,Electronics,Mobile Cover,1.0,5409.87,10.0,upi,WEB,Chandigarh,Punjab,16-05-2025,Cancelled,,,,
ORD102132,CUST0132,Customer_132,05/15/2025,fashion,Men Tshirt,1.0,4891.13,120.0,Debit Card,App,Bengaluru,Karnataka,26-05-2025,delivered,,,,3.0
ORD102579,CUST0113,Customer_113,14/02/25, Beauty,Lipstick,1.0,4638.51,30.0,UPI,Web,Ahmedabad,Gujarat,02/26/2025,delivered,,,,1.0
ORD101623,CUST0008,Customer_8,04-04-2025,sports,Yoga Mat,1.0,3645.06,120.0,Credit Card,Mobile App,Nagpur,Maharashtra,16 Apr 2025,Refunded,Damaged in transit,2705.18,21/04/25,
ORD100591,CUST0318,Customer_318,2025-01-09,home & kitchen,Mixer Grinder,2.0,₹3091.34,20.0,Debit Card,App,Kolkata,West Bengal,,Refunded,Not as described,5928.92,26 Jan 2025,
ORD100833,CUST0374,Customer_374,03/25/2025,Electronics ,Power Bank,1.0,643.46,25.0,Cash on Delivery,app,Mumbai,Maharashtra,2025-04-01,delivered,,,,
ORD101233,CUST0064,Customer_64,27 Jan 2025, Electronics,Power Bank,2.0,370.53,5.0,Cash on Delivery,App,Nagpur,Maharashtra,01/02/25,Delivered,,,,5.0
ORD102069,CUST0557,Customer_557,2025-02-13,ELECTRONICS,Headphones,2.0,2755.52,30.0,UPI,App,Patna,Bihar,19 Feb 2025,Cancelled,,,,4.0
ORD102256,CUST0267,Customer_267,08 Feb 2025,BEAUTY,Hair Oil,0.0,461.78,25.0,Debit Card,WEB,Jaipur,Rajasthan,,In Transit,,,,3.0
ORD101299,CUST0326,Customer_326,2025-04-22,Sports,Skipping Rope,1.0,2042.23,10.0,Cash on Delivery,Web,Kochi,Kerala,30-04-2025,RTO,Late Delivery,1884.19,,1.0
ORD100671,CUST0193,Customer_193,26/01/25,beauty,Face Wash,1.0,5512.17,-5.0,Net Banking,WEB,Kochi,Kerala,06/02/25,delivered,,,,4.0
ORD100892,CUST0319,Customer_319,2025-04-26,home & kitchen,Bedsheet,0.0,4574.16,-5.0,COD,Web,Mumbai,Maharashtra,30/04/25,Cancelled,,,,
ORD101359,CUST0573,Customer_573,06-01-2025,ELECTRONICS,Power Bank,3.0,3146.07,5.0,UPI,Mobile App,Jaipur,Rajasthan,14 Jan 2025,DELIVERED ,,,,1.0
ORD101085,CUST0474,Customer_474,09 May 2025,Beauty,Lipstick,3.0,528.25,0.0,Net Banking,Web,Patna,Bihar,2025-05-15,delivered,,,,1.0
ORD101219,CUST0435,Customer_435,03/23/2025,Fashion ,Women Kurti,1.0,903.04,0.0,Debit Card,WEB,Pune,Maharashtra,03/26/2025,RTO,Product Damaged,658.03,05-04-2025,2.0
ORD101003,CUST0364,Customer_364,26 Apr 2025, Sports,Dumbbells,1.0,4010.91,0.0,Cash on Delivery,WEB,Surat,gujarat,,In Transit,,,,4.0
ORD100288,CUST0178,Customer_178,06/21/2025,BEAUTY,Lipstick,-1.0,5083.47,20.0,upi,WEB,Bengaluru,Karnataka,22-06-2025,DELIVERED ,,,,3.0
ORD101542,CUST0547,Customer_547,19/03/25,Electronics,Power Bank,3.0,2159.5,50.0,Net Banking,Mobile App,Indore,MP,25/03/25,Delivered,,,,5.0
ORD101779,CUST0070,Customer_70,02/01/25, Home & Kitchen,LED Bulb,2.0,₹801.68,10.0,Credit Card,App,Surat,gujarat,11/01/25,RTO,Duplicate Order,1597.66,,4.0
ORD102707,CUST0304,Customer_304,15 Jan 2025,Sports ,Football,-1.0,745.09,15.0,Cash on Delivery,app,Chandigarh,Punjab,16-01-2025,RTO,quality issue,536.8,,
ORD102662,CUST0293,Customer_293,22 Jan 2025,Home & Kitchen ,Non-stick Pan,-1.0,226.7,120.0,upi,Web,Lucknow,Uttar Pradesh,02/03/2025,returned,Not as described,214.63,10/02/25,
ORD102762,CUST0428,Customer_428,21/01/25,Fashion,Women Kurti,3.0,4484.17,-5.0,upi,Mobile App,Mumbai,Maharashtra,26 Jan 2025,Refunded,Wrong Item Delivered,11018.95,,
ORD101135,CUST0460,Customer_460,2025-01-11,electronics,Smartwatch,2.0,2346.28,20.0,Net Banking,App,Kolkata,West Bengal,15 Jan 2025,Cancelled,,,,
ORD100858,CUST0407,Customer_407,06/05/25,ELECTRONICS,Mobile Cover,1.0,₹370.29,120.0,Debit Card,Web,Surat,gujarat,15/05/25,Refunded,,337.51,2025-05-24,3.0
ORD102537,CUST0377,Customer_377,26-04-2025,SPORTS,Football,3.0,581.37,25.0,COD,App,Chennai,Tamil Nadu,30-04-2025,Cancelled,,,,1.0
ORD102554,CUST0561,Customer_561,2025-01-20,ELECTRONICS,Headphones,2.0,4885.43,-5.0,UPI,App,Ahmedabad,Gujarat,28-01-2025,Refunded,size issue,9102.63,,
ORD100688,CUST0163,Customer_163,24-04-2025, Sports,Skipping Rope,2.0,4186.29,10.0,COD,Web,Indore,MP,27 Apr 2025,Delivered,,,,
ORD100201,CUST0560,Customer_560,12-05-2025,SPORTS,Dumbbells,2.0,"2,775.57",10.0,Credit Card,Web,Kolkata,West Bengal,13/05/25,cancelled ,,,,5.0
ORD101352,CUST0492,Customer_492,03/25/2025,Electronics ,Smartwatch,-1.0,4869.01,20.0,Debit Card,App,Indore,MP,04 Apr 2025,Cancelled,,,,2.0
ORD101228,CUST0171,Customer_171,05/23/2025,electronics,Headphones,-1.0,4914.93,0.0,Credit Card,App,Delhi,Delhi,06/04/2025,cancelled ,,,,
ORD100856,CUST0403,Customer_403,06-06-2025,Home & Kitchen,Non-stick Pan,3.0,1677.07,50.0,UPI,Web,Surat,gujarat,14/06/25,DELIVERED ,,,,
ORD100526,CUST0356,Customer_356,03/20/2025,home & kitchen,Storage Box,1.0,701.32,50.0,Debit Card,WEB,Bangalore,Karnataka,03/26/2025,DELIVERED ,,,,1.0
ORD102068,CUST0056,Customer_56,25/04/25,Sports ,Yoga Mat,2.0,2761.28,5.0,Cash on Delivery,Web,Kochi,Kerala,30/04/25,returned,Late Delivery,,05 May 2025,4.0
ORD102518,CUST0467,Customer_467,05/16/2025,fashion,Women Kurti,1.0,₹717.28,25.0,COD,Web,Bangalore,Karnataka,22/05/25,Refunded,Product Damaged,615.59,28-05-2025,1.0
ORD101756,CUST0258,Customer_258,30-04-2025,ELECTRONICS,Power Bank,3.0,"5,107.52",0.0,UPI,app,Bangalore,Karnataka,2025-05-04,Cancelled,,,,
ORD100507,CUST0248,Customer_248,2025-06-03,Electronics,Power Bank,1.0,303.54,120.0,Net Banking,WEB,Chennai,Tamil Nadu,06 Jun 2025,Cancelled,,,,
ORD100480,CUST0289,Customer_289,19 Jan 2025,ELECTRONICS,Bluetooth Speaker,1.0,4932.37,10.0,upi,Mobile App,Delhi,Delhi,27 Jan 2025,Returned,Product Damaged,4648.25,03 Feb 2025,1.0
ORD102401,CUST0241,Customer_241,02/19/2025,beauty,Hair Oil,2.0,5401.88,30.0,upi,App,Bengaluru,Karnataka,27/02/25,cancelled ,,,,1.0
ORD102440,CUST0504,Customer_504,2025-01-25,beauty,Face Wash,1.0,5693.71,10.0,UPI,Mobile App,Jaipur,Rajasthan,06 Feb 2025,delivered,,,,3.0
ORD100397,CUST0367,Customer_367,2025-01-06,Beauty,Lipstick,1.0,2856.75,15.0,Cash on Delivery,Web,Ahmedabad,Gujarat,10/01/25,Cancelled,,,,
ORD102109,CUST0386,Customer_386,08-03-2025, Fashion,Jeans,3.0,198.15,30.0,Cash on Delivery,App,Bhopal,Madhya Pradesh,18/03/25,cancelled ,,,,
ORD101601,CUST0399,Customer_399,2025-04-29,HOME & KITCHEN,LED Bulb,3.0,"5,721.81",0.0,COD,Mobile App,Nagpur,Maharashtra,2025-05-11,Delivered,,,,3.0
ORD100650,CUST0103,Customer_103,13-03-2025,FASHION,Handbag,1.0,3313.81,15.0,COD,WEB,Bhopal,Madhya Pradesh,18/03/25,cancelled ,,,,5.0
ORD101288,CUST0045,Customer_45,24/05/25,ELECTRONICS,Power Bank,-1.0,202.14,25.0,Net Banking,WEB,Jaipur,Rajasthan,04 Jun 2025,Returned,Late Delivery,153.83,13/06/25,4.0
ORD102663,CUST0191,Customer_191,02/12/2025,Beauty ,Perfume,1.0,262.09,5.0,Cash on Delivery,Mobile App,Bangalore,Karnataka,2025-02-19,returned,Size Issue,221.85,,
ORD100603,CUST0547,Customer_547,2025-04-03, Electronics,Bluetooth Speaker,1.0,1446.91,25.0,UPI,Web,Indore,MP,,In Transit,,,,4.0
ORD100241,CUST0449,Customer_449,06 Apr 2025,Electronics,Smartwatch,1.0,236.14,50.0,Debit Card,WEB,Pune,Maharashtra,04/12/2025,Delivered,,,,
ORD102688,CUST0204,Customer_204,2025-01-04,sports,Dumbbells,0.0,"4,066.54",5.0,Credit Card,Mobile App,Mumbai,Maharashtra,08/01/25,Refunded,Product Damaged,3109.57,13/01/25,3.0
ORD100449,CUST0307,Customer_307,11-04-2025,Fashion ,Men Tshirt,-1.0,2123.85,30.0,upi,Mobile App,Hyderabad,Telangana,,In Transit,,,,3.0
ORD100662,CUST0423,Customer_423,2025-06-30,Fashion ,Handbag,-1.0,3819.44,20.0,Net Banking,app,Jaipur,Rajasthan,07/07/2025,returned,size issue,2827.71,11/07/25,3.0
ORD102583,CUST0027,Customer_27,18 Apr 2025, Beauty,Hair Oil,1.0,3723.63,50.0,Cash on Delivery,WEB,Bhopal,Madhya Pradesh,25-04-2025,Cancelled,,,,4.0
ORD100014,CUST0406,Customer_406,25-05-2025, Fashion,Jeans,3.0,"5,584.76",-5.0,Debit Card,App,Bengaluru,Karnataka,2025-06-03,delivered,,,,
ORD102408,CUST0274,Customer_274,04/06/2025,SPORTS,Football,1.0,494.11,5.0,Credit Card,Web,Lucknow,Uttar Pradesh,10-04-2025,Cancelled,,,,
ORD100853,CUST0334,Customer_334,11-04-2025,Fashion,Handbag,0.0,2387.11,5.0,upi,WEB,Delhi,Delhi,,In Transit,,,,
ORD102469,CUST0335,Customer_335,01/13/2025, Electronics,Bluetooth Speaker,1.0,2691.57,20.0,Debit Card,app,Patna,Bihar,21 Jan 2025,RTO,Quality Not as Expected,2545.03,2025-01-31,2.0
ORD100377,CUST0172,Customer_172,01/26/2025,electronics,Smartwatch,1.0,4410.84,50.0,COD,WEB,Hyderabad,Telangana,01-02-2025,Cancelled,,,,1.0
ORD102145,CUST0475,Customer_475,2025-01-26, Fashion,Women Kurti,0.0,₹3752.97,0.0,upi,Web,Surat,gujarat,01/28/2025,returned,Late Delivery,3232.3,01/02/25,3.0
ORD100264,CUST0311,Customer_311,2025-06-07,BEAUTY,Hair Oil,2.0,774.61,-5.0,Credit Card,App,Chennai,Tamil Nadu,17/06/25,RTO,Quality Not as Expected,,20/06/25,
ORD100616,CUST0230,Customer_230,06/06/2025,Fashion ,Handbag,1.0,3657.47,25.0,UPI,Mobile App,Lucknow,Uttar Pradesh,16-06-2025,DELIVERED ,,,,
ORD100504,CUST0512,Customer_512,01/30/2025, Beauty,Perfume,3.0,2210.44,25.0,Net Banking,WEB,Bangalore,Karnataka,06/02/25,Refunded,quality issue,5954.14,11/02/25,2.0
ORD100058,CUST0441,Customer_441,2025-04-20, Beauty,Lipstick,3.0,4990.4,25.0,UPI,App,Nagpur,Maharashtra,26 Apr 2025,returned,size issue,13824.06,29/04/25,1.0
ORD100893,CUST0265,Customer_265,2025-04-12,BEAUTY,Perfume,1.0,4656.98,5.0,upi,WEB,Mumbai,Maharashtra,22-04-2025,RTO,Product Damaged,3425.32,,3.0
ORD102080,CUST0360,Customer_360,14 Mar 2025, Fashion,Jeans,1.0,1800.02,10.0,UPI,Web,Pune,Maharashtra,17 Mar 2025,cancelled ,,,,
ORD101391,CUST0589,Customer_589,2025-03-24,BEAUTY,Hair Oil,1.0,1501.65,50.0,Debit Card,Mobile App,Patna,Bihar,03/04/25,Cancelled,,,,5.0
ORD102560,CUST0253,Customer_253,05/04/2025,sports,Skipping Rope,0.0,5281.16,-5.0,Net Banking,Mobile App,Kochi,Kerala,10 May 2025,returned,Product Damaged,4960.5,15-05-2025,5.0
ORD100233,CUST0267,Customer_267,20/02/25,Home & Kitchen ,LED Bulb,2.0,2163.22,-5.0,Debit Card,app,Ahmedabad,Gujarat,03/03/2025,RTO,Duplicate Order,4034.07,05 Mar 2025,5.0
ORD101727,CUST0406,Customer_406,2025-03-19, Electronics,Headphones,2.0,5073.14,10.0,Credit Card,App,Mumbai,Maharashtra,03/24/2025,Cancelled,,,,
ORD102496,CUST0505,Customer_505,01-05-2025,beauty,Lipstick,1.0,5338.14,-5.0,Debit Card,app,Jaipur,Rajasthan,12/05/25,Cancelled,,,,4.0
ORD100921,CUST0286,Customer_286,05/02/2025, Beauty,Face Wash,1.0,5762.12,10.0,Debit Card,app,Pune,Maharashtra,11-05-2025,returned,Size Issue,5372.63,05/18/2025,3.0
ORD101451,CUST0489,Customer_489,19 Mar 2025,ELECTRONICS,Bluetooth Speaker,1.0,4769.42,10.0,Credit Card,Mobile App,Hyderabad,Telangana,26-03-2025,Returned,Not as described,,,1.0
ORD100972,CUST0509,Customer_509,04/18/2025,Beauty ,Hair Oil,0.0,3619.55,5.0,Cash on Delivery,app,Kolkata,West Bengal,24-04-2025,cancelled ,,,,
ORD102567,CUST0106,Customer_106,2025-04-23, Home & Kitchen,Non-stick Pan,0.0,₹4772.58,-5.0,upi,Web,Delhi,Delhi,30/04/25,Delivered,,,,
ORD102694,CUST0400,Customer_400,23/05/25, Beauty,Sunscreen,2.0,4933.84,25.0,Cash on Delivery,app,Pune,Maharashtra,2025-05-29,Returned,Changed Mind,,04 Jun 2025,2.0
ORD100174,CUST0068,Customer_68,02/19/2025, Home & Kitchen,Storage Box,1.0,4716.02,10.0,Debit Card,Web,Pune,Maharashtra,,Delivered,,,,
ORD100142,CUST0422,Customer_422,31 Mar 2025,SPORTS,Football,1.0,5395.07,30.0,Net Banking,Mobile App,Chennai,Tamil Nadu,03-04-2025,Cancelled,,,,5.0
ORD100205,CUST0099,Customer_99,25 Jun 2025,Fashion ,Handbag,1.0,3817.56,15.0,upi,Web,Nagpur,Maharashtra,29 Jun 2025,delivered,,,,
ORD101847,CUST0080,Customer_80,03/27/2025, Sports,Skipping Rope,0.0,2520.78,15.0,UPI,App,Bangalore,Karnataka,01 Apr 2025,Returned,quality issue,1950.46,2025-04-03,3.0
ORD101854,CUST0249,Customer_249,13 May 2025,Beauty ,Hair Oil,1.0,5303.57,5.0,UPI,WEB,Jaipur,Rajasthan,25 May 2025,RTO,size issue,4136.14,,1.0
ORD102305,CUST0328,Customer_328,07-01-2025, Beauty,Lipstick,1.0,5927.15,120.0,upi,Web,Mumbai,Maharashtra,,In Transit,Quality Not as Expected,,,4.0
ORD100771,CUST0160,Customer_160,30 Jan 2025,ELECTRONICS,Headphones,1.0,4705.19,10.0,Net Banking,App,Surat,gujarat,01/02/25,Cancelled,,,,5.0
ORD101569,CUST0240,Customer_240,2025-01-10,Home & Kitchen ,Mixer Grinder,2.0,677.99,120.0,upi,App,Pune,Maharashtra,2025-01-16,DELIVERED ,,,,
ORD102171,CUST0341,Customer_341,2025-04-11,ELECTRONICS,Bluetooth Speaker,2.0,"5,969.61",10.0,Debit Card,WEB,Surat,gujarat,2025-04-19,Cancelled,,,,
ORD100682,CUST0586,Customer_586,2025-03-06,Beauty ,Hair Oil,-1.0,2780.58,-5.0,Net Banking,app,Surat,gujarat,03/14/2025,Refunded,Damaged in transit,,17 Mar 2025,5.0
ORD102370,CUST0136,Customer_136,20/02/25,fashion,Handbag,1.0,4339.7,0.0,COD,WEB,Kochi,Kerala,2025-02-24,Delivered,,,,
ORD102090,CUST0263,Customer_263,2025-05-06,Sports,Cricket Bat,3.0,2831.0,15.0,upi,app,Jaipur,Rajasthan,2025-05-18,returned,,7151.27,05/25/2025,4.0
ORD100708,CUST0241,Customer_241,20-05-2025,electronics,Bluetooth Speaker,3.0,624.78,30.0,upi,Web,Indore,MP,,In Transit,,,,2.0
ORD101973,CUST0597,Customer_597,2025-04-29, Beauty,Sunscreen,2.0,1181.62,20.0,COD,WEB,Ahmedabad,Gujarat,08/05/25,RTO,Size Issue,2062.8,12/05/25,3.0
ORD101125,CUST0211,Customer_211,05/02/2025,Fashion,Men Tshirt,-1.0,4613.59,0.0,upi,Mobile App,Nagpur,Maharashtra,12/05/25,RTO,Late Delivery,3908.46,2025-05-19,4.0
ORD101611,CUST0446,Customer_446,24-01-2025,Home & Kitchen,Non-stick Pan,0.0,490.52,10.0,COD,WEB,Hyderabad,Telangana,05 Feb 2025,DELIVERED ,,,,3.0
ORD102231,CUST0463,Customer_463,06/16/2025,Fashion ,Women Kurti,2.0,3192.57,0.0,Net Banking,App,Kolkata,West Bengal,06/27/2025,Delivered,,,,
ORD102216,CUST0083,Customer_83,2025-03-30,Fashion,Jeans,0.0,2614.38,-5.0,COD,Web,Delhi,Delhi,07-04-2025,delivered,,,,
ORD101802,CUST0284,Customer_284,2025-02-24,Fashion ,Sneakers,0.0,5627.96,120.0,upi,Mobile App,Hyderabad,Telangana,04/03/25,delivered,,,,2.0
ORD102580,CUST0193,Customer_193,2025-04-23, Fashion,Jeans,1.0,4324.6,120.0,upi,app,Bhopal,Madhya Pradesh,2025-04-28,Refunded,Wrong Item Delivered,3726.31,,
ORD102558,CUST0404,Customer_404,03/28/2025,BEAUTY,Perfume,1.0,663.15,50.0,Debit Card,App,Nagpur,Maharashtra,06 Apr 2025,RTO,Wrong Item Delivered,656.14,04/11/2025,4.0
ORD101874,CUST0354,Customer_354,22 Feb 2025,FASHION,Men Tshirt,2.0,4482.08,-5.0,Net Banking,app,Bangalore,Karnataka,24/02/25,Refunded,Late Delivery,7779.11,06/03/25,5.0
ORD102062,CUST0324,Customer_324,08-02-2025, Beauty,Lipstick,2.0,1202.4,20.0,COD,app,Chennai,Tamil Nadu,13 Feb 2025,RTO,size issue,2049.98,,5.0
ORD102677,CUST0588,Customer_588,02/07/2025,HOME & KITCHEN,Mixer Grinder,1.0,₹5892.08,10.0,Credit Card,Web,Bengaluru,Karnataka,11/02/25,Delivered,,,,
ORD100512,CUST0125,Customer_125,01/30/2025,Fashion,Handbag,1.0,3180.27,25.0,Debit Card,app,Bengaluru,Karnataka,05-02-2025,Delivered,,,,2.0
ORD102515,CUST0306,Customer_306,2025-05-23,Beauty,Hair Oil,2.0,5386.15,50.0,Credit Card,WEB,Delhi,Delhi,25/05/25,DELIVERED ,,,,
ORD102379,CUST0345,Customer_345,07 Apr 2025,Electronics ,Smartwatch,-1.0,1282.79,20.0,Net Banking,Mobile App,Ahmedabad,Gujarat,2025-04-08,RTO,quality issue,950.85,04/14/2025,3.0
ORD100101,CUST0280,Customer_280,2025-03-28,fashion,Men Tshirt,1.0,4427.05,0.0,Cash on Delivery,WEB,Indore,MP,04/08/2025,RTO,Late Delivery,3631.29,,3.0
ORD100013,CUST0515,Customer_515,14-04-2025,Sports,Dumbbells,1.0,"5,130.35",15.0,COD,Mobile App,Nagpur,Maharashtra,18-04-2025,RTO,Not as described,5029.86,04/24/2025,5.0
ORD101417,CUST0405,Customer_405,19 Jun 2025, Home & Kitchen,Bedsheet,1.0,₹4434.04,30.0,COD,Web,Surat,gujarat,06/21/2025,cancelled ,,,,
ORD101436,CUST0036,Customer_36,06/19/2025,electronics,Mobile Cover,-1.0,5792.08,-5.0,Credit Card,Mobile App,Patna,Bihar,,In Transit,,,,2.0
ORD101284,CUST0009,Customer_9,2025-02-19,BEAUTY,Face Wash,1.0,431.09,10.0,upi,WEB,Lucknow,Uttar Pradesh,27-02-2025,returned,,429.21,,
ORD100808,CUST0247,Customer_247,11 Jan 2025,SPORTS,Yoga Mat,0.0,1418.18,15.0,COD,app,Chandigarh,Punjab,23-01-2025,Delivered,,,,2.0
ORD101237,CUST0307,Customer_307,2025-05-11, Home & Kitchen,Non-stick Pan,1.0,4669.75,50.0,Net Banking,App,Hyderabad,Telangana,18 May 2025,Refunded,Damaged in transit,4619.29,,
ORD101445,CUST0082,Customer_82,04/26/2025,SPORTS,Skipping Rope,1.0,1190.23,50.0,Cash on Delivery,app,Bangalore,Karnataka,08 May 2025,cancelled ,,,,5.0
ORD102722,CUST0426,Customer_426,10/04/25,beauty,Sunscreen,2.0,"2,246.22",20.0,Debit Card,Mobile App,Surat,gujarat,,In Transit,,,,
ORD102111,CUST0363,Customer_363,2025-01-12,Beauty ,Face Wash,1.0,2498.74,25.0,upi,Web,Kolkata,West Bengal,2025-01-24,returned,Not as described,1944.45,,
ORD100741,CUST0219,Customer_219,07 Jun 2025,Fashion,Men Tshirt,-1.0,4317.69,30.0,COD,Mobile App,Patna,Bihar,06/16/2025,Delivered,,,,1.0
ORD101083,CUST0511,Customer_511,23 Mar 2025,BEAUTY,Hair Oil,0.0,3107.55,5.0,Net Banking,App,Bengaluru,Karnataka,01-04-2025,Returned,Changed Mind,2482.48,,4.0
ORD101079,CUST0392,Customer_392,2025-06-24, Sports,Cricket Bat,2.0,2480.7,50.0,Net Banking,app,Chennai,Tamil Nadu,01-07-2025,delivered,,,,3.0
ORD100118,CUST0278,Customer_278,05/31/2025,electronics,Headphones,1.0,"1,199.22",15.0,Net Banking,WEB,Chennai,Tamil Nadu,02/06/25,cancelled ,,,,
ORD101891,CUST0569,Customer_569,2025-06-09,Electronics,Power Bank,1.0,4250.9,20.0,Credit Card,Mobile App,Lucknow,Uttar Pradesh,,In Transit,,,,4.0
ORD102614,CUST0568,Customer_568,10 Jan 2025,Beauty,Sunscreen,1.0,5594.27,10.0,Net Banking,Mobile App,Indore,MP,,Cancelled,,,,
ORD100564,CUST0203,Customer_203,01/26/2025,Fashion,Sneakers,1.0,856.61,50.0,UPI,Web,Bangalore,Karnataka,,Delivered,,,,
ORD101049,CUST0078,Customer_78,15-04-2025,BEAUTY,Perfume,1.0,851.71,20.0,COD,App,Nagpur,Maharashtra,17/04/25,Refunded,Changed Mind,658.77,,3.0
ORD100491,CUST0189,Customer_189,12-02-2025,Sports,Skipping Rope,0.0,2942.89,30.0,UPI,App,Delhi,Delhi,2025-02-23,Cancelled,,,,
ORD100047,CUST0081,Customer_81,2025-04-28,Sports ,Football,2.0,3061.35,20.0,UPI,WEB,Bangalore,Karnataka,06/05/25,Delivered,,,,5.0
ORD100493,CUST0323,Customer_323,2025-04-11,Electronics,Bluetooth Speaker,3.0,4547.32,25.0,upi,Mobile App,Bhopal,Madhya Pradesh,2025-04-23,DELIVERED ,,,,3.0
ORD101524,CUST0370,Customer_370,19/06/25, Sports,Cricket Bat,-1.0,800.27,15.0,Debit Card,App,Bhopal,Madhya Pradesh,30-06-2025,delivered,,,,
ORD101164,CUST0434,Customer_434,02/03/2025,beauty,Face Wash,-1.0,465.72,25.0,Debit Card,WEB,Jaipur,Rajasthan,02/08/2025,returned,Not as described,425.15,02/14/2025,2.0
ORD102251,CUST0042,Customer_42,02/03/2025,beauty,Lipstick,-1.0,2416.07,50.0,COD,Mobile App,Lucknow,Uttar Pradesh,10 Feb 2025,Delivered,,,,
ORD101602,CUST0279,Customer_279,12/06/25, Beauty,Perfume,3.0,864.7,50.0,COD,WEB,Hyderabad,Telangana,2025-06-13,RTO,Not as described,1966.94,06/17/2025,5.0
ORD102890,,,,,,,,,,,,,,,,,,
ORD101877,CUST0434,Customer_434,2025-06-26,beauty,Lipstick,1.0,4495.99,0.0,Credit Card,app,Patna,Bihar,04-07-2025,delivered,,,,
ORD102294,CUST0149,Customer_149,03/16/2025,Home & Kitchen,LED Bulb,-1.0,2863.02,50.0,Credit Card,Mobile App,Ahmedabad,Gujarat,26 Mar 2025,Delivered,,,,3.0
ORD102652,CUST0081,Customer_81,14 Feb 2025,Electronics ,Bluetooth Speaker,1.0,1367.12,15.0,Net Banking,App,Bhopal,Madhya Pradesh,2025-02-20,Returned,Damaged in transit,1115.66,24-02-2025,1.0
ORD102166,CUST0058,Customer_58,16 Jun 2025,Electronics,Bluetooth Speaker,1.0,5662.44,0.0,Credit Card,WEB,Jaipur,Rajasthan,18-06-2025,Returned,quality issue,4317.37,26/06/25,3.0
ORD101294,CUST0051,Customer_51,17-05-2025, Home & Kitchen,Non-stick Pan,-1.0,2634.48,10.0,upi,WEB,Bengaluru,Karnataka,,In Transit,,,,
ORD100855,CUST0242,Customer_242,28/05/25,SPORTS,Skipping Rope,2.0,5395.73,15.0,COD,App,Kolkata,West Bengal,2025-06-03,Returned,Changed Mind,9053.04,06/11/2025,3.0
ORD101133,CUST0200,Customer_200,2025-06-14,home & kitchen,LED Bulb,2.0,2057.47,10.0,UPI,Web,Mumbai,Maharashtra,23 Jun 2025,Cancelled,,,,5.0
ORD102667,CUST0366,Customer_366,02/10/2025, Electronics,Mobile Cover,2.0,3719.6,20.0,Debit Card,Web,Lucknow,Uttar Pradesh,21-02-2025,cancelled ,Not as described,,,1.0
ORD101931,CUST0296,Customer_296,06-03-2025,Home & Kitchen ,Bedsheet,2.0,3472.8,50.0,Net Banking,Mobile App,Indore,MP,2025-03-10,Delivered,,,,
ORD100610,CUST0284,Customer_284,23-02-2025,Sports ,Yoga Mat,-1.0,5472.02,30.0,Net Banking,app,Surat,gujarat,2025-03-06,cancelled ,,,,4.0
ORD100859,CUST0243,Customer_243,15-06-2025,Sports,Football,1.0,1331.67,30.0,Debit Card,Web,Nagpur,Maharashtra,25 Jun 2025,RTO,Damaged in transit,1160.09,27-06-2025,3.0
ORD102150,CUST0512,Customer_512,26-05-2025,Fashion,Women Kurti,-1.0,5952.35,30.0,Cash on Delivery,App,Indore,MP,07/06/25,Delivered,,,,
ORD101147,CUST0189,Customer_189,21-04-2025,home & kitchen,LED Bulb,0.0,1826.68,50.0,Cash on Delivery,Web,Bengaluru,Karnataka,03 May 2025,Refunded,Quality Not as Expected,1784.49,11 May 2025,
ORD102798,CUST0152,Customer_152,04/07/2025,Beauty ,Sunscreen,1.0,192.27,120.0,upi,Web,Pune,Maharashtra,08 Apr 2025,DELIVERED ,,,,2.0
ORD100577,CUST0298,Customer_298,06/01/25,fashion,Jeans,-1.0,1411.35,0.0,Credit Card,app,Pune,Maharashtra,15 Jan 2025,delivered,,,,4.0
ORD100627,CUST0001,Customer_1,2025-03-14,Home & Kitchen ,Bedsheet,2.0,3031.74,120.0,Net Banking,app,Kochi,Kerala,2025-03-23,returned,Duplicate Order,6022.06,31-03-2025,
ORD101468,CUST0269,Customer_269,2025-03-29,electronics,Smartwatch,2.0,₹2121.54,0.0,Cash on Delivery,Web,Kochi,Kerala,30-03-2025,RTO,Not as described,3481.19,08/04/25,
ORD101277,CUST0529,Customer_529,10-01-2025,home & kitchen,Bedsheet,0.0,793.44,20.0,COD,Mobile App,Delhi,Delhi,11 Jan 2025,RTO,Late Delivery,709.14,13 Jan 2025,2.0
ORD101472,CUST0269,Customer_269,01/30/2025,ELECTRONICS,Mobile Cover,1.0,2120.36,120.0,Debit Card,app,Kochi,Kerala,09/02/25,Returned,Changed Mind,1505.65,13 Feb 2025,2.0
ORD102237,CUST0237,Customer_237,2025-01-22, Electronics,Power Bank,1.0,527.43,0.0,Debit Card,WEB,Kolkata,West Bengal,25-01-2025,delivered,,,,3.0
ORD101422,CUST0176,Customer_176,21/05/25,BEAUTY,Face Wash,1.0,811.53,0.0,Credit Card,Mobile App,Mumbai,Maharashtra,27/05/25,Refunded,Damaged in transit,809.99,2025-06-05,4.0
ORD102559,CUST0032,Customer_32,17 Jan 2025, Beauty,Hair Oil,1.0,1795.53,120.0,upi,Mobile App,Kochi,Kerala,01/22/2025,Refunded,Quality Not as Expected,1726.62,27 Jan 2025,5.0
ORD101950,CUST0210,Customer_210,01/09/2025,Beauty,Sunscreen,-1.0,4208.17,25.0,Credit Card,App,Patna,Bihar,11-01-2025,cancelled ,,,,3.0
ORD101479,CUST0004,Customer_4,15-03-2025,SPORTS,Dumbbells,1.0,4291.91,-5.0,UPI,WEB,Nagpur,Maharashtra,2025-03-26,DELIVERED ,Product Damaged,,,
ORD100640,CUST0501,Customer_501,2025-05-03,sports,Cricket Bat,-1.0,1267.24,25.0,UPI,WEB,Mumbai,Maharashtra,,In Transit,,,,
ORD101477,CUST0323,Customer_323,01/01/25,Electronics ,Power Bank,1.0,1961.85,30.0,UPI,app,Surat,gujarat,02 Jan 2025,returned,Duplicate Order,1643.31,01/03/2025,2.0
ORD100044,CUST0194,Customer_194,30 Jun 2025, Fashion,Handbag,2.0,5157.68,50.0,UPI,Web,Patna,Bihar,07/11/2025,cancelled ,,,,
ORD100008,CUST0372,Customer_372,18/01/25,Home & Kitchen,Non-stick Pan,2.0,5286.36,50.0,Debit Card,Mobile App,Bangalore,Karnataka,21/01/25,DELIVERED ,,,,
ORD102007,CUST0169,Customer_169,28-04-2025,Home & Kitchen ,LED Bulb,1.0,4342.57,120.0,COD,app,Mumbai,Maharashtra,,In Transit,,,,4.0
ORD100739,CUST0292,Customer_292,04/01/2025,BEAUTY,Lipstick,2.0,3767.12,120.0,Credit Card,WEB,Chennai,Tamil Nadu,2025-04-02,DELIVERED ,,,,1.0
ORD100033,CUST0088,Customer_88,2025-01-24, Fashion,Sneakers,2.0,4190.06,0.0,COD,Mobile App,Lucknow,Uttar Pradesh,2025-01-31,Returned,Late Delivery,8371.65,06 Feb 2025,5.0
ORD100471,CUST0523,Customer_523,2025-03-05,beauty,Face Wash,1.0,1725.09,30.0,upi,app,Pune,Maharashtra,,Delivered,,,,
ORD100472,CUST0287,Customer_287,25-01-2025, Sports,Yoga Mat,1.0,1625.74,5.0,upi,Mobile App,Lucknow,Uttar Pradesh,,In Transit,,,,
ORD100422,CUST0583,Customer_583,16-03-2025,Electronics,Power Bank,2.0,5330.42,120.0,Debit Card,App,Delhi,Delhi,24/03/25,Returned,,,30 Mar 2025,
ORD101643,CUST0100,Customer_100,12/02/25,ELECTRONICS,Bluetooth Speaker,2.0,4939.32,50.0,Cash on Delivery,App,Mumbai,Maharashtra,22-02-2025,cancelled ,,,,5.0
ORD102100,CUST0150,Customer_150,05/05/25,Home & Kitchen ,LED Bulb,2.0,4192.2,50.0,Cash on Delivery,Mobile App,Kolkata,West Bengal,17/05/25,Returned,size issue,8019.75,05/25/2025,
ORD101369,CUST0017,Customer_17,14/06/25,home & kitchen,Non-stick Pan,-1.0,2157.1,120.0,UPI,Web,Chennai,Tamil Nadu,06/19/2025,delivered,,,,3.0
ORD102120,CUST0449,Customer_449,19 May 2025, Beauty,Face Wash,-1.0,1037.29,25.0,Cash on Delivery,app,Bengaluru,Karnataka,26-05-2025,Returned,Damaged in transit,843.02,29-05-2025,3.0
ORD102602,CUST0586,Customer_586,04/19/2025,home & kitchen,LED Bulb,0.0,1509.62,30.0,UPI,Web,Bhopal,Madhya Pradesh,30 Apr 2025,DELIVERED ,,,,3.0
ORD101893,CUST0112,Customer_112,09/03/25,sports,Cricket Bat,1.0,5352.82,120.0,COD,WEB,Jaipur,Rajasthan,2025-03-13,returned,,5133.53,,4.0
ORD100962,CUST0572,Customer_572,2025-05-17,Sports,Dumbbells,0.0,4047.39,20.0,Credit Card,Web,Kolkata,West Bengal,25 May 2025,cancelled ,,,,4.0
ORD101494,CUST0474,Customer_474,02/28/2025,Beauty,Hair Oil,2.0,1011.95,-5.0,upi,WEB,Bengaluru,Karnataka,03/03/25,Cancelled,,,,2.0
ORD101230,CUST0143,Customer_143,20-06-2025,sports,Skipping Rope,1.0,1409.1,5.0,Net Banking,WEB,Ahmedabad,Gujarat,01 Jul 2025,DELIVERED ,,,,
ORD100465,CUST0500,Customer_500,2025-04-13,Electronics,Bluetooth Speaker,0.0,"2,072.03",10.0,Net Banking,Mobile App,Nagpur,Maharashtra,04/15/2025,Delivered,,,,
ORD101263,CUST0344,Customer_344,01/19/2025,FASHION,Women Kurti,2.0,4151.14,10.0,Debit Card,WEB,Chandigarh,Punjab,2025-01-30,cancelled ,,,,
ORD100668,CUST0383,Customer_383,2025-05-25,Electronics,Smartwatch,1.0,177.27,-5.0,Credit Card,Mobile App,Patna,Bihar,28/05/25,delivered,,,,
ORD101410,CUST0110,Customer_110,03/21/2025,Fashion,Handbag,1.0,₹1741.81,50.0,COD,WEB,Chennai,Tamil Nadu,01/04/25,Refunded,Duplicate Order,1383.16,11 Apr 2025,
ORD102161,CUST0134,Customer_134,03 Feb 2025,BEAUTY,Lipstick,0.0,2517.29,15.0,UPI,app,Chandigarh,Punjab,11 Feb 2025,Cancelled,,,,1.0
ORD102384,CUST0154,Customer_154,2025-06-29, Sports,Cricket Bat,-1.0,4296.38,10.0,COD,Mobile App,Nagpur,Maharashtra,2025-07-06,Returned,Product Damaged,3885.46,07/14/2025,1.0
ORD102254,CUST0458,Customer_458,14 May 2025,beauty,Sunscreen,1.0,1527.95,120.0,Net Banking,App,Indore,MP,,In Transit,,,,
ORD101375,CUST0386,Customer_386,2025-02-26,Beauty ,Hair Oil,1.0,1408.52,-5.0,upi,App,Pune,Maharashtra,,In Transit,,,,2.0
ORD101858,CUST0070,Customer_70,2025-06-03,home & kitchen,Storage Box,1.0,3185.09,-5.0,Cash on Delivery,WEB,Hyderabad,Telangana,09 Jun 2025,Refunded,,2711.0,2025-06-10,
ORD101348,CUST0028,Customer_28,01/10/2025, Fashion,Jeans,3.0,3756.54,10.0,Net Banking,WEB,Bhopal,Madhya Pradesh,18 Jan 2025,Returned,Not as described,8456.32,22/01/25,
ORD101800,CUST0443,Customer_443,19-02-2025,Fashion,Handbag,2.0,1099.03,0.0,Credit Card,App,Chennai,Tamil Nadu,,In Transit,,,,2.0
ORD102159,CUST0245,Customer_245,26-06-2025,Home & Kitchen ,Bedsheet,2.0,5162.76,15.0,Credit Card,WEB,Nagpur,Maharashtra,05-07-2025,DELIVERED ,,,,3.0
ORD102680,CUST0518,Customer_518,02/01/25,Beauty,Lipstick,1.0,"5,081.34",0.0,Debit Card,App,Delhi,Delhi,01/06/2025,returned,Not as described,3734.06,14/01/25,
ORD103162,,,,,,,,,,,,,,,,,,
ORD101862,CUST0330,Customer_330,2025-06-01,BEAUTY,Hair Oil,3.0,1071.24,50.0,Cash on Delivery,app,Lucknow,Uttar Pradesh,09 Jun 2025,Delivered,,,,4.0
ORD102377,CUST0293,Customer_293,23-03-2025, Sports,Dumbbells,3.0,1068.86,5.0,COD,App,Patna,Bihar,25 Mar 2025,DELIVERED ,,,,
ORD101037,CUST0182,Customer_182,09-01-2025, Sports,Yoga Mat,2.0,1650.08,5.0,Debit Card,Mobile App,Hyderabad,Telangana,2025-01-21,RTO,Duplicate Order,2715.63,27-01-2025,1.0
ORD101532,CUST0163,Customer_163,08 Mar 2025,Sports,Yoga Mat,1.0,"2,615.12",20.0,upi,app,Bengaluru,Karnataka,2025-03-14,cancelled ,,,,1.0
ORD100433,CUST0311,Customer_311,12 Apr 2025, Home & Kitchen,Storage Box,2.0,1740.39,25.0,Cash on Delivery,Web,Bhopal,Madhya Pradesh,20/04/25,DELIVERED ,,,,
ORD100787,CUST0099,Customer_99,05/01/2025,Beauty ,Perfume,2.0,5358.0,25.0,Net Banking,App,Bhopal,Madhya Pradesh,,In Transit,,,,2.0
ORD101071,CUST0201,Customer_201,2025-03-01,Sports,Skipping Rope,1.0,₹2862.06,30.0,Cash on Delivery,Mobile App,Chandigarh,Punjab,2025-03-07,Returned,,2059.06,17 Mar 2025,1.0
ORD100125,CUST0564,Customer_564,22 Jun 2025,ELECTRONICS,Power Bank,0.0,"4,816.46",30.0,upi,WEB,Bengaluru,Karnataka,2025-07-03,DELIVERED ,,,,2.0
ORD100066,CUST0157,Customer_157,14/06/25, Electronics,Smartwatch,0.0,4563.51,-5.0,COD,WEB,Nagpur,Maharashtra,25 Jun 2025,Cancelled,,,,5.0
ORD101783,CUST0445,Customer_445,02/01/2025,electronics,Mobile Cover,1.0,₹2869.41,20.0,COD,app,Bhopal,Madhya Pradesh,02/02/25,Delivered,,,,
ORD102528,CUST0054,Customer_54,2025-06-22,FASHION,Sneakers,2.0,2727.87,50.0,Credit Card,Web,Lucknow,Uttar Pradesh,,In Transit,,,,
ORD102337,CUST0459,Customer_459,06/05/25,SPORTS,Skipping Rope,1.0,"1,698.83",-5.0,Cash on Delivery,Web,Chennai,Tamil Nadu,2025-05-18,delivered,,,,
ORD101590,CUST0218,Customer_218,25-06-2025,SPORTS,Dumbbells,-1.0,1779.21,5.0,UPI,Web,Kochi,Kerala,27 Jun 2025,Delivered,,,,5.0
ORD100869,CUST0461,Customer_461,2025-01-25,Beauty,Hair Oil,0.0,1096.96,120.0,Debit Card,App,Delhi,Delhi,27-01-2025,Refunded,Changed Mind,,03 Feb 2025,2.0
ORD100781,CUST0256,Customer_256,06/01/2025, Sports,Yoga Mat,2.0,3942.78,30.0,upi,Web,Delhi,Delhi,06/13/2025,returned,Product Damaged,6066.02,14-06-2025,
ORD100130,CUST0191,Customer_191,2025-02-22,Beauty,Perfume,2.0,"2,780.01",15.0,Debit Card,app,Bangalore,Karnataka,04/03/25,delivered,,,,2.0
ORD101516,CUST0120,Customer_120,2025-01-27,Fashion ,Handbag,0.0,3527.3,50.0,Net Banking,WEB,Hyderabad,Telangana,01/28/2025,cancelled ,,,,
ORD101785,CUST0348,Customer_348,16/06/25,Electronics,Mobile Cover,2.0,4637.96,15.0,COD,Web,Kolkata,West Bengal,27-06-2025,returned,size issue,7567.48,02/07/25,4.0
ORD101768,CUST0357,Customer_357,08 Jan 2025,SPORTS,Yoga Mat,3.0,5273.99,25.0,Net Banking,WEB,Nagpur,Maharashtra,09/01/25,Cancelled,,,,
ORD101326,CUST0024,Customer_24,03 Jan 2025,Home & Kitchen,Non-stick Pan,2.0,"4,237.68",50.0,Cash on Delivery,App,Lucknow,Uttar Pradesh,10/01/25,delivered,,,,
ORD102540,CUST0109,Customer_109,22-01-2025,BEAUTY,Sunscreen,0.0,2168.46,0.0,Debit Card,App,Patna,Bihar,29 Jan 2025,Delivered,,,,
ORD101782,CUST0332,Customer_332,09/06/25,Sports,Football,1.0,1522.28,-5.0,Cash on Delivery,Mobile App,Surat,gujarat,2025-06-15,Refunded,Size Issue,1155.39,24/06/25,1.0
ORD102101,CUST0492,Customer_492,04/08/2025,Home & Kitchen ,Bedsheet,-1.0,5528.04,50.0,Credit Card,app,Jaipur,Rajasthan,15 Apr 2025,RTO,size issue,4675.74,,1.0
ORD100978,CUST0423,Customer_423,2025-03-19, Home & Kitchen,LED Bulb,1.0,5175.99,0.0,Credit Card,Mobile App,Nagpur,Maharashtra,26 Mar 2025,RTO,Damaged in transit,4901.08,,
ORD100238,CUST0453,Customer_453,2025-02-04, Home & Kitchen,LED Bulb,2.0,₹1060.95,120.0,Debit Card,App,Patna,Bihar,12 Feb 2025,returned,,1671.8,13/02/25,
ORD102438,CUST0588,Customer_588,2025-01-16,Fashion,Women Kurti,3.0,2429.88,10.0,Net Banking,WEB,Indore,MP,23-01-2025,Delivered,,,,2.0
ORD101592,CUST0495,Customer_495,02/01/2025, Fashion,Handbag,3.0,5177.75,120.0,Debit Card,WEB,Indore,MP,2025-02-04,Delivered,,,,
ORD102615,CUST0375,Customer_375,2025-03-08,Sports ,Cricket Bat,2.0,5219.75,10.0,Credit Card,Web,Bangalore,Karnataka,2025-03-14,Cancelled,,,,5.0
ORD101865,CUST0092,Customer_92,03/23/2025,Home & Kitchen,Storage Box,1.0,1804.78,50.0,upi,Mobile App,Hyderabad,Telangana,,In Transit,,,,
ORD101577,CUST0111,Customer_111,24 May 2025,Home & Kitchen,Storage Box,1.0,"3,542.99",0.0,Cash on Delivery,App,Hyderabad,Telangana,2025-05-28,Returned,,2838.98,2025-06-05,5.0
ORD100763,CUST0494,Customer_494,04/04/2025,Beauty,Perfume,2.0,5634.0,0.0,Cash on Delivery,app,Pune,Maharashtra,08-04-2025,cancelled ,,,,
ORD100370,CUST0499,Customer_499,01/23/2025,Home & Kitchen ,Storage Box,3.0,4190.37,20.0,Cash on Delivery,App,Hyderabad,Telangana,24-01-2025,DELIVERED ,,,,3.0
ORD100523,CUST0247,Customer_247,31/01/25,ELECTRONICS,Power Bank,2.0,317.23,20.0,Net Banking,WEB,Indore,MP,02/06/2025,delivered,,,,1.0
ORD102494,CUST0366,Customer_366,26/02/25,Electronics,Mobile Cover,2.0,"4,178.55",30.0,COD,Web,Delhi,Delhi,2025-03-07,DELIVERED ,,,,
ORD100076,CUST0082,Customer_82,03/15/2025,ELECTRONICS,Bluetooth Speaker,1.0,3360.5,5.0,upi,Mobile App,Bhopal,Madhya Pradesh,,returned,Changed Mind,,25/03/25,1.0
ORD102784,CUST0217,Customer_217,16 Jun 2025,Fashion,Sneakers,2.0,"1,192.52",0.0,COD,Mobile App,Chennai,Tamil Nadu,,Refunded,size issue,2232.62,,
ORD100055,CUST0113,Customer_113,09-03-2025,Electronics,Smartwatch,3.0,4771.41,10.0,COD,WEB,Nagpur,Maharashtra,21-03-2025,DELIVERED ,,,,2.0
ORD100267,CUST0572,Customer_572,04/29/2025,Beauty,Sunscreen,2.0,1853.4,20.0,Credit Card,WEB,Chandigarh,Punjab,04-05-2025,cancelled ,,,,
ORD101507,CUST0447,Customer_447,22-05-2025,Beauty ,Hair Oil,0.0,175.06,25.0,COD,app,Patna,Bihar,28-05-2025,delivered,,,,
ORD102113,CUST0045,Customer_45,08-02-2025,home & kitchen,Non-stick Pan,1.0,2554.24,20.0,upi,App,Surat,gujarat,15-02-2025,Refunded,Size Issue,1847.59,2025-02-22,
ORD101852,CUST0078,Customer_78,2025-01-13,sports,Dumbbells,0.0,5318.14,15.0,UPI,App,Hyderabad,Telangana,2025-01-22,Refunded,,3946.56,01/27/2025,
ORD102780,CUST0107,Customer_107,08/03/25,BEAUTY,Lipstick,1.0,1909.41,5.0,Net Banking,app,Ahmedabad,Gujarat,03/17/2025,returned,Not as described,1582.7,03/26/2025,1.0
ORD102571,CUST0300,Customer_300,30-03-2025, Home & Kitchen,Bedsheet,0.0,5533.64,30.0,Credit Card,Web,Chennai,Tamil Nadu,,In Transit,,,,4.0
ORD102005,CUST0300,Customer_300,07-01-2025,Home & Kitchen,LED Bulb,0.0,4269.9,-5.0,COD,app,Bengaluru,Karnataka,01/15/2025,Delivered,,,,3.0
ORD101549,CUST0426,Customer_426,28/06/25,Electronics ,Bluetooth Speaker,-1.0,1214.67,5.0,Net Banking,App,Chandigarh,Punjab,07/03/2025,Returned,size issue,951.86,2025-07-08,
ORD102105,CUST0242,Customer_242,05/25/2025,Sports,Football,1.0,5072.54,20.0,Cash on Delivery,Web,Bangalore,Karnataka,28/05/25,cancelled ,,,,5.0
ORD101760,CUST0308,Customer_308,09 May 2025,beauty,Face Wash,-1.0,"2,899.61",5.0,COD,App,Jaipur,Rajasthan,05/10/2025,Refunded,,2285.26,11 May 2025,4.0
ORD102683,CUST0239,Customer_239,2025-05-04,Fashion ,Women Kurti,1.0,₹1295.5,25.0,Credit Card,WEB,Bangalore,Karnataka,05 May 2025,delivered,,,,
ORD102176,CUST0431,Customer_431,21 Mar 2025,ELECTRONICS,Smartwatch,2.0,257.63,120.0,Debit Card,Web,Bengaluru,Karnataka,31/03/25,Refunded,Changed Mind,423.02,07/04/25,
ORD101794,CUST0298,Customer_298,10-06-2025,sports,Football,1.0,1753.21,15.0,Net Banking,WEB,Chandigarh,Punjab,12/06/25,returned,Product Damaged,1600.05,15-06-2025,3.0
ORD100836,CUST0520,Customer_520,15-06-2025,home & kitchen,Non-stick Pan,3.0,5099.89,5.0,COD,App,Chandigarh,Punjab,21/06/25,returned,,11130.51,25/06/25,
ORD103696,,,,,,,,,,,,,,,,,,
ORD100464,CUST0527,Customer_527,19-05-2025, Home & Kitchen,Mixer Grinder,0.0,2367.7,15.0,UPI,Mobile App,Hyderabad,Telangana,2025-05-24,returned,quality issue,1873.91,02-06-2025,
ORD100740,CUST0165,Customer_165,02/26/2025,Electronics ,Mobile Cover,2.0,4885.87,30.0,Debit Card,App,Chennai,Tamil Nadu,03/08/2025,Refunded,Size Issue,7744.58,18 Mar 2025,
ORD101366,CUST0206,Customer_206,2025-01-10, Fashion,Sneakers,1.0,3843.09,0.0,UPI,App,Nagpur,Maharashtra,11/01/25,Refunded,,3044.88,17 Jan 2025,2.0
ORD100802,CUST0570,Customer_570,05/08/2025,sports,Yoga Mat,2.0,5778.59,50.0,Net Banking,App,Hyderabad,Telangana,,In Transit,,,,4.0
ORD100276,CUST0160,Customer_160,18/03/25,beauty,Sunscreen,0.0,4736.34,120.0,Cash on Delivery,app,Jaipur,Rajasthan,03/27/2025,Cancelled,,,,3.0
ORD101045,CUST0589,Customer_589,2025-02-17,BEAUTY,Lipstick,1.0,2333.19,10.0,COD,App,Bangalore,Karnataka,02/22/2025,Delivered,,,,1.0
ORD102799,CUST0476,Customer_476,15/06/25,BEAUTY,Lipstick,1.0,2063.31,5.0,UPI,app,Bhopal,Madhya Pradesh,18 Jun 2025,delivered,,,,1.0
ORD101960,CUST0350,Customer_350,25 Jan 2025,Sports ,Football,1.0,3863.37,5.0,upi,App,Bengaluru,Karnataka,04-02-2025,cancelled ,,,,5.0
ORD101694,CUST0066,Customer_66,07/05/25, Fashion,Handbag,0.0,5531.52,25.0,Net Banking,WEB,Jaipur,Rajasthan,2025-05-08,Returned,Duplicate Order,5348.11,16 May 2025,
ORD102629,CUST0004,Customer_4,2025-03-16, Beauty,Hair Oil,1.0,5477.59,25.0,COD,WEB,Chennai,Tamil Nadu,20 Mar 2025,Cancelled,,,,
ORD101564,CUST0040,Customer_40,25 Mar 2025,Sports,Yoga Mat,3.0,4938.87,15.0,Credit Card,Mobile App,Patna,Bihar,26 Mar 2025,Refunded,,14807.65,01/04/25,
ORD101514,CUST0333,Customer_333,27 May 2025, Electronics,Headphones,1.0,3364.53,120.0,UPI,Web,Bangalore,Karnataka,05/29/2025,Delivered,,,,
ORD101333,CUST0117,Customer_117,13 Jan 2025,Fashion,Sneakers,-1.0,"2,079.51",20.0,Credit Card,Web,Surat,gujarat,23/01/25,DELIVERED ,,,,5.0
ORD100613,CUST0463,Customer_463,14/03/25,BEAUTY,Face Wash,1.0,3801.95,0.0,COD,Mobile App,Bengaluru,Karnataka,18/03/25,Refunded,size issue,,20/03/25,5.0
ORD102020,CUST0450,Customer_450,09 May 2025,FASHION,Men Tshirt,3.0,1431.36,-5.0,COD,Mobile App,Lucknow,Uttar Pradesh,05/12/2025,cancelled ,,,,
ORD101397,CUST0142,Customer_142,09/06/25,Beauty,Lipstick,3.0,4533.91,20.0,Cash on Delivery,app,Chandigarh,Punjab,06/11/2025,delivered,,,,3.0
ORD100849,CUST0569,Customer_569,31/05/25,fashion,Men Tshirt,2.0,1813.52,30.0,COD,WEB,Bhopal,Madhya Pradesh,06/03/2025,Refunded,,3238.74,,1.0
ORD101732,CUST0580,Customer_580,14-06-2025,ELECTRONICS,Bluetooth Speaker,2.0,3617.0,5.0,Net Banking,App,Kolkata,West Bengal,17/06/25,returned,Wrong Item Delivered,,,2.0
ORD101322,CUST0219,Customer_219,01/13/2025,Home & Kitchen,LED Bulb,1.0,3627.51,30.0,Debit Card,WEB,Hyderabad,Telangana,,Delivered,,,,
ORD101644,CUST0232,Customer_232,16-04-2025,Home & Kitchen ,LED Bulb,0.0,2281.13,120.0,Net Banking,WEB,Patna,Bihar,,In Transit,,,,3.0
ORD100596,CUST0318,Customer_318,03/11/2025,electronics,Power Bank,1.0,1781.94,15.0,UPI,WEB,Kolkata,West Bengal,16 Mar 2025,DELIVERED ,,,,
ORD101628,CUST0145,Customer_145,26/06/25, Electronics,Smartwatch,1.0,3185.37,5.0,Net Banking,App,Pune,Maharashtra,01 Jul 2025,Delivered,,,,
ORD102258,CUST0536,Customer_536,28-04-2025,Sports,Skipping Rope,1.0,3425.0,50.0,Net Banking,Mobile App,Hyderabad,Telangana,,Refunded,Damaged in transit,3014.65,,
ORD101437,CUST0258,Customer_258,20/06/25,Fashion ,Jeans,3.0,4813.64,50.0,Credit Card,Web,Mumbai,Maharashtra,25 Jun 2025,cancelled ,,,,1.0
ORD101099,CUST0048,Customer_48,08-06-2025,Fashion,Women Kurti,3.0,4693.28,15.0,Credit Card,Web,Chennai,Tamil Nadu,13-06-2025,returned,Quality Not as Expected,10900.33,,3.0
ORD101069,CUST0213,Customer_213,25 May 2025,Home & Kitchen,Mixer Grinder,-1.0,5853.56,120.0,Cash on Delivery,Web,Kolkata,West Bengal,2025-05-28,returned,Wrong Item Delivered,,04/06/25,3.0
ORD101658,CUST0188,Customer_188,14/06/25,Beauty ,Face Wash,-1.0,3121.66,120.0,Debit Card,Mobile App,Chandigarh,Punjab,,cancelled ,,,,
ORD100368,CUST0261,Customer_261,11-04-2025,Sports ,Yoga Mat,1.0,816.52,10.0,Net Banking,WEB,Jaipur,Rajasthan,2025-04-18,delivered,,,,
ORD101853,CUST0548,Customer_548,11 Jun 2025,beauty,Lipstick,2.0,4506.95,20.0,UPI,App,Indore,MP,18/06/25,Delivered,,,,
ORD102464,CUST0111,Customer_111,04/02/25,Beauty ,Perfume,1.0,4182.63,120.0,Credit Card,Mobile App,Pune,Maharashtra,16/02/25,RTO,Wrong Item Delivered,3076.53,26-02-2025,2.0
ORD101755,CUST0110,Customer_110,2025-06-13,home & kitchen,Bedsheet,3.0,3775.93,120.0,Debit Card,app,Pune,Maharashtra,06/24/2025,Returned,Wrong Item Delivered,10536.68,02-07-2025,
ORD101229,CUST0202,Customer_202,06/12/2025, Sports,Cricket Bat,-1.0,1226.07,-5.0,Cash on Delivery,Web,Hyderabad,Telangana,24 Jun 2025,cancelled ,,,,
ORD101821,CUST0315,Customer_315,15/02/25,FASHION,Men Tshirt,0.0,420.5,10.0,Debit Card,Web,Hyderabad,Telangana,,In Transit,,,,4.0
ORD100098,CUST0263,Customer_263,05/31/2025,BEAUTY,Lipstick,2.0,5608.19,-5.0,upi,Web,Chennai,Tamil Nadu,01/06/25,Returned,Size Issue,,09-06-2025,3.0
ORD101930,CUST0021,Customer_21,31/01/25,home & kitchen,Mixer Grinder,0.0,"4,015.63",25.0,UPI,Mobile App,Delhi,Delhi,02/04/2025,DELIVERED ,,,,5.0
ORD101660,CUST0271,Customer_271,24-04-2025, Home & Kitchen,Storage Box,-1.0,2402.31,20.0,Cash on Delivery,WEB,Kolkata,West Bengal,04/30/2025,Cancelled,,,,
ORD101276,CUST0357,Customer_357,12-06-2025,Beauty ,Perfume,3.0,593.71,120.0,COD,app,Ahmedabad,Gujarat,21 Jun 2025,returned,Quality Not as Expected,1352.1,22-06-2025,
ORD100382,CUST0534,Customer_534,19/04/25,Home & Kitchen,Non-stick Pan,1.0,5358.37,20.0,Debit Card,Mobile App,Lucknow,Uttar Pradesh,,delivered,,,,1.0
ORD102783,CUST0172,Customer_172,05/24/2025,Home & Kitchen,Mixer Grinder,1.0,4802.33,-5.0,Net Banking,Web,Chandigarh,Punjab,01/06/25,Cancelled,,,,5.0
ORD100417,CUST0313,Customer_313,2025-03-18,electronics,Power Bank,3.0,1469.12,120.0,Credit Card,app,Bengaluru,Karnataka,19-03-2025,RTO,Not as described,3882.45,26 Mar 2025,4.0
ORD101597,CUST0471,Customer_471,01-01-2025,electronics,Power Bank,-1.0,4584.19,5.0,Cash on Delivery,Mobile App,Mumbai,Maharashtra,12 Jan 2025,Returned,Size Issue,4323.91,13/01/25,
ORD100029,CUST0205,Customer_205,2025-04-30,ELECTRONICS,Mobile Cover,2.0,888.39,15.0,Debit Card,App,Bangalore,Karnataka,03-05-2025,Cancelled,,,,5.0
ORD101043,CUST0269,Customer_269,04-02-2025,ELECTRONICS,Smartwatch,1.0,3725.6,50.0,upi,Mobile App,Patna,Bihar,09-02-2025,returned,,3239.44,,
ORD100448,CUST0317,Customer_317,2025-01-16,sports,Yoga Mat,0.0,3841.8,30.0,Cash on Delivery,Web,Pune,Maharashtra,01/28/2025,DELIVERED ,,,,
ORD102610,CUST0488,Customer_488,28/02/25,Fashion ,Sneakers,3.0,351.94,20.0,Net Banking,Mobile App,Mumbai,Maharashtra,09-03-2025,Cancelled,,,,
ORD102673,CUST0092,Customer_92,04-02-2025,FASHION,Women Kurti,1.0,3005.89,120.0,UPI,Mobile App,Patna,Bihar,05 Feb 2025,Refunded,Not as described,2371.6,15-02-2025,
ORD102285,CUST0208,Customer_208,27 Jan 2025,sports,Football,1.0,5698.6,5.0,Net Banking,Web,Lucknow,Uttar Pradesh,02/07/2025,DELIVERED ,,,,3.0
ORD100821,CUST0121,Customer_121,14/04/25,Fashion ,Handbag,-1.0,2146.84,10.0,UPI,Mobile App,Kolkata,West Bengal,23 Apr 2025,Cancelled,,,,
ORD102427,CUST0290,Customer_290,04-05-2025,Beauty,Hair Oil,3.0,3864.74,10.0,Credit Card,Web,Chennai,Tamil Nadu,2025-05-07,returned,Damaged in transit,8414.09,11-05-2025,
ORD101698,CUST0051,Customer_51,02 May 2025,sports,Yoga Mat,2.0,5487.78,120.0,upi,Mobile App,Patna,Bihar,05/14/2025,cancelled ,,,,1.0
ORD102335,CUST0104,Customer_104,03/19/2025,FASHION,Sneakers,3.0,3611.65,5.0,Cash on Delivery,Web,Bengaluru,Karnataka,22-03-2025,Delivered,,,,
ORD100192,CUST0012,Customer_12,2025-03-26, Fashion,Handbag,0.0,5236.08,15.0,Cash on Delivery,Web,Indore,MP,04 Apr 2025,Delivered,,,,
ORD102569,CUST0102,Customer_102,2025-03-01, Sports,Yoga Mat,1.0,4337.23,10.0,Net Banking,App,Bengaluru,Karnataka,03/10/2025,delivered,,,,
ORD101443,CUST0563,Customer_563,10/03/25,HOME & KITCHEN,Non-stick Pan,2.0,4274.44,0.0,Net Banking,App,Bangalore,Karnataka,18/03/25,Returned,Quality Not as Expected,8389.64,24-03-2025,2.0
ORD102634,CUST0463,Customer_463,2025-04-15, Fashion,Handbag,1.0,3512.03,25.0,UPI,Mobile App,Indore,MP,23-04-2025,Refunded,Damaged in transit,2735.04,25/04/25,1.0
ORD101561,CUST0352,Customer_352,21 Jun 2025,Beauty,Sunscreen,2.0,5788.87,20.0,Net Banking,App,Bangalore,Karnataka,07/03/2025,Refunded,,9995.17,12 Jul 2025,
ORD102430,CUST0071,Customer_71,02 Apr 2025,Home & Kitchen ,Bedsheet,0.0,₹2176.42,0.0,Debit Card,app,Chandigarh,Punjab,04 Apr 2025,delivered,,,,1.0
ORD100805,CUST0349,Customer_349,01 May 2025,sports,Dumbbells,2.0,"5,761.43",5.0,Net Banking,Mobile App,Chandigarh,Punjab,2025-05-08,returned,Late Delivery,8143.75,2025-05-10,4.0
ORD100722,CUST0555,Customer_555,2025-01-18,Electronics,Smartwatch,1.0,331.92,5.0,UPI,Mobile App,Indore,MP,2025-01-20,Refunded,Wrong Item Delivered,269.68,30/01/25,
ORD101154,CUST0103,Customer_103,03/03/2025,Electronics ,Bluetooth Speaker,2.0,3388.24,30.0,Debit Card,WEB,Pune,Maharashtra,05 Mar 2025,delivered,,,,3.0
ORD102078,CUST0511,Customer_511,10-06-2025,Home & Kitchen ,Storage Box,2.0,357.29,20.0,COD,WEB,Pune,Maharashtra,11/06/25,returned,Size Issue,680.9,16 Jun 2025,
ORD102690,CUST0430,Customer_430,27/01/25,SPORTS,Skipping Rope,2.0,₹1769.04,20.0,Credit Card,App,Pune,Maharashtra,01/29/2025,Cancelled,,,,
ORD101059,CUST0528,Customer_528,22-01-2025,HOME & KITCHEN,Non-stick Pan,-1.0,844.63,50.0,upi,app,Kochi,Kerala,,In Transit,,,,
ORD102248,CUST0275,Customer_275,05/06/25,Fashion,Sneakers,3.0,1286.98,20.0,upi,App,Kochi,Kerala,15-06-2025,cancelled ,,,,
ORD102057,CUST0490,Customer_490,20 Jun 2025, Electronics,Headphones,3.0,1063.98,5.0,COD,App,Hyderabad,Telangana,21-06-2025,Cancelled,,,,2.0
ORD102190,CUST0488,Customer_488,05/28/2025,Sports ,Dumbbells,-1.0,1245.01,10.0,Cash on Delivery,Mobile App,Lucknow,Uttar Pradesh,05/29/2025,Refunded,Changed Mind,1013.64,2025-06-04,3.0
ORD101749,CUST0078,Customer_78,17 Jan 2025,Home & Kitchen ,Mixer Grinder,1.0,2769.28,30.0,Credit Card,App,Hyderabad,Telangana,,In Transit,,,,
ORD100780,CUST0174,Customer_174,07/05/25, Sports,Dumbbells,1.0,4136.26,15.0,Credit Card,Mobile App,Indore,MP,08/05/25,Returned,Wrong Item Delivered,3397.34,2025-05-18,5.0
ORD101996,CUST0001,Customer_1,22-03-2025, Fashion,Women Kurti,2.0,1359.41,20.0,Debit Card,App,Mumbai,Maharashtra,2025-03-25,Cancelled,,,,3.0
ORD101197,CUST0038,Customer_38,10/04/25, Electronics,Headphones,1.0,1433.76,10.0,upi,app,Bhopal,Madhya Pradesh,14/04/25,RTO,Not as described,1399.92,20-04-2025,
ORD101822,CUST0157,Customer_157,26 May 2025,fashion,Handbag,1.0,658.65,20.0,upi,Mobile App,Bhopal,Madhya Pradesh,04 Jun 2025,DELIVERED ,,,,4.0
ORD100005,CUST0512,Customer_512,20/04/25,BEAUTY,Perfume,2.0,966.84,-5.0,COD,App,Chandigarh,Punjab,04/26/2025,cancelled ,,,,2.0
ORD101403,CUST0127,Customer_127,03-03-2025, Home & Kitchen,LED Bulb,0.0,5174.03,20.0,Debit Card,app,Bangalore,Karnataka,03/15/2025,returned,Changed Mind,4144.55,2025-03-19,5.0
ORD101180,CUST0004,Customer_4,05/27/2025,SPORTS,Football,2.0,2460.58,0.0,UPI,WEB,Mumbai,Maharashtra,05/29/2025,cancelled ,,,,
ORD101934,CUST0383,Customer_383,04/20/2025, Fashion,Sneakers,2.0,5690.82,5.0,Credit Card,app,Jaipur,Rajasthan,28 Apr 2025,cancelled ,,,,2.0
ORD102396,CUST0300,Customer_300,25-01-2025, Electronics,Smartwatch,2.0,1619.14,50.0,UPI,Mobile App,Bangalore,Karnataka,01/31/2025,Cancelled,,,,
ORD100517,CUST0292,Customer_292,25 Jan 2025,Fashion,Sneakers,1.0,₹2123.73,50.0,UPI,Mobile App,Indore,MP,2025-01-30,returned,,1876.73,07 Feb 2025,2.0
ORD102574,CUST0533,Customer_533,18/01/25,HOME & KITCHEN,Storage Box,3.0,"3,560.95",0.0,COD,Web,Delhi,Delhi,19 Jan 2025,DELIVERED ,,,,2.0
ORD102346,CUST0571,Customer_571,13/02/25,beauty,Sunscreen,2.0,2453.82,25.0,Cash on Delivery,app,Indore,MP,2025-02-18,delivered,,,,
ORD102613,CUST0011,Customer_11,18/04/25,Fashion,Sneakers,1.0,"2,842.25",50.0,Cash on Delivery,Mobile App,Chennai,Tamil Nadu,30/04/25,Refunded,,,2025-05-05,4.0
ORD100351,CUST0285,Customer_285,09-01-2025, Fashion,Jeans,3.0,₹4954.99,-5.0,Cash on Delivery,App,Lucknow,Uttar Pradesh,2025-01-14,Returned,Late Delivery,14230.15,2025-01-21,5.0
ORD101398,CUST0514,Customer_514,05/23/2025,HOME & KITCHEN,Mixer Grinder,1.0,5294.95,15.0,Net Banking,Web,Jaipur,Rajasthan,2025-06-03,Delivered,,,,3.0
ORD102443,CUST0219,Customer_219,14/02/25,Sports,Skipping Rope,1.0,757.41,25.0,Credit Card,Web,Bangalore,Karnataka,2025-02-18,DELIVERED ,,,,
ORD101916,CUST0004,Customer_4,08 Feb 2025,electronics,Smartwatch,-1.0,1464.25,120.0,Debit Card,WEB,Mumbai,Maharashtra,2025-02-12,Refunded,Not as described,1265.11,20-02-2025,
ORD100661,CUST0332,Customer_332,02/27/2025,Fashion,Sneakers,2.0,3355.73,50.0,UPI,app,Bengaluru,Karnataka,03/03/2025,Returned,Damaged in transit,6424.61,11 Mar 2025,4.0
ORD102701,CUST0529,Customer_529,31 May 2025, Fashion,Handbag,2.0,3254.19,30.0,upi,WEB,Surat,gujarat,07 Jun 2025,delivered,,,,
ORD100037,CUST0217,Customer_217,26/06/25,HOME & KITCHEN,Mixer Grinder,2.0,"1,166.81",50.0,upi,app,Ahmedabad,Gujarat,,Refunded,,1683.37,06/07/25,4.0
ORD101458,CUST0113,Customer_113,03/01/2025,home & kitchen,Bedsheet,3.0,3052.64,30.0,COD,Web,Kolkata,West Bengal,,In Transit,,,,
ORD100900,CUST0487,Customer_487,2025-01-11,Home & Kitchen ,Mixer Grinder,1.0,4837.0,15.0,Net Banking,Web,Indore,MP,23-01-2025,Cancelled,,,,3.0
ORD102498,CUST0137,Customer_137,17/01/25,sports,Football,1.0,₹909.03,0.0,Credit Card,App,Surat,gujarat,25/01/25,delivered,,,,5.0
ORD102155,CUST0056,Customer_56,08 Jun 2025, Home & Kitchen,Bedsheet,1.0,1681.69,20.0,UPI,Mobile App,Ahmedabad,Gujarat,06/20/2025,DELIVERED ,,,,
ORD100159,CUST0164,Customer_164,28 May 2025,ELECTRONICS,Smartwatch,2.0,3272.08,15.0,Cash on Delivery,app,Jaipur,Rajasthan,31/05/25,Cancelled,,,,1.0
ORD102261,CUST0413,Customer_413,03/10/2025,beauty,Hair Oil,0.0,2797.17,20.0,Credit Card,App,Delhi,Delhi,2025-03-20,returned,Duplicate Order,2101.0,21-03-2025,3.0
ORD100384,CUST0101,Customer_101,25-04-2025, Fashion,Sneakers,1.0,689.65,15.0,Net Banking,WEB,Kochi,Kerala,06/05/25,Cancelled,,,,
ORD101034,CUST0336,Customer_336,28/06/25,electronics,Smartwatch,2.0,"4,330.61",25.0,COD,App,Bengaluru,Karnataka,02 Jul 2025,Refunded,Damaged in transit,7387.13,07/12/2025,4.0
ORD101364,CUST0024,Customer_24,23-01-2025, Beauty,Perfume,3.0,621.02,20.0,Net Banking,Mobile App,Pune,Maharashtra,01/31/2025,Cancelled,,,,1.0
ORD102014,CUST0311,Customer_311,2025-01-23,Sports,Dumbbells,-1.0,2367.0,5.0,Credit Card,app,Nagpur,Maharashtra,03 Feb 2025,Cancelled,Wrong Item Delivered,,,
ORD100141,CUST0393,Customer_393,06/14/2025,Electronics,Headphones,3.0,2300.24,10.0,COD,app,Bangalore,Karnataka,23/06/25,delivered,,,,3.0
ORD101988,CUST0187,Customer_187,03-01-2025, Sports,Skipping Rope,1.0,2055.1,50.0,Credit Card,WEB,Hyderabad,Telangana,13-01-2025,DELIVERED ,,,,4.0
ORD101798,CUST0190,Customer_190,04/02/25,electronics,Power Bank,1.0,1831.98,120.0,COD,app,Bengaluru,Karnataka,,In Transit,,,,5.0
ORD100466,CUST0127,Customer_127,16/02/25,BEAUTY,Face Wash,2.0,1472.66,30.0,Credit Card,app,Bangalore,Karnataka,18 Feb 2025,returned,,2379.14,22-02-2025,4.0
ORD102745,CUST0398,Customer_398,2025-04-04,Sports,Cricket Bat,1.0,4055.61,120.0,Credit Card,WEB,Chennai,Tamil Nadu,04/13/2025,delivered,,,,
ORD100109,CUST0424,Customer_424,14 Jun 2025,Home & Kitchen,LED Bulb,1.0,3812.06,25.0,Credit Card,app,Bhopal,Madhya Pradesh,,In Transit,,,,
ORD100300,CUST0106,Customer_106,08-02-2025,Electronics,Headphones,2.0,₹4696.84,50.0,COD,Mobile App,Jaipur,Rajasthan,02/19/2025,Delivered,,,,
ORD102343,CUST0398,Customer_398,2025-01-09,Beauty ,Face Wash,2.0,3515.4,25.0,Credit Card,WEB,Hyderabad,Telangana,12/01/25,cancelled ,,,,
ORD100398,CUST0372,Customer_372,13/03/25, Electronics,Bluetooth Speaker,2.0,191.74,5.0,upi,Mobile App,Hyderabad,Telangana,,In Transit,,,,3.0
ORD101766,CUST0324,Customer_324,27/05/25,Beauty,Face Wash,-1.0,785.71,-5.0,Net Banking,app,Nagpur,Maharashtra,01 Jun 2025,returned,Quality Not as Expected,653.38,07/06/25,3.0
ORD102133,CUST0508,Customer_508,08 Apr 2025,Electronics,Bluetooth Speaker,1.0,4702.54,30.0,upi,Web,Patna,Bihar,,In Transit,,,,3.0
ORD101722,CUST0324,Customer_324,01/19/2025, Home & Kitchen,Bedsheet,0.0,4718.7,15.0,Debit Card,Web,Hyderabad,Telangana,2025-01-23,returned,Late Delivery,3411.37,2025-01-31,1.0
ORD101652,CUST0345,Customer_345,04/04/25,SPORTS,Football,0.0,2488.53,50.0,Credit Card,app,Nagpur,Maharashtra,10 Apr 2025,Returned,size issue,2487.35,,
ORD101816,CUST0041,Customer_41,29/03/25,Electronics ,Headphones,1.0,5412.15,10.0,Debit Card,WEB,Jaipur,Rajasthan,09 Apr 2025,cancelled ,,,,
ORD100540,CUST0291,Customer_291,24-04-2025,Beauty ,Face Wash,-1.0,214.46,-5.0,UPI,Web,Kolkata,West Bengal,27 Apr 2025,Cancelled,,,,4.0
ORD101268,CUST0424,Customer_424,06-02-2025,Sports ,Dumbbells,-1.0,2062.9,5.0,Credit Card,Mobile App,Patna,Bihar,09 Feb 2025,cancelled ,,,,
ORD100010,CUST0033,Customer_33,28 May 2025,Home & Kitchen ,Mixer Grinder,2.0,1779.09,-5.0,UPI,WEB,Delhi,Delhi,06/05/2025,Returned,Quality Not as Expected,2989.25,07-06-2025,
ORD100071,CUST0434,Customer_434,02/19/2025,Sports,Cricket Bat,3.0,1956.87,50.0,Cash on Delivery,Mobile App,Chandigarh,Punjab,22-02-2025,DELIVERED ,,,,1.0
ORD101076,CUST0123,Customer_123,30/04/25,ELECTRONICS,Power Bank,0.0,₹3207.13,10.0,UPI,WEB,Bhopal,Madhya Pradesh,12-05-2025,Delivered,,,,2.0
ORD102715,CUST0599,Customer_599,08 May 2025,Beauty,Face Wash,2.0,543.79,10.0,Net Banking,Mobile App,Kochi,Kerala,15 May 2025,RTO,Duplicate Order,979.13,18-05-2025,
ORD102301,CUST0110,Customer_110,26/02/25,Home & Kitchen,Mixer Grinder,1.0,340.73,50.0,Cash on Delivery,Web,Chandigarh,Punjab,09/03/25,delivered,,,,
ORD100965,CUST0498,Customer_498,18-06-2025,Home & Kitchen ,Non-stick Pan,2.0,4667.2,0.0,Cash on Delivery,app,Chandigarh,Punjab,25-06-2025,Returned,Duplicate Order,8132.81,01 Jul 2025,2.0
ORD100025,CUST0163,Customer_163,06/10/2025,beauty,Perfume,2.0,5063.2,50.0,Debit Card,app,Chennai,Tamil Nadu,2025-06-18,returned,Quality Not as Expected,7333.27,,
ORD101981,CUST0449,Customer_449,11-05-2025,sports,Yoga Mat,1.0,2901.33,10.0,COD,app,Pune,Maharashtra,13/05/25,cancelled ,,,,
ORD101011,CUST0421,Customer_421,18/05/25,beauty,Lipstick,0.0,3186.08,-5.0,UPI,app,Kochi,Kerala,25/05/25,delivered,,,,1.0
ORD102009,CUST0426,Customer_426,26-04-2025,Beauty,Lipstick,1.0,3278.17,120.0,Credit Card,WEB,Jaipur,Rajasthan,04/05/25,DELIVERED ,,,,3.0
ORD101778,CUST0123,Customer_123,2025-02-19,ELECTRONICS,Headphones,-1.0,158.28,20.0,Cash on Delivery,app,Indore,MP,,In Transit,,,,
ORD100847,CUST0433,Customer_433,22 Jan 2025,Home & Kitchen ,LED Bulb,2.0,1189.98,5.0,UPI,Web,Pune,Maharashtra,23-01-2025,Cancelled,,,,
ORD100252,CUST0369,Customer_369,2025-02-04, Beauty,Perfume,1.0,4398.93,120.0,UPI,app,Jaipur,Rajasthan,02/09/2025,Delivered,,,,3.0
ORD101894,CUST0556,Customer_556,30-05-2025,sports,Football,3.0,246.27,0.0,Net Banking,Web,Surat,gujarat,09 Jun 2025,Cancelled,,,,4.0
ORD102032,CUST0023,Customer_23,16 Mar 2025,Beauty,Perfume,-1.0,5099.29,0.0,Debit Card,WEB,Bengaluru,Karnataka,03/19/2025,Delivered,,,,3.0
ORD100807,CUST0364,Customer_364,27-01-2025,fashion,Handbag,3.0,5318.36,10.0,upi,App,Surat,gujarat,08/02/25,delivered,,,,4.0
ORD101459,CUST0124,Customer_124,03-01-2025,Beauty,Lipstick,3.0,5366.9,10.0,Debit Card,Web,Pune,Maharashtra,2025-01-10,Refunded,Size Issue,13986.89,16 Jan 2025,
ORD102284,CUST0323,Customer_323,2025-01-07,Fashion,Women Kurti,1.0,1840.72,15.0,UPI,App,Pune,Maharashtra,16 Jan 2025,RTO,Product Damaged,1713.3,21 Jan 2025,
ORD100716,CUST0065,Customer_65,21 Apr 2025,Fashion,Women Kurti,-1.0,₹4116.41,50.0,upi,App,Pune,Maharashtra,24/04/25,cancelled ,,,,5.0
ORD102143,CUST0419,Customer_419,2025-04-13,Beauty,Lipstick,2.0,4975.74,20.0,COD,WEB,Ahmedabad,Gujarat,15 Apr 2025,Delivered,,,,
ORD100993,CUST0011,Customer_11,2025-05-08, Home & Kitchen,Storage Box,3.0,567.52,50.0,upi,Web,Bhopal,Madhya Pradesh,20 May 2025,RTO,Product Damaged,1497.09,2025-05-24,3.0
ORD101112,CUST0489,Customer_489,05/28/2025,Home & Kitchen,Mixer Grinder,2.0,₹3744.96,5.0,Credit Card,Web,Bangalore,Karnataka,03/06/25,Returned,Wrong Item Delivered,5453.36,07 Jun 2025,1.0
ORD102046,CUST0023,Customer_23,15-03-2025,Fashion ,Jeans,1.0,5806.14,50.0,UPI,WEB,Patna,Bihar,,returned,Quality Not as Expected,4288.13,04/04/25,
ORD101903,CUST0308,Customer_308,25 May 2025,electronics,Mobile Cover,1.0,4021.71,25.0,upi,Web,Pune,Maharashtra,04/06/25,RTO,,3113.09,12 Jun 2025,
ORD102792,CUST0001,Customer_1,05/03/25,Electronics ,Mobile Cover,1.0,"5,359.91",30.0,Credit Card,WEB,Chennai,Tamil Nadu,2025-03-08,DELIVERED ,,,,5.0
ORD101309,CUST0576,Customer_576,06/23/2025, Electronics,Headphones,1.0,2110.23,0.0,Net Banking,App,Bangalore,Karnataka,28-06-2025,Delivered,,,,
ORD102767,CUST0358,Customer_358,20/03/25,BEAUTY,Perfume,1.0,4187.99,30.0,Debit Card,app,Surat,gujarat,,cancelled ,,,,3.0
ORD100021,CUST0373,Customer_373,21 Mar 2025,beauty,Face Wash,3.0,4030.82,120.0,Credit Card,WEB,Bengaluru,Karnataka,28/03/25,Cancelled,,,,
ORD100280,CUST0048,Customer_48,02/21/2025,electronics,Mobile Cover,1.0,3528.73,25.0,Debit Card,Web,Delhi,Delhi,26 Feb 2025,returned,Product Damaged,2486.26,07-03-2025,4.0
ORD100736,CUST0253,Customer_253,2025-05-04,fashion,Handbag,1.0,5340.55,30.0,Net Banking,App,Kolkata,West Bengal,05/12/2025,RTO,Wrong Item Delivered,,21 May 2025,1.0
ORD100948,CUST0569,Customer_569,17 May 2025,HOME & KITCHEN,LED Bulb,1.0,4123.19,0.0,Credit Card,Web,Bhopal,Madhya Pradesh,28/05/25,RTO,,3901.35,,
ORD100097,CUST0231,Customer_231,15-03-2025,HOME & KITCHEN,LED Bulb,0.0,2004.69,20.0,Cash on Delivery,Web,Lucknow,Uttar Pradesh,26 Mar 2025,RTO,Wrong Item Delivered,,2025-03-28,
ORD102649,CUST0262,Customer_262,12-01-2025,beauty,Face Wash,0.0,4710.18,120.0,UPI,Web,Bangalore,Karnataka,01/16/2025,Delivered,,,,
ORD100442,CUST0468,Customer_468,05 Apr 2025,Beauty,Lipstick,1.0,5233.68,15.0,COD,Web,Chandigarh,Punjab,16 Apr 2025,RTO,Size Issue,5167.02,2025-04-17,1.0
ORD100173,CUST0234,Customer_234,04/24/2025, Fashion,Jeans,3.0,1726.11,15.0,Cash on Delivery,App,Lucknow,Uttar Pradesh,06/05/25,cancelled ,,,,3.0
ORD101096,CUST0267,Customer_267,02 Feb 2025,electronics,Smartwatch,3.0,786.05,15.0,Net Banking,App,Bangalore,Karnataka,10-02-2025,DELIVERED ,,,,4.0
ORD102596,CUST0095,Customer_95,10 May 2025, Home & Kitchen,LED Bulb,1.0,5936.1,30.0,COD,App,Surat,gujarat,2025-05-14,DELIVERED ,,,,
ORD102626,CUST0396,Customer_396,14/04/25,FASHION,Women Kurti,0.0,1695.97,25.0,Net Banking,App,Jaipur,Rajasthan,21-04-2025,cancelled ,,,,
ORD102082,CUST0247,Customer_247,07-03-2025,Electronics,Bluetooth Speaker,0.0,"5,227.91",50.0,Credit Card,App,Indore,MP,18 Mar 2025,cancelled ,,,,4.0
ORD102339,CUST0385,Customer_385,03/04/2025,Electronics,Bluetooth Speaker,2.0,151.56,30.0,upi,app,Delhi,Delhi,03/05/2025,cancelled ,,,,3.0
ORD101651,CUST0386,Customer_386,2025-05-22,Home & Kitchen,Storage Box,1.0,4182.39,25.0,COD,Mobile App,Chennai,Tamil Nadu,27/05/25,RTO,,3058.67,06/03/2025,
ORD101325,CUST0079,Customer_79,23-06-2025,Beauty,Sunscreen,-1.0,1450.24,-5.0,COD,Mobile App,Mumbai,Maharashtra,27/06/25,Refunded,Not as described,1297.1,30-06-2025,1.0
ORD101522,CUST0192,Customer_192,2025-01-31,FASHION,Men Tshirt,-1.0,1993.11,25.0,Credit Card,Web,Pune,Maharashtra,08/02/25,RTO,Product Damaged,1683.42,,
ORD101356,CUST0268,Customer_268,28/05/25,SPORTS,Dumbbells,2.0,4211.62,30.0,Cash on Delivery,App,Jaipur,Rajasthan,2025-05-29,Cancelled,,,,
ORD100331,CUST0428,Customer_428,05 Feb 2025,Beauty,Face Wash,1.0,5551.95,25.0,upi,app,Bangalore,Karnataka,2025-02-14,RTO,Size Issue,4083.9,,3.0
ORD101282,CUST0262,Customer_262,20-04-2025,home & kitchen,Mixer Grinder,1.0,1112.95,20.0,UPI,Mobile App,Hyderabad,Telangana,21 Apr 2025,Returned,Not as described,820.82,22 Apr 2025,4.0
ORD101449,CUST0341,Customer_341,2025-04-12,FASHION,Sneakers,1.0,5673.7,10.0,Net Banking,App,Bhopal,Madhya Pradesh,2025-04-17,delivered,,,,2.0
ORD102743,CUST0089,Customer_89,06/09/2025, Electronics,Mobile Cover,1.0,3918.11,15.0,Debit Card,App,Nagpur,Maharashtra,14/06/25,Returned,Product Damaged,3434.82,18-06-2025,
ORD101272,CUST0417,Customer_417,07-01-2025,Fashion ,Women Kurti,-1.0,1322.7,10.0,Credit Card,WEB,Kolkata,West Bengal,,In Transit,,,,4.0
ORD102019,CUST0514,Customer_514,17 Mar 2025, Electronics,Power Bank,1.0,₹1453.84,120.0,Debit Card,App,Delhi,Delhi,19/03/25,RTO,size issue,1159.66,03/26/2025,
ORD100862,CUST0186,Customer_186,04/23/2025,Electronics ,Headphones,1.0,2761.97,120.0,Debit Card,Mobile App,Pune,Maharashtra,05/03/2025,Returned,Damaged in transit,2212.87,06 May 2025,5.0
ORD100746,CUST0434,Customer_434,15/02/25,Fashion,Women Kurti,2.0,3675.41,20.0,Credit Card,Mobile App,Bangalore,Karnataka,2025-02-23,delivered,,,,4.0
ORD102561,CUST0156,Customer_156,02 May 2025,Electronics,Headphones,1.0,1906.21,5.0,Credit Card,Mobile App,Lucknow,Uttar Pradesh,,In Transit,,,,1.0
ORD102249,CUST0530,Customer_530,2025-02-27,sports,Yoga Mat,1.0,₹1841.39,30.0,Credit Card,WEB,Delhi,Delhi,,In Transit,,,,4.0
ORD100088,CUST0176,Customer_176,14/06/25,sports,Skipping Rope,1.0,₹4977.63,0.0,Net Banking,App,Bhopal,Madhya Pradesh,25/06/25,returned,Changed Mind,4299.05,30 Jun 2025,4.0
ORD101745,CUST0146,Customer_146,01/11/2025,fashion,Women Kurti,1.0,2605.88,50.0,Credit Card,Mobile App,Delhi,Delhi,15/01/25,DELIVERED ,,,,2.0
ORD100096,CUST0064,Customer_64,28/04/25,FASHION,Handbag,3.0,5989.02,10.0,Credit Card,Web,Patna,Bihar,2025-05-07,Cancelled,,,,5.0
ORD100880,CUST0162,Customer_162,08 Feb 2025,Sports ,Football,2.0,4780.06,120.0,Debit Card,App,Pune,Maharashtra,18 Feb 2025,cancelled ,,,,4.0
ORD102566,CUST0219,Customer_219,09-02-2025,sports,Football,2.0,4088.9,5.0,upi,Mobile App,Bhopal,Madhya Pradesh,19/02/25,RTO,Duplicate Order,6891.38,27 Feb 2025,
ORD101152,CUST0156,Customer_156,06/03/2025,BEAUTY,Hair Oil,3.0,679.68,30.0,Credit Card,App,Bengaluru,Karnataka,15 Jun 2025,Returned,Damaged in transit,1713.87,16/06/25,1.0
ORD102391,CUST0246,Customer_246,2025-06-07,sports,Cricket Bat,2.0,5256.17,10.0,Net Banking,Mobile App,Bhopal,Madhya Pradesh,,In Transit,,,,1.0
ORD101182,CUST0346,Customer_346,2025-04-01,Sports ,Football,1.0,"1,853.35",30.0,Debit Card,App,Ahmedabad,Gujarat,2025-04-03,Cancelled,,,,
ORD102555,CUST0158,Customer_158,20 May 2025,fashion,Men Tshirt,2.0,"3,715.89",25.0,COD,Web,Nagpur,Maharashtra,,cancelled ,,,,
ORD101958,CUST0253,Customer_253,06/03/2025,Beauty ,Hair Oil,1.0,4885.56,50.0,Debit Card,Mobile App,Mumbai,Maharashtra,,Delivered,,,,1.0
ORD101385,CUST0447,Customer_447,04/21/2025,BEAUTY,Hair Oil,1.0,698.54,25.0,Net Banking,WEB,Chandigarh,Punjab,30/04/25,Returned,,561.82,10/05/25,4.0
ORD101365,CUST0048,Customer_48,2025-03-16,Sports,Cricket Bat,-1.0,2329.71,15.0,Debit Card,Web,Bhopal,Madhya Pradesh,2025-03-20,Cancelled,,,,3.0
ORD102203,CUST0025,Customer_25,12-04-2025,Beauty,Lipstick,2.0,830.64,10.0,Credit Card,App,Lucknow,Uttar Pradesh,,In Transit,,,,1.0
ORD100595,CUST0091,Customer_91,01/03/2025,ELECTRONICS,Headphones,1.0,1236.1,10.0,Cash on Delivery,Web,Ahmedabad,Gujarat,01/11/2025,Cancelled,,,,3.0
ORD100653,CUST0306,Customer_306,11-03-2025,Electronics ,Mobile Cover,0.0,1049.01,25.0,Net Banking,Web,Bhopal,Madhya Pradesh,16 Mar 2025,cancelled ,,,,
ORD101058,CUST0596,Customer_596,20-05-2025, Sports,Skipping Rope,1.0,2421.0,20.0,COD,Web,Kolkata,West Bengal,,In Transit,,,,1.0
ORD102355,CUST0040,Customer_40,2025-01-30,Beauty,Perfume,-1.0,2752.5,20.0,Debit Card,WEB,Nagpur,Maharashtra,,In Transit,,,,
ORD100756,CUST0232,Customer_232,14/01/25, Electronics,Power Bank,2.0,2069.7,30.0,Credit Card,Web,Kochi,Kerala,01/19/2025,returned,Damaged in transit,3087.9,,
ORD101415,CUST0193,Customer_193,26/01/25,sports,Yoga Mat,1.0,488.94,120.0,Debit Card,App,Chandigarh,Punjab,03 Feb 2025,Returned,Late Delivery,383.25,2025-02-05,
ORD101388,CUST0316,Customer_316,2025-03-01,Electronics,Mobile Cover,2.0,"2,838.67",25.0,UPI,WEB,Lucknow,Uttar Pradesh,04/03/25,Refunded,Changed Mind,4070.02,03/08/2025,
ORD101136,CUST0377,Customer_377,05/20/2025,HOME & KITCHEN,Mixer Grinder,-1.0,4988.35,120.0,COD,Web,Surat,gujarat,26/05/25,delivered,,,,5.0
ORD100550,CUST0361,Customer_361,18/05/25, Fashion,Jeans,1.0,"1,543.30",30.0,UPI,App,Pune,Maharashtra,05/19/2025,Delivered,,,,3.0
ORD100557,CUST0368,Customer_368,2025-05-22,BEAUTY,Sunscreen,-1.0,492.72,-5.0,Cash on Delivery,WEB,Kolkata,West Bengal,2025-05-30,delivered,,,,3.0
ORD102422,CUST0132,Customer_132,26/05/25,SPORTS,Cricket Bat,2.0,4694.78,10.0,upi,WEB,Nagpur,Maharashtra,06/06/2025,Delivered,,,,
ORD100542,CUST0185,Customer_185,30/05/25,Sports ,Skipping Rope,2.0,907.12,25.0,Credit Card,App,Bangalore,Karnataka,,cancelled ,,,,
ORD101574,CUST0298,Customer_298,2025-03-11,Electronics,Bluetooth Speaker,1.0,1549.19,15.0,Debit Card,Mobile App,Nagpur,Maharashtra,17 Mar 2025,RTO,Changed Mind,1244.75,25 Mar 2025,
ORD100265,CUST0383,Customer_383,11 Mar 2025, Fashion,Sneakers,0.0,954.45,0.0,UPI,Web,Hyderabad,Telangana,03/23/2025,Returned,Changed Mind,808.4,03/31/2025,
ORD102376,CUST0230,Customer_230,03/28/2025, Beauty,Lipstick,1.0,3779.81,50.0,UPI,Mobile App,Hyderabad,Telangana,07 Apr 2025,Refunded,,2934.94,08-04-2025,3.0
ORD102687,CUST0144,Customer_144,01/13/2025, Fashion,Jeans,2.0,4900.92,30.0,COD,Mobile App,Bangalore,Karnataka,15/01/25,Refunded,Duplicate Order,7668.92,23-01-2025,2.0
ORD100301,CUST0490,Customer_490,01/02/25,Beauty,Perfume,2.0,169.35,50.0,COD,App,Ahmedabad,Gujarat,,In Transit,,,,2.0
ORD101609,CUST0582,Customer_582,01/01/2025, Sports,Skipping Rope,2.0,982.61,5.0,Cash on Delivery,WEB,Bengaluru,Karnataka,,In Transit,,,,3.0
ORD100554,CUST0394,Customer_394,17-05-2025, Beauty,Face Wash,-1.0,2747.52,30.0,Net Banking,app,Mumbai,Maharashtra,2025-05-18,returned,Wrong Item Delivered,2410.37,24/05/25,
ORD100468,CUST0135,Customer_135,2025-01-14,Electronics,Headphones,1.0,1059.92,15.0,Debit Card,app,Patna,Bihar,24 Jan 2025,cancelled ,,,,
ORD100345,CUST0280,Customer_280,2025-05-10,Electronics ,Mobile Cover,0.0,"2,648.57",20.0,COD,app,Bhopal,Madhya Pradesh,05/21/2025,cancelled ,,,,
ORD101117,CUST0274,Customer_274,09 May 2025, Home & Kitchen,Mixer Grinder,1.0,1431.29,15.0,Debit Card,app,Bangalore,Karnataka,14-05-2025,RTO,,1321.95,17 May 2025,1.0
ORD100500,CUST0219,Customer_219,12 Mar 2025,Electronics,Smartwatch,-1.0,1728.61,5.0,Net Banking,Web,Bhopal,Madhya Pradesh,17 Mar 2025,delivered,,,,5.0
ORD102435,CUST0589,Customer_589,06/15/2025, Sports,Cricket Bat,0.0,4190.32,25.0,Debit Card,WEB,Kochi,Kerala,2025-06-17,Cancelled,,,,
ORD101225,CUST0256,Customer_256,02-05-2025,FASHION,Jeans,-1.0,3039.05,25.0,upi,Mobile App,Hyderabad,Telangana,13 May 2025,DELIVERED ,,,,
ORD101648,CUST0124,Customer_124,04/23/2025,Sports ,Dumbbells,-1.0,5211.49,20.0,Credit Card,App,Hyderabad,Telangana,04/28/2025,cancelled ,,,,
ORD101741,CUST0238,Customer_238,21 Jan 2025,HOME & KITCHEN,Bedsheet,1.0,3198.23,5.0,Debit Card,Web,Hyderabad,Telangana,31-01-2025,RTO,Wrong Item Delivered,2929.5,08-02-2025,
ORD102061,CUST0355,Customer_355,26 Jun 2025,Electronics ,Smartwatch,3.0,5665.82,10.0,COD,WEB,Bangalore,Karnataka,2025-07-01,delivered,,,,4.0
ORD100440,CUST0490,Customer_490,01/25/2025,Beauty,Face Wash,1.0,1706.57,0.0,Cash on Delivery,app,Chandigarh,Punjab,,In Transit,,,,
ORD100022,CUST0179,Customer_179,23 Feb 2025,sports,Skipping Rope,-1.0,₹3355.43,20.0,COD,Web,Surat,gujarat,05 Mar 2025,RTO,Late Delivery,3255.96,08-03-2025,5.0
ORD102638,CUST0354,Customer_354,25/03/25,Electronics ,Bluetooth Speaker,3.0,727.03,25.0,Net Banking,App,Indore,MP,04/03/2025,Returned,Changed Mind,1784.6,12-04-2025,5.0
ORD101163,CUST0158,Customer_158,04-04-2025,Beauty,Perfume,1.0,"1,300.93",120.0,COD,Web,Nagpur,Maharashtra,10-04-2025,delivered,,,,2.0
ORD101264,CUST0086,Customer_86,2025-04-27,ELECTRONICS,Bluetooth Speaker,2.0,₹1276.51,15.0,Cash on Delivery,Web,Bengaluru,Karnataka,07/05/25,Returned,,1945.79,13/05/25,
ORD101691,CUST0417,Customer_417,2025-03-19,Fashion ,Sneakers,3.0,3181.96,50.0,COD,App,Chandigarh,Punjab,29 Mar 2025,RTO,Wrong Item Delivered,7418.8,02/04/25,
ORD101226,CUST0278,Customer_278,16-04-2025, Fashion,Jeans,3.0,3076.24,0.0,Net Banking,Web,Patna,Bihar,2025-04-28,cancelled ,,,,2.0
ORD101295,CUST0586,Customer_586,19-01-2025,home & kitchen,Bedsheet,0.0,5103.8,15.0,UPI,Mobile App,Chennai,Tamil Nadu,01/25/2025,Delivered,,,,4.0
ORD100488,CUST0230,Customer_230,06-04-2025,Electronics,Smartwatch,1.0,₹2358.15,30.0,UPI,Web,Bangalore,Karnataka,17 Apr 2025,delivered,,,,2.0
ORD100230,CUST0554,Customer_554,28/06/25,electronics,Mobile Cover,-1.0,5183.34,5.0,COD,Mobile App,Hyderabad,Telangana,04-07-2025,Refunded,size issue,4581.21,2025-07-13,4.0
ORD102598,CUST0345,Customer_345,26/02/25,Fashion ,Sneakers,2.0,₹5701.64,0.0,COD,app,Pune,Maharashtra,,In Transit,,,,
ORD101203,CUST0224,Customer_224,06/03/2025,BEAUTY,Sunscreen,1.0,2227.14,10.0,Cash on Delivery,Web,Kochi,Kerala,07 Jun 2025,Refunded,,,2025-06-09,
ORD100287,CUST0064,Customer_64,01/08/2025,Home & Kitchen,Storage Box,1.0,4264.62,20.0,COD,WEB,Indore,MP,2025-01-20,cancelled ,,,,4.0
ORD101314,CUST0104,Customer_104,04/11/2025,Fashion,Sneakers,2.0,3225.46,50.0,Net Banking,Web,Bhopal,Madhya Pradesh,21-04-2025,Delivered,,,,
ORD102769,CUST0282,Customer_282,2025-06-21,sports,Yoga Mat,2.0,₹2174.68,0.0,Debit Card,App,Chandigarh,Punjab,27-06-2025,Returned,quality issue,3825.58,02 Jul 2025,
ORD100811,CUST0127,Customer_127,29-03-2025,sports,Skipping Rope,1.0,3304.49,50.0,Credit Card,Web,Hyderabad,Telangana,01 Apr 2025,RTO,Damaged in transit,2814.62,,
ORD102445,CUST0429,Customer_429,18/06/25,electronics,Power Bank,3.0,3841.36,15.0,Debit Card,WEB,Delhi,Delhi,,RTO,size issue,10184.95,2025-06-27,
ORD100432,CUST0145,Customer_145,10-05-2025,Fashion,Women Kurti,1.0,3616.89,15.0,Credit Card,WEB,Hyderabad,Telangana,05/22/2025,cancelled ,,,,4.0
ORD101579,CUST0281,Customer_281,01/07/2025,Home & Kitchen,LED Bulb,2.0,3778.21,30.0,COD,Mobile App,Bhopal,Madhya Pradesh,01/16/2025,returned,Late Delivery,6531.33,23/01/25,4.0
ORD102074,CUST0552,Customer_552,05/03/2025,Sports,Dumbbells,1.0,1827.75,0.0,upi,app,Surat,gujarat,2025-05-10,delivered,,,,
ORD100481,CUST0113,Customer_113,04-01-2025,ELECTRONICS,Headphones,2.0,4655.19,-5.0,Credit Card,Web,Nagpur,Maharashtra,2025-01-13,delivered,,,,
ORD100621,CUST0144,Customer_144,03/20/2025,fashion,Handbag,1.0,1442.98,20.0,Credit Card,Web,Ahmedabad,Gujarat,31 Mar 2025,RTO,Product Damaged,1382.01,04-04-2025,4.0
ORD102188,CUST0507,Customer_507,2025-02-07, Fashion,Men Tshirt,3.0,5398.78,15.0,Net Banking,app,Hyderabad,Telangana,12-02-2025,Returned,,15183.75,18 Feb 2025,3.0
ORD100937,CUST0564,Customer_564,06/19/2025,ELECTRONICS,Smartwatch,-1.0,4247.48,-5.0,Net Banking,Mobile App,Delhi,Delhi,25/06/25,delivered,,,,1.0
ORD102465,CUST0438,Customer_438,28-03-2025,fashion,Jeans,2.0,774.65,30.0,Cash on Delivery,Web,Delhi,Delhi,01 Apr 2025,Returned,quality issue,1219.66,08-04-2025,
ORD102590,CUST0581,Customer_581,19 May 2025, Fashion,Handbag,1.0,1910.99,30.0,COD,WEB,Surat,gujarat,21/05/25,cancelled ,,,,2.0
ORD100131,CUST0269,Customer_269,06/08/2025,beauty,Sunscreen,-1.0,3726.15,50.0,UPI,Web,Jaipur,Rajasthan,06/18/2025,returned,Wrong Item Delivered,,21/06/25,
ORD101382,CUST0354,Customer_354,01/13/2025,SPORTS,Dumbbells,3.0,3029.82,50.0,Cash on Delivery,app,Surat,gujarat,,DELIVERED ,,,,
ORD100956,CUST0116,Customer_116,26 Feb 2025,BEAUTY,Lipstick,1.0,4195.28,10.0,upi,app,Indore,MP,06 Mar 2025,Refunded,quality issue,3525.75,,1.0
ORD100914,CUST0142,Customer_142,2025-02-07, Beauty,Hair Oil,1.0,4736.74,120.0,COD,app,Bengaluru,Karnataka,17 Feb 2025,delivered,,,,3.0
ORD101970,CUST0053,Customer_53,05/23/2025,Electronics,Headphones,2.0,158.99,50.0,COD,WEB,Surat,gujarat,24/05/25,cancelled ,,,,
ORD101354,CUST0468,Customer_468,30-05-2025,Electronics,Power Bank,0.0,"4,246.64",30.0,UPI,Web,Nagpur,Maharashtra,04-06-2025,delivered,,,,5.0
ORD101184,CUST0306,Customer_306,13/01/25,HOME & KITCHEN,Non-stick Pan,-1.0,₹505.46,25.0,upi,App,Kolkata,West Bengal,25-01-2025,RTO,Damaged in transit,441.53,01-02-2025,
ORD100128,CUST0354,Customer_354,2025-03-31,Electronics,Power Bank,2.0,2583.46,10.0,Debit Card,WEB,Patna,Bihar,08/04/25,Cancelled,,,,
ORD100285,CUST0558,Customer_558,04/24/2025,Fashion,Women Kurti,0.0,818.79,5.0,Debit Card,WEB,Indore,MP,01-05-2025,returned,Duplicate Order,595.39,11-05-2025,3.0
ORD102036,CUST0085,Customer_85,07-01-2025,Home & Kitchen ,Non-stick Pan,1.0,₹1290.81,10.0,Cash on Delivery,App,Indore,MP,01/19/2025,Cancelled,,,,3.0
ORD100979,CUST0110,Customer_110,04/11/2025,FASHION,Men Tshirt,0.0,2099.91,-5.0,Net Banking,WEB,Mumbai,Maharashtra,21 Apr 2025,Cancelled,,,,2.0
ORD100624,CUST0409,Customer_409,21-01-2025,Electronics ,Bluetooth Speaker,1.0,1738.12,120.0,Cash on Delivery,Web,Kolkata,West Bengal,01/31/2025,Refunded,,1663.83,02/08/2025,1.0
ORD100689,CUST0452,Customer_452,2025-03-30,SPORTS,Skipping Rope,0.0,5379.83,-5.0,upi,WEB,Ahmedabad,Gujarat,04/05/2025,delivered,,,,2.0
ORD101978,CUST0501,Customer_501,25 May 2025,home & kitchen,Storage Box,1.0,1632.14,0.0,UPI,App,Chandigarh,Punjab,27-05-2025,Refunded,,1602.8,06/04/2025,5.0
ORD100996,CUST0419,Customer_419,09/06/25,fashion,Handbag,1.0,400.06,20.0,Credit Card,Web,Delhi,Delhi,2025-06-20,Delivered,,,,4.0
ORD101948,CUST0162,Customer_162,29 Apr 2025,Sports,Skipping Rope,2.0,1382.36,30.0,Credit Card,app,Pune,Maharashtra,02 May 2025,DELIVERED ,,,,2.0
ORD101510,CUST0059,Customer_59,04-04-2025, Home & Kitchen,Bedsheet,1.0,5639.75,-5.0,Cash on Delivery,app,Bangalore,Karnataka,2025-04-06,delivered,,,,
ORD100611,CUST0019,Customer_19,12/06/25,Home & Kitchen,Non-stick Pan,2.0,4409.76,30.0,Debit Card,app,Mumbai,Maharashtra,21/06/25,Cancelled,,,,
ORD100459,CUST0281,Customer_281,2025-05-15, Electronics,Headphones,2.0,2365.0,10.0,Net Banking,app,Ahmedabad,Gujarat,2025-05-23,RTO,Not as described,,,
ORD102147,CUST0510,Customer_510,05/29/2025,Home & Kitchen,Storage Box,2.0,"1,324.51",20.0,upi,WEB,Mumbai,Maharashtra,2025-06-01,cancelled ,,,,2.0
ORD100463,CUST0008,Customer_8,25/06/25,beauty,Sunscreen,2.0,5966.2,120.0,Credit Card,Web,Chandigarh,Punjab,07/05/2025,Delivered,,,,3.0
ORD100793,CUST0460,Customer_460,20 Feb 2025,Beauty ,Lipstick,0.0,1783.18,0.0,Cash on Delivery,Mobile App,Nagpur,Maharashtra,27 Feb 2025,returned,size issue,1316.05,,2.0
ORD100505,CUST0090,Customer_90,26 Jan 2025,Electronics,Headphones,-1.0,756.5,120.0,Cash on Delivery,WEB,Ahmedabad,Gujarat,,In Transit,,,,
ORD100309,CUST0258,Customer_258,08 Jan 2025, Home & Kitchen,Storage Box,1.0,760.86,10.0,upi,WEB,Chennai,Tamil Nadu,,In Transit,,,,
ORD102428,CUST0077,Customer_77,05-05-2025,Beauty ,Perfume,0.0,1948.3,-5.0,UPI,App,Jaipur,Rajasthan,07/05/25,Refunded,size issue,1682.45,11/05/25,1.0
ORD100364,CUST0050,Customer_50,02/15/2025,Home & Kitchen,LED Bulb,1.0,3350.86,20.0,Credit Card,WEB,Hyderabad,Telangana,,cancelled ,,,,5.0
ORD100580,CUST0292,Customer_292,20-05-2025,SPORTS,Skipping Rope,-1.0,250.69,25.0,Cash on Delivery,Web,Indore,MP,24-05-2025,Refunded,Changed Mind,217.84,05/30/2025,2.0
ORD100106,CUST0033,Customer_33,06 Apr 2025,HOME & KITCHEN,Bedsheet,1.0,4630.09,30.0,upi,app,Bengaluru,Karnataka,13/04/25,Refunded,size issue,3987.33,17-04-2025,1.0
ORD102206,CUST0210,Customer_210,04/18/2025,HOME & KITCHEN,Non-stick Pan,2.0,2270.16,10.0,COD,App,Kolkata,West Bengal,,Cancelled,,,,1.0
ORD100508,CUST0053,Customer_53,10 Feb 2025,SPORTS,Football,-1.0,5867.53,120.0,UPI,Mobile App,Chandigarh,Punjab,02/12/2025,Returned,,5448.89,02/21/2025,
ORD101012,CUST0171,Customer_171,11 Feb 2025,Sports,Football,3.0,5794.39,0.0,Debit Card,Mobile App,Indore,MP,,DELIVERED ,,,,1.0
ORD101906,CUST0565,Customer_565,17-04-2025,HOME & KITCHEN,Mixer Grinder,2.0,4975.68,120.0,COD,App,Surat,gujarat,25 Apr 2025,Cancelled,,,,3.0
ORD100947,CUST0009,Customer_9,22-04-2025, Home & Kitchen,Storage Box,1.0,2803.65,10.0,Cash on Delivery,WEB,Hyderabad,Telangana,2025-04-27,delivered,,,,
ORD102148,CUST0153,Customer_153,2025-01-20,beauty,Perfume,-1.0,₹3874.68,30.0,UPI,Mobile App,Mumbai,Maharashtra,21-01-2025,RTO,size issue,3125.65,2025-01-27,
ORD101280,CUST0593,Customer_593,29 Jun 2025,SPORTS,Skipping Rope,2.0,1081.45,50.0,Net Banking,app,Jaipur,Rajasthan,,Cancelled,,,,
ORD101914,CUST0493,Customer_493,01/05/25,BEAUTY,Lipstick,0.0,293.82,20.0,Net Banking,Web,Delhi,Delhi,13/05/25,Refunded,size issue,219.34,18-05-2025,3.0
ORD101980,CUST0263,Customer_263,08 May 2025,fashion,Women Kurti,2.0,5675.6,50.0,Cash on Delivery,app,Indore,MP,05/13/2025,Returned,Late Delivery,9044.65,15-05-2025,5.0
ORD101158,CUST0245,Customer_245,10-03-2025,beauty,Face Wash,1.0,906.2,30.0,Net Banking,App,Hyderabad,Telangana,19-03-2025,RTO,Not as described,,,4.0
ORD101414,CUST0404,Customer_404,2025-06-25,home & kitchen,Bedsheet,2.0,2358.62,25.0,UPI,Mobile App,Chandigarh,Punjab,30-06-2025,returned,Duplicate Order,4582.92,04 Jul 2025,
ORD102632,CUST0080,Customer_80,05/05/25, Fashion,Jeans,1.0,4919.1,10.0,Cash on Delivery,Mobile App,Surat,gujarat,2025-05-13,returned,,3695.44,,2.0
ORD100189,CUST0010,Customer_10,2025-04-06,fashion,Women Kurti,3.0,5382.99,5.0,Cash on Delivery,WEB,Kolkata,West Bengal,08 Apr 2025,DELIVERED ,,,,
ORD102089,CUST0218,Customer_218,04-05-2025, Sports,Football,1.0,4020.21,50.0,UPI,Web,Surat,gujarat,05 May 2025,returned,Quality Not as Expected,3718.54,2025-05-11,5.0
ORD102048,CUST0096,Customer_96,2025-04-04,ELECTRONICS,Bluetooth Speaker,2.0,828.66,20.0,UPI,WEB,Surat,gujarat,04/12/2025,cancelled ,,,,5.0
ORD101637,CUST0118,Customer_118,21/01/25,BEAUTY,Sunscreen,2.0,692.47,120.0,Cash on Delivery,Mobile App,Pune,Maharashtra,,delivered,,,,5.0
ORD102781,CUST0331,Customer_331,06 Jan 2025,BEAUTY,Sunscreen,1.0,"5,181.36",10.0,Credit Card,Web,Chandigarh,Punjab,,In Transit,,,,3.0
ORD102739,CUST0016,Customer_16,2025-02-09,BEAUTY,Lipstick,0.0,4739.88,25.0,Cash on Delivery,app,Kolkata,West Bengal,20 Feb 2025,delivered,,,,5.0
ORD102700,CUST0562,Customer_562,04/06/25,Beauty ,Face Wash,1.0,3722.55,50.0,Cash on Delivery,Mobile App,Nagpur,Maharashtra,09 Jun 2025,Delivered,,,,2.0
ORD101339,CUST0249,Customer_249,2025-02-27,Beauty ,Lipstick,3.0,4535.95,120.0,Cash on Delivery,App,Kochi,Kerala,03/03/25,cancelled ,,,,5.0
ORD101932,CUST0338,Customer_338,04/24/2025, Beauty,Lipstick,2.0,4717.29,0.0,Cash on Delivery,WEB,Ahmedabad,Gujarat,01-05-2025,Returned,Wrong Item Delivered,,,2.0
ORD101367,CUST0081,Customer_81,2025-06-24,Sports ,Skipping Rope,-1.0,5026.26,5.0,Cash on Delivery,app,Surat,gujarat,,In Transit,,,,2.0
ORD103481,,,,,,,,,,,,,,,,,,
ORD101589,CUST0173,Customer_173,15 Jun 2025,Sports,Yoga Mat,1.0,2577.2,5.0,upi,app,Ahmedabad,Gujarat,20/06/25,Returned,Not as described,2046.07,,
ORD100863,CUST0534,Customer_534,10/06/25,electronics,Smartwatch,1.0,737.68,30.0,Credit Card,Web,Jaipur,Rajasthan,16/06/25,DELIVERED ,,,,
ORD101313,CUST0139,Customer_139,01/25/2025,Beauty ,Lipstick,1.0,2582.04,30.0,COD,Web,Lucknow,Uttar Pradesh,05 Feb 2025,delivered,,,,5.0
ORD101919,CUST0403,Customer_403,27 Jan 2025, Fashion,Men Tshirt,2.0,1577.91,0.0,Cash on Delivery,App,Chandigarh,Punjab,02/08/2025,DELIVERED ,,,,4.0
ORD102406,CUST0111,Customer_111,06 May 2025,Sports ,Football,1.0,3673.27,5.0,Net Banking,app,Lucknow,Uttar Pradesh,18-05-2025,Cancelled,,,,4.0
ORD100354,CUST0322,Customer_322,02 Jun 2025,Sports,Yoga Mat,1.0,1610.18,10.0,Credit Card,Mobile App,Kolkata,West Bengal,06/10/2025,Cancelled,,,,5.0
ORD101035,CUST0362,Customer_362,2025-01-24,Fashion,Handbag,1.0,3815.79,30.0,Cash on Delivery,WEB,Jaipur,Rajasthan,01-02-2025,returned,quality issue,3228.93,,
ORD102322,CUST0472,Customer_472,2025-05-14, Home & Kitchen,Non-stick Pan,1.0,5004.46,-5.0,upi,WEB,Chennai,Tamil Nadu,2025-05-17,RTO,Not as described,4209.24,2025-05-21,
ORD100732,CUST0044,Customer_44,02/27/2025,Home & Kitchen,Bedsheet,2.0,4079.19,-5.0,upi,Web,Bhopal,Madhya Pradesh,09/03/25,Refunded,Damaged in transit,6414.84,16/03/25,1.0
ORD100703,CUST0200,Customer_200,06/05/25,Fashion ,Jeans,2.0,4292.41,15.0,Cash on Delivery,Web,Indore,MP,07-05-2025,Refunded,Not as described,7372.39,12-05-2025,
ORD102097,CUST0556,Customer_556,01/22/2025, Fashion,Handbag,1.0,1689.53,5.0,Debit Card,Mobile App,Pune,Maharashtra,26/01/25,Delivered,,,,
ORD102286,CUST0398,Customer_398,18/05/25,Fashion,Women Kurti,1.0,4729.2,0.0,Net Banking,App,Lucknow,Uttar Pradesh,05/30/2025,cancelled ,,,,4.0
ORD102446,CUST0390,Customer_390,17-03-2025,ELECTRONICS,Headphones,-1.0,4022.68,20.0,Credit Card,WEB,Kolkata,West Bengal,,RTO,Changed Mind,3017.36,06-04-2025,
ORD100161,CUST0182,Customer_182,04-04-2025,Home & Kitchen,Mixer Grinder,1.0,3581.66,120.0,Debit Card,app,Delhi,Delhi,16 Apr 2025,Cancelled,,,,3.0
ORD102416,CUST0276,Customer_276,06/19/2025,Electronics ,Smartwatch,0.0,508.29,15.0,COD,WEB,Delhi,Delhi,2025-06-25,delivered,,,,2.0
ORD101142,CUST0554,Customer_554,17-03-2025, Beauty,Hair Oil,2.0,1084.65,10.0,Net Banking,Web,Pune,Maharashtra,03/27/2025,Cancelled,,,,4.0
ORD101304,CUST0245,Customer_245,20 Mar 2025,Beauty,Hair Oil,3.0,3044.69,20.0,UPI,WEB,Kolkata,West Bengal,26 Mar 2025,RTO,Late Delivery,8555.84,2025-03-31,
ORD101138,CUST0263,Customer_263,03 Jan 2025,Fashion ,Handbag,-1.0,1229.44,10.0,Credit Card,Web,Bhopal,Madhya Pradesh,10 Jan 2025,cancelled ,,,,
ORD101399,CUST0396,Customer_396,2025-03-10,fashion,Sneakers,2.0,5663.0,120.0,Cash on Delivery,WEB,Mumbai,Maharashtra,11/03/25,cancelled ,,,,2.0
ORD100163,CUST0227,Customer_227,12-02-2025, Sports,Yoga Mat,1.0,2087.34,25.0,Credit Card,App,Hyderabad,Telangana,,Cancelled,,,,2.0
ORD101990,CUST0065,Customer_65,23/05/25, Sports,Cricket Bat,1.0,2916.59,25.0,Credit Card,Mobile App,Lucknow,Uttar Pradesh,2025-05-26,DELIVERED ,,,,
ORD102326,CUST0379,Customer_379,04/09/2025,SPORTS,Yoga Mat,2.0,"2,183.04",5.0,Cash on Delivery,app,Delhi,Delhi,2025-04-14,Refunded,Not as described,,04/18/2025,
ORD100186,CUST0127,Customer_127,19-06-2025, Sports,Cricket Bat,1.0,"1,352.15",30.0,COD,App,Bengaluru,Karnataka,,In Transit,,,,2.0
ORD101964,CUST0134,Customer_134,06 May 2025,Fashion,Women Kurti,0.0,5977.63,120.0,Credit Card,Mobile App,Delhi,Delhi,08 May 2025,returned,Quality Not as Expected,5856.47,2025-05-13,
ORD102651,CUST0131,Customer_131,2025-03-10,electronics,Bluetooth Speaker,3.0,1337.04,0.0,COD,Mobile App,Surat,gujarat,20/03/25,delivered,,,,1.0
ORD101666,CUST0336,Customer_336,21/02/25,electronics,Power Bank,2.0,3612.61,50.0,UPI,app,Bhopal,Madhya Pradesh,25-02-2025,Returned,Wrong Item Delivered,5754.38,2025-03-03,
ORD101008,CUST0183,Customer_183,13/02/25, Electronics,Smartwatch,-1.0,2306.54,30.0,COD,Web,Jaipur,Rajasthan,02/23/2025,Cancelled,,,,3.0
ORD102642,CUST0267,Customer_267,08/03/25,beauty,Lipstick,2.0,2065.12,25.0,Net Banking,WEB,Hyderabad,Telangana,2025-03-09,Returned,Damaged in transit,3936.29,,
ORD102325,CUST0579,Customer_579,28/01/25, Electronics,Smartwatch,1.0,1478.82,15.0,Credit Card,Web,Delhi,Delhi,2025-02-03,Returned,,1151.26,02/06/2025,3.0
ORD100369,CUST0272,Customer_272,22/04/25,HOME & KITCHEN,Non-stick Pan,1.0,607.59,5.0,upi,WEB,Bangalore,Karnataka,23-04-2025,Delivered,,,,
ORD101168,CUST0386,Customer_386,27/02/25,SPORTS,Skipping Rope,2.0,1117.23,10.0,upi,Web,Chennai,Tamil Nadu,03/10/2025,Cancelled,,,,2.0
ORD100494,CUST0025,Customer_25,03/01/2025, Sports,Football,1.0,1847.2,5.0,upi,Mobile App,Chandigarh,Punjab,13/03/25,DELIVERED ,,,,
ORD102003,CUST0322,Customer_322,02 Jun 2025,Sports,Skipping Rope,-1.0,5985.56,5.0,upi,WEB,Jaipur,Rajasthan,11 Jun 2025,Delivered,,,,3.0
ORD102004,CUST0488,Customer_488,14/06/25, Fashion,Sneakers,2.0,427.3,-5.0,Net Banking,WEB,Mumbai,Maharashtra,21 Jun 2025,Returned,Duplicate Order,726.05,27-06-2025,1.0
ORD100334,CUST0518,Customer_518,18-05-2025,Sports,Yoga Mat,1.0,3243.71,10.0,upi,Mobile App,Lucknow,Uttar Pradesh,22 May 2025,delivered,,,,2.0
ORD102221,CUST0016,Customer_16,24/05/25,BEAUTY,Perfume,1.0,4443.62,15.0,COD,WEB,Patna,Bihar,25 May 2025,returned,Not as described,,27/05/25,2.0
ORD100789,CUST0215,Customer_215,12 Jan 2025,ELECTRONICS,Bluetooth Speaker,1.0,697.03,15.0,Cash on Delivery,Web,Patna,Bihar,21-01-2025,returned,,557.08,,4.0
ORD101423,CUST0085,Customer_85,2025-03-21,electronics,Power Bank,0.0,1549.98,50.0,UPI,Web,Delhi,Delhi,2025-03-28,returned,,,,2.0
ORD102210,CUST0370,Customer_370,01/06/2025, Sports,Cricket Bat,2.0,3910.57,-5.0,Debit Card,App,Indore,MP,,Returned,Not as described,7659.99,,1.0
ORD100381,CUST0558,Customer_558,19-03-2025, Sports,Skipping Rope,3.0,5342.9,15.0,Net Banking,app,Chandigarh,Punjab,03/28/2025,Delivered,,,,5.0
ORD101968,CUST0091,Customer_91,04 Feb 2025,Beauty,Perfume,1.0,2609.89,0.0,upi,Web,Lucknow,Uttar Pradesh,02/09/2025,RTO,Wrong Item Delivered,,02/14/2025,2.0
ORD101784,CUST0333,Customer_333,2025-01-12,home & kitchen,Storage Box,1.0,3588.05,25.0,COD,Mobile App,Indore,MP,01/20/2025,RTO,Wrong Item Delivered,2649.35,,
ORD101199,CUST0338,Customer_338,14-06-2025,home & kitchen,Mixer Grinder,0.0,₹4105.3,10.0,Net Banking,app,Chennai,Tamil Nadu,,In Transit,,,,5.0
ORD101513,CUST0454,Customer_454,05/21/2025, Home & Kitchen,Bedsheet,1.0,775.8,-5.0,COD,Web,Surat,gujarat,2025-06-02,Delivered,,,,5.0
ORD101803,CUST0248,Customer_248,19/05/25, Home & Kitchen,LED Bulb,-1.0,5496.12,15.0,upi,app,Bhopal,Madhya Pradesh,31/05/25,Cancelled,,,,3.0
ORD102102,CUST0145,Customer_145,26-05-2025,Electronics,Bluetooth Speaker,2.0,603.33,5.0,Cash on Delivery,Web,Chennai,Tamil Nadu,2025-06-05,DELIVERED ,,,,3.0
ORD101671,CUST0133,Customer_133,05/10/2025,Beauty ,Lipstick,1.0,3743.88,120.0,COD,Mobile App,Bhopal,Madhya Pradesh,15-05-2025,cancelled ,,,,5.0
ORD102365,CUST0246,Customer_246,05/04/2025,Sports ,Yoga Mat,1.0,4000.99,30.0,Cash on Delivery,Web,Chennai,Tamil Nadu,05 May 2025,cancelled ,,,,
ORD102362,CUST0152,Customer_152,27 Apr 2025,Home & Kitchen,Non-stick Pan,-1.0,3032.35,30.0,Net Banking,Web,Mumbai,Maharashtra,,In Transit,,,,1.0
ORD101424,CUST0155,Customer_155,30 Jun 2025,SPORTS,Dumbbells,1.0,3492.44,-5.0,Debit Card,Mobile App,Chennai,Tamil Nadu,,RTO,Changed Mind,,12 Jul 2025,1.0
ORD100208,CUST0306,Customer_306,11/04/25,Home & Kitchen ,Mixer Grinder,1.0,₹870.93,-5.0,Credit Card,WEB,Lucknow,Uttar Pradesh,,In Transit,,,,3.0
ORD102085,CUST0273,Customer_273,2025-04-09,Home & Kitchen ,Storage Box,2.0,₹267.09,20.0,Cash on Delivery,Mobile App,Chennai,Tamil Nadu,,In Transit,,,,5.0
ORD102609,CUST0193,Customer_193,11-04-2025,Beauty,Hair Oil,2.0,4712.58,30.0,Credit Card,app,Indore,MP,14-04-2025,Returned,Changed Mind,7918.38,24/04/25,
ORD102424,CUST0062,Customer_62,2025-04-19,Fashion,Jeans,2.0,241.63,20.0,upi,WEB,Surat,gujarat,04/22/2025,returned,Late Delivery,436.43,2025-04-28,3.0
ORD100882,CUST0110,Customer_110,2025-04-18, Beauty,Sunscreen,1.0,₹1863.17,-5.0,Net Banking,WEB,Kolkata,West Bengal,04/25/2025,RTO,Size Issue,1590.23,,
ORD100144,CUST0136,Customer_136,05/01/25, Beauty,Sunscreen,3.0,3346.18,5.0,Cash on Delivery,WEB,Pune,Maharashtra,06-01-2025,delivered,,,,
ORD100250,CUST0198,Customer_198,02 Apr 2025,Sports ,Dumbbells,1.0,3416.78,-5.0,COD,Mobile App,Kochi,Kerala,04/04/2025,cancelled ,,,,3.0
ORD102460,CUST0586,Customer_586,2025-06-24,Sports,Cricket Bat,2.0,1521.8,15.0,COD,Web,Bengaluru,Karnataka,29 Jun 2025,DELIVERED ,,,,
ORD101721,CUST0298,Customer_298,26-02-2025, Home & Kitchen,Mixer Grinder,2.0,3487.92,-5.0,UPI,Web,Jaipur,Rajasthan,09 Mar 2025,Refunded,Not as described,6318.0,2025-03-17,1.0
ORD101777,CUST0280,Customer_280,13 Jun 2025,Fashion ,Women Kurti,2.0,2012.32,15.0,Credit Card,Mobile App,Chandigarh,Punjab,25 Jun 2025,Returned,quality issue,3515.69,,
ORD102732,CUST0438,Customer_438,2025-02-19,sports,Cricket Bat,2.0,4296.16,0.0,Credit Card,WEB,Patna,Bihar,,In Transit,,,,3.0
ORD102055,CUST0488,Customer_488,08/05/25,electronics,Smartwatch,-1.0,4495.56,0.0,Net Banking,WEB,Patna,Bihar,,RTO,Not as described,4157.6,26-05-2025,2.0
ORD101476,CUST0147,Customer_147,13-03-2025, Home & Kitchen,Bedsheet,2.0,1843.38,5.0,upi,App,Kochi,Kerala,15-03-2025,Returned,Wrong Item Delivered,,03/17/2025,3.0
ORD101630,CUST0269,Customer_269,27-05-2025, Home & Kitchen,Bedsheet,2.0,4152.9,25.0,Debit Card,Web,Nagpur,Maharashtra,2025-06-01,Refunded,Duplicate Order,5854.12,09 Jun 2025,
ORD102287,CUST0062,Customer_62,13-05-2025, Beauty,Hair Oil,0.0,892.19,30.0,COD,WEB,Surat,gujarat,23-05-2025,Delivered,,,,
ORD102487,CUST0564,Customer_564,30-04-2025,Home & Kitchen ,Bedsheet,1.0,172.89,120.0,COD,app,Surat,gujarat,11-05-2025,Returned,Not as described,127.97,21/05/25,4.0
ORD102442,CUST0467,Customer_467,27/03/25,BEAUTY,Lipstick,1.0,3433.94,-5.0,Credit Card,Mobile App,Ahmedabad,Gujarat,31 Mar 2025,RTO,,2488.28,08/04/25,
ORD101129,CUST0228,Customer_228,06/18/2025,Electronics ,Bluetooth Speaker,1.0,752.29,-5.0,COD,App,Hyderabad,Telangana,,In Transit,,,,1.0
ORD101812,CUST0553,Customer_553,30/06/25,Sports ,Cricket Bat,1.0,5366.09,15.0,Credit Card,WEB,Pune,Maharashtra,03/07/25,delivered,,,,2.0
ORD101793,CUST0397,Customer_397,2025-01-21,Sports,Football,-1.0,1544.42,10.0,upi,app,Mumbai,Maharashtra,2025-02-02,Refunded,Wrong Item Delivered,1467.2,04/02/25,3.0
ORD101306,CUST0362,Customer_362,2025-05-13,SPORTS,Football,-1.0,5017.93,20.0,COD,app,Surat,gujarat,,Returned,Late Delivery,4903.99,05/21/2025,3.0
ORD101842,CUST0261,Customer_261,19/05/25,Electronics ,Power Bank,1.0,1951.25,15.0,Cash on Delivery,app,Delhi,Delhi,29-05-2025,delivered,,,,
ORD100766,CUST0341,Customer_341,20 Feb 2025,Sports ,Cricket Bat,-1.0,5354.08,-5.0,Debit Card,Mobile App,Kochi,Kerala,28/02/25,Delivered,,,,
ORD102272,CUST0377,Customer_377,05/20/2025,HOME & KITCHEN,Bedsheet,2.0,3700.95,50.0,Credit Card,App,Ahmedabad,Gujarat,30/05/25,Returned,Size Issue,5960.98,08/06/25,
ORD100147,CUST0171,Customer_171,11/03/25,home & kitchen,Non-stick Pan,1.0,₹4662.87,30.0,COD,WEB,Nagpur,Maharashtra,16/03/25,delivered,,,,1.0
ORD101134,CUST0147,Customer_147,02/09/2025,home & kitchen,Non-stick Pan,2.0,₹2535.76,5.0,Debit Card,Mobile App,Kochi,Kerala,02/15/2025,Refunded,Changed Mind,4792.12,19/02/25,
ORD102238,CUST0039,Customer_39,02/17/2025, Sports,Dumbbells,1.0,1817.06,30.0,upi,App,Bhopal,Madhya Pradesh,26/02/25,Refunded,Changed Mind,1709.66,,
ORD101870,CUST0475,Customer_475,2025-03-18, Beauty,Lipstick,3.0,4626.68,25.0,Net Banking,app,Delhi,Delhi,19/03/25,RTO,,10757.52,21-03-2025,1.0
ORD101442,CUST0008,Customer_8,06/21/2025,Electronics,Bluetooth Speaker,1.0,3458.15,50.0,UPI,App,Bengaluru,Karnataka,01-07-2025,Delivered,,,,3.0
ORD102724,CUST0409,Customer_409,2025-04-19,electronics,Mobile Cover,0.0,3218.08,10.0,Net Banking,Mobile App,Kochi,Kerala,01/05/25,cancelled ,,,,3.0
ORD101210,CUST0097,Customer_97,2025-01-31,Beauty ,Perfume,1.0,2065.28,30.0,Cash on Delivery,app,Chennai,Tamil Nadu,02/01/2025,returned,size issue,1973.25,2025-02-08,3.0
ORD100322,CUST0547,Customer_547,09-02-2025,Home & Kitchen,Mixer Grinder,-1.0,5596.75,25.0,COD,app,Ahmedabad,Gujarat,,In Transit,,,,3.0
ORD100112,CUST0246,Customer_246,12 May 2025,sports,Cricket Bat,-1.0,2877.57,25.0,Credit Card,app,Jaipur,Rajasthan,14 May 2025,Refunded,Quality Not as Expected,2499.91,17-05-2025,5.0
ORD100589,CUST0486,Customer_486,2025-06-12,Home & Kitchen ,LED Bulb,3.0,3254.51,10.0,upi,App,Kolkata,West Bengal,19 Jun 2025,DELIVERED ,,,,
ORD101923,CUST0269,Customer_269,2025-03-21,SPORTS,Cricket Bat,1.0,5467.73,10.0,Net Banking,app,Kochi,Kerala,22 Mar 2025,delivered,,,,
ORD102646,CUST0323,Customer_323,15 Apr 2025,Electronics ,Smartwatch,3.0,5972.16,50.0,upi,App,Nagpur,Maharashtra,,Cancelled,,,,3.0
ORD100137,CUST0403,Customer_403,14/04/25,Beauty ,Lipstick,2.0,"3,822.71",5.0,COD,app,Surat,gujarat,2025-04-26,returned,Not as described,,28 Apr 2025,
ORD100219,CUST0096,Customer_96,2025-04-18,Beauty ,Lipstick,1.0,5397.27,120.0,Cash on Delivery,WEB,Patna,Bihar,04/30/2025,Delivered,,,,2.0
ORD100654,CUST0299,Customer_299,03 Mar 2025,Fashion,Handbag,1.0,5985.99,25.0,Cash on Delivery,app,Delhi,Delhi,,cancelled ,,,,5.0
ORD102575,CUST0221,Customer_221,24-05-2025, Sports,Dumbbells,1.0,3463.35,15.0,UPI,WEB,Bengaluru,Karnataka,02/06/25,RTO,Quality Not as Expected,,04 Jun 2025,
ORD101612,CUST0360,Customer_360,2025-04-26,BEAUTY,Perfume,1.0,1144.57,120.0,upi,WEB,Bhopal,Madhya Pradesh,30-04-2025,RTO,Size Issue,1000.44,,1.0
ORD101048,CUST0342,Customer_342,17 Jun 2025,Sports,Yoga Mat,0.0,1414.7,0.0,Cash on Delivery,WEB,Kochi,Kerala,06/20/2025,DELIVERED ,,,,
ORD102052,CUST0126,Customer_126,2025-02-01,BEAUTY,Hair Oil,2.0,4609.47,5.0,Credit Card,app,Bhopal,Madhya Pradesh,07 Feb 2025,Refunded,,6804.3,08 Feb 2025,5.0
ORD100931,CUST0561,Customer_561,03/05/25,Electronics ,Headphones,-1.0,"4,345.20",15.0,Net Banking,app,Hyderabad,Telangana,05/15/2025,returned,Wrong Item Delivered,4297.2,19-05-2025,1.0
ORD100221,CUST0159,Customer_159,24 Jun 2025,beauty,Sunscreen,2.0,5151.62,20.0,Credit Card,app,Patna,Bihar,01/07/25,Returned,Late Delivery,7996.69,07 Jul 2025,3.0
ORD100928,CUST0133,Customer_133,14-06-2025,Beauty ,Sunscreen,1.0,5594.89,25.0,UPI,WEB,Pune,Maharashtra,25-06-2025,Returned,Wrong Item Delivered,4960.5,06/26/2025,2.0
ORD101731,CUST0446,Customer_446,26 Mar 2025,Beauty,Hair Oil,1.0,3179.65,5.0,upi,app,Delhi,Delhi,04/04/25,Cancelled,,,,3.0
ORD102150,CUST0512,Customer_512,26-05-2025,Fashion,Women Kurti,-1.0,5952.35,30.0,Cash on Delivery,App,Indore,MP,07/06/25,Delivered,,,,
ORD100534,CUST0309,Customer_309,01/25/2025,home & kitchen,Mixer Grinder,0.0,3343.11,30.0,upi,app,Chandigarh,Punjab,,In Transit,,,,
ORD102595,CUST0582,Customer_582,31 May 2025,Beauty,Lipstick,2.0,991.06,20.0,Net Banking,WEB,Nagpur,Maharashtra,2025-06-10,delivered,,,,
ORD100607,CUST0259,Customer_259,2025-04-25,beauty,Hair Oil,1.0,3325.08,0.0,Debit Card,App,Delhi,Delhi,,returned,Late Delivery,2575.57,,2.0
ORD102647,CUST0074,Customer_74,15-02-2025,Fashion ,Women Kurti,0.0,2235.16,20.0,Debit Card,app,Jaipur,Rajasthan,02/20/2025,returned,,1758.09,24/02/25,
ORD102793,CUST0583,Customer_583,25-03-2025,Home & Kitchen ,Mixer Grinder,1.0,3904.14,25.0,COD,Mobile App,Chennai,Tamil Nadu,2025-04-04,Refunded,Late Delivery,2780.69,2025-04-08,
ORD102044,CUST0257,Customer_257,2025-01-02,Electronics,Bluetooth Speaker,3.0,318.72,0.0,Credit Card,WEB,Lucknow,Uttar Pradesh,01/10/2025,cancelled ,,,,
ORD101430,CUST0520,Customer_520,08/04/25,Home & Kitchen ,Bedsheet,3.0,₹4488.61,30.0,Credit Card,Mobile App,Nagpur,Maharashtra,11 Apr 2025,RTO,Product Damaged,12584.31,21 Apr 2025,
ORD100114,CUST0174,Customer_174,15-05-2025, Fashion,Handbag,1.0,5513.86,0.0,COD,Web,Mumbai,Maharashtra,,delivered,,,,4.0
ORD100987,CUST0060,Customer_60,14 Jun 2025,beauty,Perfume,0.0,4418.44,50.0,Debit Card,App,Bangalore,Karnataka,19/06/25,Cancelled,,,,4.0
ORD102520,CUST0422,Customer_422,25 May 2025,HOME & KITCHEN,Non-stick Pan,3.0,2135.5,20.0,UPI,Mobile App,Kolkata,West Bengal,04-06-2025,delivered,,,,4.0
ORD102671,CUST0343,Customer_343,27-05-2025, Electronics,Headphones,2.0,979.17,20.0,COD,Mobile App,Bengaluru,Karnataka,2025-05-29,returned,Duplicate Order,1853.26,06/03/2025,
ORD100223,CUST0091,Customer_91,13/04/25,ELECTRONICS,Bluetooth Speaker,3.0,₹618.23,30.0,Cash on Delivery,Web,Pune,Maharashtra,,In Transit,,,,
ORD100519,CUST0077,Customer_77,01/31/2025,Home & Kitchen ,LED Bulb,-1.0,1728.99,50.0,upi,App,Surat,gujarat,03 Feb 2025,Cancelled,,,,4.0
ORD101120,CUST0360,Customer_360,22-05-2025, Beauty,Hair Oil,0.0,918.54,30.0,Debit Card,Mobile App,Chandigarh,Punjab,02-06-2025,Cancelled,,,,1.0
ORD100036,CUST0591,Customer_591,05/06/25,ELECTRONICS,Smartwatch,2.0,648.31,30.0,COD,app,Surat,gujarat,09 Jun 2025,RTO,Not as described,1026.42,19-06-2025,4.0
ORD100831,CUST0504,Customer_504,30/01/25,SPORTS,Football,-1.0,5219.51,15.0,UPI,app,Bhopal,Madhya Pradesh,2025-02-08,DELIVERED ,,,,
ORD101682,CUST0432,Customer_432,26 Apr 2025,BEAUTY,Face Wash,3.0,2279.48,10.0,Debit Card,App,Indore,MP,01-05-2025,Refunded,,6378.5,,3.0
ORD102031,CUST0434,Customer_434,2025-06-14,Fashion,Handbag,1.0,5247.13,-5.0,Net Banking,WEB,Chennai,Tamil Nadu,2025-06-16,Returned,Late Delivery,4238.86,2025-06-18,2.0
ORD100348,CUST0207,Customer_207,14-06-2025,FASHION,Jeans,1.0,1661.62,10.0,Debit Card,Mobile App,Nagpur,Maharashtra,,Refunded,Wrong Item Delivered,1612.06,21-06-2025,
ORD100168,CUST0451,Customer_451,2025-01-22,BEAUTY,Hair Oil,2.0,3450.84,5.0,Net Banking,App,Chennai,Tamil Nadu,,In Transit,,,,
ORD102495,CUST0001,Customer_1,24-05-2025,Fashion ,Men Tshirt,1.0,1206.01,15.0,upi,WEB,Kolkata,West Bengal,2025-06-03,DELIVERED ,,,,3.0
ORD100117,CUST0308,Customer_308,06/29/2025,Electronics,Headphones,-1.0,"2,368.69",0.0,Net Banking,App,Delhi,Delhi,2025-07-07,delivered,,,,
ORD100531,CUST0113,Customer_113,06/20/2025,ELECTRONICS,Power Bank,0.0,4133.4,120.0,COD,App,Mumbai,Maharashtra,2025-06-28,returned,Damaged in transit,3628.8,,5.0
ORD102402,CUST0282,Customer_282,06/07/2025,fashion,Handbag,1.0,3753.54,5.0,UPI,WEB,Jaipur,Rajasthan,06/15/2025,returned,Not as described,3237.24,,4.0
ORD100321,CUST0158,Customer_158,02/17/2025,Fashion,Women Kurti,1.0,5963.57,25.0,Debit Card,Web,Jaipur,Rajasthan,,In Transit,,,,3.0
ORD101029,CUST0531,Customer_531,05-06-2025,Electronics,Mobile Cover,1.0,989.24,120.0,UPI,WEB,Surat,gujarat,06/10/2025,DELIVERED ,Quality Not as Expected,,,5.0
ORD100474,CUST0045,Customer_45,2025-03-30, Fashion,Women Kurti,2.0,5365.78,120.0,COD,WEB,Nagpur,Maharashtra,10 Apr 2025,Refunded,Late Delivery,9134.28,,5.0
ORD101746,CUST0539,Customer_539,05-02-2025,SPORTS,Skipping Rope,3.0,5675.52,25.0,Credit Card,WEB,Bhopal,Madhya Pradesh,2025-02-08,delivered,,,,4.0
ORD102291,CUST0360,Customer_360,2025-01-15,Electronics ,Mobile Cover,-1.0,4411.11,15.0,UPI,App,Bhopal,Madhya Pradesh,23/01/25,Refunded,Quality Not as Expected,3937.94,01/29/2025,4.0
ORD101426,CUST0214,Customer_214,28 Apr 2025, Fashion,Sneakers,2.0,824.52,30.0,Credit Card,app,Kolkata,West Bengal,,cancelled ,,,,
ORD102385,CUST0397,Customer_397,2025-04-07, Electronics,Bluetooth Speaker,1.0,618.15,-5.0,Debit Card,WEB,Bengaluru,Karnataka,19/04/25,Delivered,,,,4.0
ORD100228,CUST0078,Customer_78,05/08/2025, Sports,Dumbbells,3.0,2218.2,15.0,Credit Card,Web,Hyderabad,Telangana,2025-05-20,Returned,Damaged in transit,5368.99,22-05-2025,
ORD101464,CUST0410,Customer_410,05/21/2025,Sports ,Football,3.0,753.96,-5.0,COD,app,Indore,MP,2025-05-29,cancelled ,,,,
ORD101026,CUST0090,Customer_90,02/27/2025, Beauty,Perfume,1.0,3616.07,20.0,COD,WEB,Kolkata,West Bengal,02/03/25,cancelled ,,,,
ORD102535,CUST0541,Customer_541,01-03-2025, Home & Kitchen,Mixer Grinder,-1.0,5458.3,25.0,Net Banking,WEB,Mumbai,Maharashtra,,In Transit,,,,5.0
ORD101578,CUST0555,Customer_555,05/07/2025,SPORTS,Skipping Rope,1.0,1573.92,-5.0,Cash on Delivery,Web,Kochi,Kerala,2025-05-16,DELIVERED ,,,,
ORD100082,CUST0416,Customer_416,02-02-2025,HOME & KITCHEN,Storage Box,1.0,985.26,0.0,Net Banking,Web,Pune,Maharashtra,13 Feb 2025,Returned,Duplicate Order,799.33,15/02/25,3.0
ORD101915,CUST0229,Customer_229,2025-05-09,Fashion,Handbag,-1.0,1234.76,5.0,Net Banking,Web,Kochi,Kerala,15-05-2025,returned,Quality Not as Expected,1060.6,19-05-2025,5.0
ORD102086,CUST0574,Customer_574,20 Jun 2025,Sports ,Football,1.0,3917.52,30.0,COD,Mobile App,Hyderabad,Telangana,25 Jun 2025,cancelled ,,,,4.0
ORD100669,CUST0100,Customer_100,05/10/2025,fashion,Handbag,1.0,5364.91,10.0,Cash on Delivery,app,Delhi,Delhi,11/05/25,Refunded,Wrong Item Delivered,,21/05/25,3.0
ORD101966,CUST0016,Customer_16,04/17/2025, Beauty,Sunscreen,3.0,2378.21,-5.0,COD,Mobile App,Chennai,Tamil Nadu,04/24/2025,Refunded,Damaged in transit,,,
ORD100850,CUST0133,Customer_133,14/02/25,HOME & KITCHEN,Storage Box,3.0,"1,834.29",15.0,Credit Card,Mobile App,Bengaluru,Karnataka,26-02-2025,delivered,,,,1.0
ORD102506,CUST0207,Customer_207,01/26/2025,ELECTRONICS,Bluetooth Speaker,1.0,1761.59,50.0,Credit Card,Web,Bhopal,Madhya Pradesh,04/02/25,Refunded,,1634.47,05/02/25,2.0
ORD102107,CUST0284,Customer_284,28-03-2025,Beauty,Face Wash,1.0,₹5964.33,20.0,Net Banking,app,Delhi,Delhi,03-04-2025,delivered,,,,
ORD102716,CUST0032,Customer_32,09 Mar 2025,Home & Kitchen ,Bedsheet,2.0,"2,510.12",15.0,Cash on Delivery,App,Jaipur,Rajasthan,11 Mar 2025,Cancelled,,,,2.0
ORD100516,CUST0077,Customer_77,08-05-2025, Sports,Football,3.0,"4,908.36",50.0,Net Banking,app,Bangalore,Karnataka,15 May 2025,returned,Not as described,12853.88,25-05-2025,
ORD100110,CUST0247,Customer_247,05/16/2025,FASHION,Jeans,0.0,5501.24,120.0,COD,app,Nagpur,Maharashtra,2025-05-20,cancelled ,,,,4.0
ORD101991,CUST0027,Customer_27,06/05/2025,Beauty,Lipstick,1.0,4641.51,10.0,Net Banking,Mobile App,Surat,gujarat,11/06/25,Returned,Changed Mind,,2025-06-15,
ORD101688,CUST0249,Customer_249,24 May 2025,Beauty,Sunscreen,1.0,5471.44,120.0,Net Banking,Mobile App,Nagpur,Maharashtra,,In Transit,,,,5.0
ORD102606,CUST0414,Customer_414,15/01/25,ELECTRONICS,Smartwatch,2.0,1182.58,25.0,upi,WEB,Bhopal,Madhya Pradesh,01/23/2025,cancelled ,,,,2.0
ORD102733,CUST0485,Customer_485,29-01-2025,HOME & KITCHEN,Mixer Grinder,0.0,3857.99,10.0,Cash on Delivery,Mobile App,Bangalore,Karnataka,02 Feb 2025,DELIVERED ,,,,1.0
ORD101126,CUST0239,Customer_239,13 Feb 2025, Beauty,Face Wash,1.0,3273.28,20.0,upi,Web,Kochi,Kerala,02/18/2025,RTO,size issue,2524.42,28-02-2025,2.0
ORD101089,CUST0380,Customer_380,07 Feb 2025,Fashion,Jeans,3.0,4761.01,-5.0,Net Banking,WEB,Jaipur,Rajasthan,17-02-2025,Returned,quality issue,13325.4,23 Feb 2025,
ORD100312,CUST0352,Customer_352,28/05/25,Fashion ,Jeans,1.0,4768.85,10.0,Cash on Delivery,Web,Patna,Bihar,30/05/25,Returned,Not as described,4000.25,,
ORD101444,CUST0440,Customer_440,27 Mar 2025, Fashion,Handbag,1.0,"1,802.17",50.0,Debit Card,Mobile App,Bangalore,Karnataka,2025-04-08,returned,,1390.31,04/15/2025,
ORD100020,CUST0183,Customer_183,05/06/25,Sports,Cricket Bat,1.0,3639.94,30.0,UPI,WEB,Kolkata,West Bengal,06/12/2025,delivered,,,,4.0
ORD100358,CUST0255,Customer_255,06/25/2025, Home & Kitchen,Storage Box,1.0,210.37,30.0,UPI,App,Kolkata,West Bengal,07/07/25,cancelled ,,,,1.0
ORD100361,CUST0324,Customer_324,2025-05-01,Beauty ,Lipstick,0.0,461.35,0.0,UPI,WEB,Patna,Bihar,13-05-2025,DELIVERED ,,,,
ORD102660,CUST0047,Customer_47,08/06/25,Beauty,Lipstick,1.0,"3,376.60",-5.0,Debit Card,App,Delhi,Delhi,2025-06-14,delivered,,,,1.0
ORD101828,CUST0104,Customer_104,18/04/25,Sports ,Dumbbells,1.0,859.63,50.0,COD,Mobile App,Patna,Bihar,04/21/2025,delivered,,,,4.0
ORD100393,CUST0312,Customer_312,06/04/25, Sports,Football,1.0,5100.73,10.0,COD,App,Kochi,Kerala,10 Apr 2025,DELIVERED ,Changed Mind,,,5.0
ORD101889,CUST0520,Customer_520,01/03/2025,ELECTRONICS,Smartwatch,-1.0,5717.19,25.0,upi,Mobile App,Bangalore,Karnataka,14-01-2025,Returned,Wrong Item Delivered,4054.97,01/20/2025,
ORD102389,CUST0051,Customer_51,02/04/25, Sports,Cricket Bat,1.0,2090.41,30.0,Net Banking,WEB,Nagpur,Maharashtra,12-04-2025,Returned,quality issue,2011.27,,
ORD100658,CUST0572,Customer_572,2025-03-27, Sports,Cricket Bat,3.0,4718.66,5.0,Cash on Delivery,app,Jaipur,Rajasthan,04/05/2025,RTO,size issue,10293.23,15 Apr 2025,3.0
ORD101247,CUST0537,Customer_537,27/01/25,FASHION,Men Tshirt,1.0,₹5131.2,20.0,UPI,Mobile App,Ahmedabad,Gujarat,02/08/2025,returned,Quality Not as Expected,3786.18,2025-02-10,5.0
ORD102659,CUST0562,Customer_562,02/11/2025, Beauty,Sunscreen,2.0,5933.65,20.0,upi,App,Bangalore,Karnataka,2025-02-16,delivered,,,,
ORD102552,CUST0103,Customer_103,04/02/2025, Home & Kitchen,Non-stick Pan,-1.0,2059.2,20.0,Credit Card,Web,Hyderabad,Telangana,,In Transit,,,,
ORD102236,CUST0325,Customer_325,2025-02-12,Fashion ,Sneakers,1.0,1571.39,50.0,Debit Card,WEB,Nagpur,Maharashtra,,In Transit,,,,3.0
ORD101735,CUST0254,Customer_254,2025-02-01,beauty,Perfume,1.0,5491.87,-5.0,UPI,App,Mumbai,Maharashtra,04/02/25,Returned,Damaged in transit,,02/07/2025,2.0
ORD102432,CUST0120,Customer_120,06/15/2025,Electronics ,Mobile Cover,1.0,2531.64,50.0,COD,Mobile App,Bhopal,Madhya Pradesh,23/06/25,returned,,2303.99,06/27/2025,2.0
ORD102788,CUST0554,Customer_554,2025-05-26,Beauty,Perfume,3.0,1976.61,10.0,UPI,Mobile App,Patna,Bihar,2025-06-05,RTO,Wrong Item Delivered,5697.75,06 Jun 2025,2.0
ORD100371,CUST0248,Customer_248,01/30/2025,BEAUTY,Sunscreen,1.0,1910.37,0.0,UPI,WEB,Patna,Bihar,11 Feb 2025,DELIVERED ,,,,4.0
ORD101523,CUST0338,Customer_338,08-02-2025,ELECTRONICS,Mobile Cover,3.0,1986.69,0.0,Credit Card,WEB,Nagpur,Maharashtra,2025-02-15,Delivered,,,,5.0
ORD100314,CUST0464,Customer_464,03/17/2025,Beauty,Lipstick,1.0,4204.99,25.0,upi,WEB,Bangalore,Karnataka,2025-03-18,delivered,,,,1.0
ORD101872,CUST0147,Customer_147,14-03-2025,Beauty,Hair Oil,-1.0,960.90,50.0,Cash on Delivery,Mobile App,Ahmedabad,Gujarat,2025-03-25,Cancelled,,,,3.0
ORD100594,CUST0086,Customer_86,2025-03-21,Fashion,Sneakers,2.0,3709.89,0.0,Net Banking,App,Surat,gujarat,,In Transit,,,,
ORD100971,CUST0358,Customer_358,02-01-2025,beauty,Perfume,2.0,3443.79,50.0,COD,app,Surat,gujarat,05/01/25,Delivered,,,,
ORD100203,CUST0095,Customer_95,16 May 2025,HOME & KITCHEN,Non-stick Pan,3.0,2086.74,-5.0,COD,Web,Lucknow,Uttar Pradesh,,In Transit,,,,4.0
ORD101789,CUST0383,Customer_383,02/26/2025,BEAUTY,Sunscreen,-1.0,5414.62,0.0,Credit Card,app,Delhi,Delhi,02 Mar 2025,Refunded,quality issue,5398.74,03/05/2025,1.0
ORD102179,CUST0246,Customer_246,19-06-2025, Beauty,Face Wash,3.0,477.23,15.0,Net Banking,App,Patna,Bihar,06/29/2025,Cancelled,,,,2.0
ORD101882,CUST0440,Customer_440,10/05/25,sports,Football,-1.0,3541.44,-5.0,Credit Card,App,Bhopal,Madhya Pradesh,22/05/25,cancelled ,,,,
ORD101486,CUST0107,Customer_107,05/07/2025,Beauty ,Lipstick,2.0,4615.59,120.0,COD,app,Chandigarh,Punjab,2025-05-19,Returned,Duplicate Order,8183.63,26/05/25,
ORD102581,CUST0223,Customer_223,20 May 2025,SPORTS,Skipping Rope,1.0,4585.14,120.0,Credit Card,App,Pune,Maharashtra,2025-05-25,Refunded,Quality Not as Expected,,2025-06-01,1.0
ORD100439,CUST0203,Customer_203,02/16/2025,Beauty ,Lipstick,1.0,2786.37,0.0,Cash on Delivery,Web,Delhi,Delhi,23/02/25,returned,size issue,2266.21,01-03-2025,4.0
ORD100327,CUST0600,Customer_600,13 Jun 2025,Home & Kitchen ,Bedsheet,0.0,1463.44,20.0,Credit Card,WEB,Bhopal,Madhya Pradesh,2025-06-24,delivered,,,,4.0
ORD101873,CUST0110,Customer_110,04/27/2025,Beauty ,Hair Oil,2.0,4448.35,-5.0,Net Banking,app,Bhopal,Madhya Pradesh,30-04-2025,Delivered,,,,3.0
ORD102072,CUST0222,Customer_222,02/24/2025,Electronics,Power Bank,-1.0,2554.15,30.0,upi,App,Bhopal,Madhya Pradesh,26-02-2025,delivered,,,,
ORD100388,CUST0334,Customer_334,21 Jun 2025,Electronics ,Mobile Cover,-1.0,2415.33,0.0,Net Banking,app,Mumbai,Maharashtra,07/02/2025,returned,Late Delivery,2157.31,,1.0
ORD101042,CUST0097,Customer_97,12 May 2025,Fashion ,Men Tshirt,1.0,3792.73,15.0,Debit Card,app,Bengaluru,Karnataka,15 May 2025,Delivered,,,,1.0
ORD101701,CUST0320,Customer_320,03/01/25, Electronics,Power Bank,3.0,₹872.49,5.0,Debit Card,app,Surat,gujarat,06/01/25,DELIVERED ,,,,4.0
ORD101188,CUST0117,Customer_117,21-02-2025,Home & Kitchen ,Mixer Grinder,-1.0,4466.21,10.0,Cash on Delivery,Mobile App,Bengaluru,Karnataka,,In Transit,,,,
ORD100282,CUST0089,Customer_89,21 Jan 2025,BEAUTY,Perfume,0.0,3755.44,120.0,COD,app,Delhi,Delhi,24 Jan 2025,RTO,Duplicate Order,3492.36,01/28/2025,5.0
ORD102412,CUST0015,Customer_15,04/05/25,Electronics ,Mobile Cover,1.0,2060.39,25.0,Credit Card,WEB,Pune,Maharashtra,14/05/25,Returned,Size Issue,1733.71,17-05-2025,
ORD100352,CUST0093,Customer_93,2025-01-09,FASHION,Jeans,1.0,5507.96,30.0,upi,WEB,Jaipur,Rajasthan,17 Jan 2025,delivered,,,,2.0
ORD100043,CUST0072,Customer_72,29 May 2025,home & kitchen,Bedsheet,2.0,4950.21,-5.0,Net Banking,Mobile App,Jaipur,Rajasthan,2025-06-06,DELIVERED ,,,,
ORD102329,CUST0369,Customer_369,21 Jun 2025,ELECTRONICS,Bluetooth Speaker,3.0,5148.61,15.0,Net Banking,app,Ahmedabad,Gujarat,,In Transit,,,,1.0
ORD100102,CUST0489,Customer_489,19/03/25,Home & Kitchen,Non-stick Pan,2.0,2393.91,25.0,UPI,App,Chennai,Tamil Nadu,2025-03-20,RTO,Changed Mind,3933.79,25-03-2025,5.0
ORD102577,CUST0523,Customer_523,01/20/2025, Electronics,Power Bank,3.0,4792.73,15.0,Net Banking,Web,Ahmedabad,Gujarat,30 Jan 2025,delivered,,,,
ORD101400,CUST0577,Customer_577,2025-06-23,Sports ,Yoga Mat,1.0,"2,818.10",-5.0,Debit Card,Web,Bangalore,Karnataka,25/06/25,returned,Duplicate Order,,05/07/25,3.0
ORD100447,CUST0398,Customer_398,03/01/25,beauty,Hair Oil,1.0,3190.55,30.0,COD,WEB,Chennai,Tamil Nadu,2025-01-09,Refunded,Product Damaged,2373.01,10/01/25,
ORD102255,CUST0531,Customer_531,24/03/25,Beauty ,Lipstick,1.0,5923.38,15.0,Net Banking,App,Ahmedabad,Gujarat,05/04/25,Delivered,,,,5.0
ORD101274,CUST0025,Customer_25,2025-02-07, Sports,Cricket Bat,2.0,3474.32,15.0,Debit Card,App,Hyderabad,Telangana,13-02-2025,RTO,Duplicate Order,6687.27,,
ORD100135,CUST0090,Customer_90,11 Jun 2025,BEAUTY,Face Wash,2.0,4892.61,-5.0,Cash on Delivery,App,Hyderabad,Telangana,06/21/2025,DELIVERED ,,,,5.0
ORD100575,CUST0436,Customer_436,20 Mar 2025,Beauty,Hair Oil,2.0,2990.21,0.0,Credit Card,App,Kochi,Kerala,03/24/2025,cancelled ,,,,
ORD100877,CUST0057,Customer_57,2025-03-02,fashion,Men Tshirt,1.0,5120.27,5.0,Credit Card,App,Surat,gujarat,12/03/25,RTO,size issue,5062.7,21/03/25,5.0
ORD102691,CUST0400,Customer_400,2025-05-23,Electronics,Power Bank,-1.0,4261.62,30.0,Cash on Delivery,App,Bengaluru,Karnataka,28/05/25,cancelled ,,,,
ORD100857,CUST0072,Customer_72,01/29/2025,fashion,Men Tshirt,2.0,4050.32,50.0,Net Banking,Mobile App,Bengaluru,Karnataka,2025-02-10,Refunded,Late Delivery,6033.13,02/12/2025,
ORD100129,CUST0327,Customer_327,04/03/25,Electronics,Bluetooth Speaker,1.0,282.12,10.0,COD,Web,Bhopal,Madhya Pradesh,13/03/25,DELIVERED ,,,,3.0
ORD100748,CUST0180,Customer_180,16 May 2025,ELECTRONICS,Smartwatch,1.0,542.38,50.0,COD,Mobile App,Chandigarh,Punjab,25 May 2025,cancelled ,,,,
ORD100573,CUST0557,Customer_557,18 Apr 2025,Beauty,Hair Oil,2.0,807.35,20.0,COD,app,Bangalore,Karnataka,22-04-2025,Cancelled,,,,
ORD102394,CUST0407,Customer_407,05/09/2025,Sports ,Skipping Rope,-1.0,2955.18,5.0,Debit Card,WEB,Bengaluru,Karnataka,05/14/2025,DELIVERED ,,,,
ORD102589,CUST0173,Customer_173,15/02/25, Electronics,Power Bank,3.0,5086.85,25.0,Credit Card,Mobile App,Pune,Maharashtra,25 Feb 2025,returned,quality issue,11005.86,,5.0
ORD100876,CUST0016,Customer_16,30-04-2025,ELECTRONICS,Bluetooth Speaker,-1.0,5111.51,15.0,Cash on Delivery,Web,Kochi,Kerala,,In Transit,,,,
ORD100104,CUST0064,Customer_64,30 May 2025,SPORTS,Skipping Rope,1.0,1112.54,15.0,Credit Card,Mobile App,Surat,gujarat,08-06-2025,delivered,,,,1.0
ORD101762,CUST0588,Customer_588,16-01-2025, Fashion,Jeans,1.0,1802.68,15.0,Credit Card,Web,Ahmedabad,Gujarat,,In Transit,,,,5.0
ORD100411,CUST0215,Customer_215,06 Apr 2025,Electronics ,Power Bank,1.0,1129.49,120.0,Net Banking,WEB,Lucknow,Uttar Pradesh,,In Transit,,,,
ORD102415,CUST0139,Customer_139,2025-02-12,Fashion ,Jeans,1.0,199.1,25.0,Debit Card,app,Bengaluru,Karnataka,16 Feb 2025,Cancelled,,,,5.0
ORD101179,CUST0262,Customer_262,11-04-2025, Sports,Cricket Bat,2.0,2885.1,20.0,Net Banking,WEB,Kolkata,West Bengal,20 Apr 2025,Cancelled,,,,4.0
ORD100605,CUST0013,Customer_13,19-04-2025,FASHION,Jeans,-1.0,₹4164.85,30.0,Net Banking,app,Surat,gujarat,26-04-2025,returned,,3334.04,02-05-2025,3.0
ORD102758,CUST0469,Customer_469,18 May 2025,Beauty ,Face Wash,-1.0,4221.78,20.0,COD,WEB,Surat,gujarat,2025-05-28,Cancelled,,,,1.0
ORD102523,CUST0080,Customer_80,05/01/2025,electronics,Smartwatch,1.0,3478.07,10.0,UPI,WEB,Bangalore,Karnataka,2025-05-06,returned,quality issue,3090.45,,3.0
ORD102281,CUST0063,Customer_63,2025-01-19,BEAUTY,Perfume,0.0,5461.14,10.0,Credit Card,Mobile App,Surat,gujarat,28-01-2025,delivered,,,,5.0
ORD100385,CUST0434,Customer_434,30/06/25, Beauty,Perfume,1.0,994.43,10.0,COD,App,Surat,gujarat,,In Transit,,,,
ORD101707,CUST0147,Customer_147,26-01-2025,Electronics,Bluetooth Speaker,1.0,2039.51,25.0,upi,Web,Lucknow,Uttar Pradesh,30 Jan 2025,RTO,Damaged in transit,1551.91,05 Feb 2025,
ORD102028,CUST0519,Customer_519,17/03/25,Sports ,Yoga Mat,2.0,4609.55,50.0,Cash on Delivery,App,Hyderabad,Telangana,27/03/25,DELIVERED ,,,,
ORD100712,CUST0525,Customer_525,21/02/25,BEAUTY,Lipstick,1.0,393.71,15.0,Debit Card,WEB,Ahmedabad,Gujarat,05/03/25,returned,Size Issue,302.74,03/10/2025,1.0
ORD100325,CUST0316,Customer_316,03/15/2025,Beauty,Sunscreen,2.0,4407.94,50.0,Credit Card,Web,Nagpur,Maharashtra,03/27/2025,cancelled ,,,,
ORD100079,CUST0476,Customer_476,01/12/2025,BEAUTY,Lipstick,1.0,"4,338.86",15.0,Cash on Delivery,Mobile App,Indore,MP,18/01/25,Delivered,,,,1.0
ORD100541,CUST0358,Customer_358,28 Mar 2025,Sports ,Football,1.0,1170.81,-5.0,UPI,WEB,Indore,MP,2025-04-02,DELIVERED ,,,,
ORD100356,CUST0051,Customer_51,31-01-2025, Beauty,Sunscreen,2.0,1023.12,-5.0,Cash on Delivery,WEB,Surat,gujarat,,In Transit,,,,4.0
ORD100360,CUST0480,Customer_480,2025-05-08,fashion,Men Tshirt,-1.0,979.51,10.0,Net Banking,app,Kolkata,West Bengal,2025-05-15,Cancelled,,,,3.0
ORD101019,CUST0007,Customer_7,15-01-2025,BEAUTY,Face Wash,2.0,2098.15,-5.0,Cash on Delivery,App,Nagpur,Maharashtra,01/22/2025,Returned,,3235.55,25 Jan 2025,
ORD102517,CUST0487,Customer_487,18/01/25,FASHION,Women Kurti,0.0,₹5495.47,20.0,upi,App,Pune,Maharashtra,24 Jan 2025,Refunded,quality issue,4233.83,03/02/25,
ORD102156,CUST0462,Customer_462,12/02/25,Electronics,Headphones,0.0,3420.36,120.0,UPI,Web,Bengaluru,Karnataka,2025-02-16,RTO,Late Delivery,,22/02/25,
ORD100916,CUST0327,Customer_327,08-05-2025,BEAUTY,Sunscreen,1.0,5092.79,25.0,upi,WEB,Nagpur,Maharashtra,09-05-2025,RTO,Damaged in transit,4937.68,10 May 2025,3.0
ORD100308,CUST0121,Customer_121,06/10/2025,Sports ,Yoga Mat,3.0,5196.98,50.0,COD,Web,Patna,Bihar,06/11/2025,returned,Product Damaged,11115.32,06/16/2025,
ORD100814,CUST0091,Customer_91,2025-02-25,ELECTRONICS,Power Bank,0.0,575.17,10.0,Net Banking,Mobile App,Bhopal,Madhya Pradesh,,Cancelled,,,,2.0
ORD101878,CUST0044,Customer_44,06/08/2025, Fashion,Men Tshirt,1.0,1446.13,-5.0,Debit Card,Web,Patna,Bihar,2025-06-15,delivered,,,,5.0
ORD101413,CUST0171,Customer_171,30 May 2025,ELECTRONICS,Bluetooth Speaker,3.0,5220.41,5.0,Cash on Delivery,app,Bengaluru,Karnataka,,In Transit,,,,5.0
ORD101427,CUST0239,Customer_239,2025-04-26,ELECTRONICS,Power Bank,1.0,1481.73,30.0,Cash on Delivery,App,Delhi,Delhi,2025-05-01,Refunded,Wrong Item Delivered,1435.9,2025-05-11,
ORD100883,CUST0012,Customer_12,04 Mar 2025,fashion,Handbag,1.0,2407.72,-5.0,Net Banking,Web,Chandigarh,Punjab,13-03-2025,returned,Wrong Item Delivered,2070.18,23-03-2025,
ORD100699,CUST0475,Customer_475,23 Mar 2025,BEAUTY,Perfume,1.0,4466.48,10.0,Credit Card,Mobile App,Bangalore,Karnataka,30 Mar 2025,DELIVERED ,,,,4.0
ORD101636,CUST0232,Customer_232,05/12/2025,Electronics,Bluetooth Speaker,2.0,5193.4,50.0,Cash on Delivery,WEB,Surat,gujarat,05/24/2025,returned,Not as described,7741.69,05/25/2025,2.0
ORD100004,CUST0215,Customer_215,13/06/25,Home & Kitchen ,Mixer Grinder,1.0,3274.72,20.0,Cash on Delivery,App,Chennai,Tamil Nadu,24-06-2025,Returned,,2555.34,2025-07-04,4.0
ORD100216,CUST0491,Customer_491,27/05/25,Beauty ,Lipstick,1.0,3936.47,10.0,UPI,Web,Bengaluru,Karnataka,30-05-2025,DELIVERED ,,,,3.0
ORD100977,CUST0103,Customer_103,06/26/2025,Fashion,Women Kurti,1.0,5986.58,0.0,Debit Card,Mobile App,Jaipur,Rajasthan,04 Jul 2025,delivered,,,,5.0
ORD100099,CUST0006,Customer_6,15-03-2025, Sports,Dumbbells,0.0,2943.07,25.0,Credit Card,WEB,Pune,Maharashtra,26/03/25,delivered,,,,3.0
ORD101465,CUST0389,Customer_389,26-01-2025, Sports,Skipping Rope,0.0,2329.56,50.0,upi,Mobile App,Lucknow,Uttar Pradesh,31-01-2025,cancelled ,,,,
ORD102531,CUST0175,Customer_175,26/04/25,Electronics ,Bluetooth Speaker,-1.0,1675.24,-5.0,Net Banking,WEB,Nagpur,Maharashtra,03 May 2025,Delivered,,,,4.0
ORD102576,CUST0468,Customer_468,02/02/2025,Beauty,Face Wash,1.0,5796.51,25.0,Credit Card,Mobile App,Jaipur,Rajasthan,05-02-2025,cancelled ,,,,3.0
ORD101371,CUST0034,Customer_34,06 Mar 2025,home & kitchen,Bedsheet,0.0,5225.55,5.0,Debit Card,app,Surat,gujarat,,In Transit,,,,1.0
ORD102468,CUST0067,Customer_67,2025-04-09, Sports,Yoga Mat,0.0,3378.93,120.0,Net Banking,Web,Delhi,Delhi,,Refunded,Duplicate Order,2615.39,,
ORD102382,CUST0315,Customer_315,01/12/2025,Fashion,Jeans,0.0,4846.21,10.0,COD,Mobile App,Pune,Maharashtra,18-01-2025,RTO,quality issue,4653.08,2025-01-19,4.0
ORD101192,CUST0156,Customer_156,2025-03-22, Fashion,Women Kurti,1.0,360.08,30.0,upi,Mobile App,Pune,Maharashtra,,In Transit,,,,
ORD101517,CUST0150,Customer_150,02/03/25,Sports ,Cricket Bat,-1.0,3148.3,20.0,upi,App,Mumbai,Maharashtra,09-03-2025,Refunded,Changed Mind,2758.59,2025-03-19,5.0
ORD101632,CUST0127,Customer_127,03/02/25, Beauty,Hair Oil,3.0,₹3557.33,30.0,Credit Card,Mobile App,Indore,MP,10 Feb 2025,Refunded,quality issue,9929.2,02/19/2025,5.0
ORD100701,CUST0489,Customer_489,2025-01-04,SPORTS,Cricket Bat,2.0,3184.76,50.0,Net Banking,App,Bhopal,Madhya Pradesh,10/01/25,DELIVERED ,,,,5.0
ORD100456,CUST0321,Customer_321,02/18/2025,Sports ,Cricket Bat,2.0,"4,174.39",0.0,Credit Card,Mobile App,Kochi,Kerala,22/02/25,returned,Quality Not as Expected,7670.29,2025-03-03,5.0
ORD102282,CUST0483,Customer_483,11 Mar 2025,Sports,Skipping Rope,1.0,3983.52,30.0,Cash on Delivery,app,Surat,gujarat,2025-03-23,cancelled ,,,,1.0
ORD102139,CUST0547,Customer_547,06/12/2025,fashion,Women Kurti,-1.0,5415.42,50.0,upi,Mobile App,Nagpur,Maharashtra,06/13/2025,cancelled ,,,,
ORD100522,CUST0134,Customer_134,2025-01-18, Fashion,Jeans,0.0,5226.97,15.0,Credit Card,WEB,Delhi,Delhi,21/01/25,cancelled ,,,,2.0
ORD101261,CUST0083,Customer_83,15 Jun 2025, Beauty,Perfume,-1.0,4312.27,50.0,Net Banking,App,Bangalore,Karnataka,,delivered,,,,
ORD101754,CUST0231,Customer_231,11-05-2025,electronics,Bluetooth Speaker,1.0,3583.53,30.0,Net Banking,App,Kochi,Kerala,23-05-2025,Refunded,Changed Mind,3130.65,28-05-2025,4.0
ORD101038,CUST0194,Customer_194,04/18/2025,Sports,Skipping Rope,1.0,3018.93,50.0,Debit Card,app,Delhi,Delhi,21/04/25,cancelled ,,,,
ORD100390,CUST0185,Customer_185,2025-02-13,Beauty ,Face Wash,3.0,2384.76,120.0,Debit Card,WEB,Bengaluru,Karnataka,16-02-2025,DELIVERED ,,,,1.0
ORD100952,CUST0023,Customer_23,11-05-2025,Sports ,Yoga Mat,3.0,5562.96,20.0,Debit Card,app,Bengaluru,Karnataka,14/05/25,Cancelled,,,,
ORD100412,CUST0486,Customer_486,04/12/2025, Home & Kitchen,Storage Box,1.0,1362.12,15.0,Cash on Delivery,app,Bangalore,Karnataka,19/04/25,returned,Wrong Item Delivered,1008.38,,
ORD101855,CUST0105,Customer_105,2025-01-01,electronics,Smartwatch,1.0,961.94,0.0,Net Banking,Mobile App,Bangalore,Karnataka,04 Jan 2025,Delivered,,,,4.0
ORD102198,CUST0032,Customer_32,30 Jun 2025,Sports,Yoga Mat,1.0,2843.28,15.0,UPI,Mobile App,Chandigarh,Punjab,04 Jul 2025,Delivered,,,,5.0
ORD101302,CUST0201,Customer_201,11-04-2025,Electronics,Headphones,1.0,₹2138.39,120.0,upi,Mobile App,Indore,MP,16-04-2025,Refunded,Quality Not as Expected,,,4.0
ORD102693,CUST0585,Customer_585,2025-06-19, Beauty,Lipstick,1.0,299.77,0.0,upi,Web,Patna,Bihar,30-06-2025,RTO,Damaged in transit,,02 Jul 2025,1.0
ORD101297,CUST0491,Customer_491,07-01-2025,Beauty ,Lipstick,2.0,2543.63,25.0,Net Banking,Web,Bangalore,Karnataka,18 Jan 2025,cancelled ,,,,
ORD102607,CUST0058,Customer_58,04/24/2025, Beauty,Perfume,0.0,4484.87,30.0,Debit Card,Mobile App,Pune,Maharashtra,02-05-2025,RTO,Changed Mind,3718.23,12/05/25,4.0
ORD101269,CUST0023,Customer_23,03/02/25,Sports ,Football,2.0,1655.79,5.0,Credit Card,Web,Mumbai,Maharashtra,2025-02-08,delivered,,,,5.0
ORD102557,CUST0500,Customer_500,06/10/2025,Fashion,Women Kurti,-1.0,2115.0,30.0,Credit Card,WEB,Chandigarh,Punjab,,In Transit,,,,3.0
ORD101846,CUST0031,Customer_31,20 Mar 2025,Sports ,Dumbbells,-1.0,4045.97,120.0,Credit Card,Mobile App,Surat,gujarat,03/29/2025,returned,Late Delivery,3709.55,04/04/2025,4.0
ORD101022,CUST0315,Customer_315,2025-05-16,HOME & KITCHEN,Bedsheet,3.0,3885.98,50.0,upi,Mobile App,Ahmedabad,Gujarat,24/05/25,delivered,,,,5.0
ORD100502,CUST0575,Customer_575,01/04/2025,Sports,Dumbbells,1.0,2043.84,25.0,Cash on Delivery,WEB,Delhi,Delhi,2025-01-07,Refunded,Wrong Item Delivered,1432.94,10 Jan 2025,2.0
ORD102730,CUST0514,Customer_514,20-05-2025,Sports ,Skipping Rope,2.0,4452.37,50.0,UPI,WEB,Surat,gujarat,2025-05-22,returned,Changed Mind,7454.87,2025-05-25,5.0
ORD100759,CUST0154,Customer_154,14-01-2025, Sports,Football,1.0,5616.09,10.0,Cash on Delivery,app,Ahmedabad,Gujarat,,Refunded,Duplicate Order,5324.21,27-01-2025,1.0
ORD102131,CUST0566,Customer_566,17-06-2025,Electronics,Bluetooth Speaker,3.0,5954.56,15.0,COD,Web,Patna,Bihar,,In Transit,,,,1.0
ORD100429,CUST0137,Customer_137,25 Apr 2025,home & kitchen,Non-stick Pan,0.0,₹544.95,-5.0,Net Banking,App,Chandigarh,Punjab,,In Transit,,,,2.0
ORD101433,CUST0233,Customer_233,03/24/2025,Electronics ,Power Bank,3.0,3978.04,30.0,Credit Card,WEB,Jaipur,Rajasthan,29/03/25,RTO,,8472.05,2025-04-03,
ORD101318,CUST0293,Customer_293,27-02-2025,Home & Kitchen,Non-stick Pan,2.0,3934.35,25.0,COD,App,Patna,Bihar,03/10/2025,Delivered,,,,2.0
ORD101137,CUST0410,Customer_410,29/04/25,BEAUTY,Lipstick,1.0,₹1500.3,30.0,Credit Card,app,Nagpur,Maharashtra,08/05/25,RTO,Not as described,1417.75,05/11/2025,1.0
ORD100074,CUST0381,Customer_381,07 Feb 2025,Sports ,Yoga Mat,1.0,1817.62,120.0,COD,App,Mumbai,Maharashtra,2025-02-11,delivered,,,,
ORD100026,CUST0157,Customer_157,10/04/25, Fashion,Men Tshirt,-1.0,"2,085.66",30.0,Debit Card,WEB,Lucknow,Uttar Pradesh,20-04-2025,Delivered,,,,
ORD101345,CUST0063,Customer_63,2025-01-26,BEAUTY,Lipstick,2.0,"2,688.20",120.0,Credit Card,App,Kolkata,West Bengal,31/01/25,returned,Product Damaged,4158.08,06-02-2025,5.0
ORD102243,CUST0166,Customer_166,03/19/2025,Sports,Cricket Bat,2.0,5029.11,0.0,Net Banking,Mobile App,Bhopal,Madhya Pradesh,03/24/2025,Refunded,Size Issue,8173.28,26-03-2025,
ORD101127,CUST0290,Customer_290,2025-06-07,Home & Kitchen ,Storage Box,-1.0,2780.4,5.0,Debit Card,Mobile App,Lucknow,Uttar Pradesh,,In Transit,,,,5.0
ORD101140,CUST0253,Customer_253,14-04-2025,ELECTRONICS,Bluetooth Speaker,2.0,5859.88,10.0,UPI,WEB,Ahmedabad,Gujarat,2025-04-15,Delivered,,,,3.0
ORD100506,CUST0565,Customer_565,16 Apr 2025,BEAUTY,Face Wash,0.0,5710.73,50.0,Debit Card,app,Ahmedabad,Gujarat,22/04/25,Delivered,,,,
ORD101395,CUST0421,Customer_421,2025-01-09,Sports ,Yoga Mat,2.0,2699.98,120.0,UPI,App,Kochi,Kerala,2025-01-13,Delivered,,,,
ORD101938,CUST0053,Customer_53,2025-06-09,sports,Yoga Mat,1.0,4278.71,30.0,upi,Mobile App,Delhi,Delhi,06/10/2025,Returned,Duplicate Order,3580.83,12 Jun 2025,2.0
ORD102636,CUST0090,Customer_90,04 Mar 2025, Beauty,Face Wash,2.0,3700.01,15.0,COD,Mobile App,Lucknow,Uttar Pradesh,,Cancelled,,,,
ORD101454,CUST0572,Customer_572,05-03-2025, Fashion,Jeans,2.0,1601.5,15.0,UPI,Web,Hyderabad,Telangana,03/09/2025,Refunded,Damaged in transit,2339.6,,5.0
ORD101121,CUST0062,Customer_62,27-03-2025, Fashion,Sneakers,1.0,3524.66,20.0,UPI,app,Indore,MP,07/04/25,Refunded,Damaged in transit,3263.38,13-04-2025,4.0
ORD101544,CUST0100,Customer_100,16 Apr 2025,Electronics,Headphones,3.0,4833.98,20.0,Net Banking,Web,Jaipur,Rajasthan,,In Transit,,,,2.0
ORD100587,CUST0287,Customer_287,26/03/25,Fashion ,Jeans,1.0,891.22,30.0,Credit Card,Web,Patna,Bihar,05/04/25,RTO,Size Issue,888.3,,3.0
ORD101594,CUST0123,Customer_123,30/05/25, Electronics,Bluetooth Speaker,2.0,1639.28,5.0,Cash on Delivery,app,Lucknow,Uttar Pradesh,31 May 2025,Returned,Product Damaged,2592.0,04/06/25,
ORD100612,CUST0156,Customer_156,21 Jan 2025,BEAUTY,Perfume,1.0,"4,086.97",-5.0,Debit Card,app,Chandigarh,Punjab,,In Transit,,,,
ORD101139,CUST0159,Customer_159,23/05/25,Sports ,Skipping Rope,2.0,1409.72,30.0,Debit Card,WEB,Bangalore,Karnataka,04/06/25,Refunded,Size Issue,2182.58,05/06/25,5.0
ORD100426,CUST0050,Customer_50,2025-01-04,BEAUTY,Lipstick,3.0,"5,466.22",0.0,Cash on Delivery,Web,Delhi,Delhi,01/15/2025,Returned,,13524.04,,
ORD100649,CUST0517,Customer_517,01/04/25,Fashion ,Sneakers,2.0,978.99,15.0,UPI,Mobile App,Chandigarh,Punjab,04/04/25,RTO,Quality Not as Expected,1778.06,2025-04-07,3.0
ORD102749,CUST0330,Customer_330,09/05/25, Fashion,Women Kurti,2.0,810.37,10.0,upi,WEB,Delhi,Delhi,19 May 2025,cancelled ,,,,
ORD102358,CUST0509,Customer_509,2025-05-20,Fashion,Sneakers,1.0,1001.91,0.0,Net Banking,Mobile App,Mumbai,Maharashtra,2025-06-01,Cancelled,,,,1.0
ORD101409,CUST0456,Customer_456,30/06/25,beauty,Lipstick,2.0,4774.93,25.0,COD,Web,Pune,Maharashtra,,RTO,Product Damaged,7299.15,07/11/2025,
ORD100566,CUST0138,Customer_138,05 Apr 2025,Fashion ,Handbag,1.0,₹1040.7,-5.0,Cash on Delivery,App,Kolkata,West Bengal,11/04/25,cancelled ,,,,
ORD102586,CUST0487,Customer_487,10 Jun 2025, Sports,Skipping Rope,0.0,3226.82,120.0,UPI,App,Patna,Bihar,22 Jun 2025,RTO,Wrong Item Delivered,2342.61,2025-07-02,
ORD100886,CUST0341,Customer_341,25 Jan 2025,electronics,Smartwatch,2.0,4540.29,-5.0,upi,app,Hyderabad,Telangana,,Cancelled,,,,
ORD102797,CUST0297,Customer_297,04 Apr 2025,sports,Cricket Bat,3.0,4319.86,120.0,Debit Card,WEB,Chennai,Tamil Nadu,2025-04-16,cancelled ,,,,2.0
ORD102366,CUST0046,Customer_46,15-05-2025, Beauty,Perfume,0.0,2655.02,0.0,Net Banking,Web,Pune,Maharashtra,21-05-2025,Delivered,,,,3.0
ORD101850,CUST0490,Customer_490,10-05-2025,Home & Kitchen,Non-stick Pan,2.0,1200.85,15.0,COD,app,Delhi,Delhi,12-05-2025,Cancelled,,,,3.0
ORD102685,CUST0109,Customer_109,04-06-2025,Fashion ,Women Kurti,1.0,"4,784.98",10.0,Cash on Delivery,App,Delhi,Delhi,2025-06-13,Cancelled,,,,2.0
ORD100630,CUST0484,Customer_484,20 Mar 2025,HOME & KITCHEN,LED Bulb,2.0,2102.27,50.0,UPI,WEB,Indore,MP,27-03-2025,RTO,Quality Not as Expected,3119.68,01-04-2025,4.0
ORD101902,CUST0510,Customer_510,19/06/25,ELECTRONICS,Mobile Cover,1.0,788.88,10.0,upi,App,Lucknow,Uttar Pradesh,06/30/2025,returned,size issue,,07/01/2025,
ORD102144,CUST0524,Customer_524,2025-03-09,home & kitchen,Bedsheet,1.0,1999.16,10.0,Net Banking,Web,Bangalore,Karnataka,,In Transit,,,,1.0
ORD100501,CUST0189,Customer_189,04 May 2025, Electronics,Headphones,3.0,5785.69,30.0,Debit Card,Mobile App,Bhopal,Madhya Pradesh,,In Transit,,,,1.0
ORD101534,CUST0326,Customer_326,09/05/25, Beauty,Perfume,1.0,5964.94,120.0,Net Banking,App,Indore,MP,05/12/2025,Refunded,,5092.84,19-05-2025,
ORD101696,CUST0479,Customer_479,03/06/2025, Electronics,Bluetooth Speaker,1.0,1643.86,20.0,COD,WEB,Chandigarh,Punjab,07-03-2025,Delivered,,,,2.0
ORD102041,CUST0119,Customer_119,2025-01-01,Beauty,Lipstick,1.0,4792.56,120.0,Net Banking,WEB,Bhopal,Madhya Pradesh,2025-01-05,Returned,Wrong Item Delivered,,,5.0
ORD101344,CUST0140,Customer_140,06/16/2025,ELECTRONICS,Power Bank,2.0,5851.53,10.0,upi,Mobile App,Delhi,Delhi,2025-06-28,DELIVERED ,,,,4.0
ORD100165,CUST0302,Customer_302,21-05-2025,electronics,Bluetooth Speaker,1.0,584.07,5.0,COD,Web,Mumbai,Maharashtra,31 May 2025,Cancelled,,,,
ORD102371,CUST0484,Customer_484,03/14/2025,home & kitchen,Non-stick Pan,1.0,5348.34,50.0,Credit Card,App,Delhi,Delhi,17/03/25,RTO,Changed Mind,4967.36,21 Mar 2025,2.0
ORD100244,CUST0159,Customer_159,2025-01-16,HOME & KITCHEN,Mixer Grinder,1.0,3074.53,0.0,COD,Web,Bengaluru,Karnataka,28-01-2025,DELIVERED ,,,,
ORD102727,CUST0170,Customer_170,06-04-2025,Fashion,Sneakers,1.0,4633.43,50.0,Credit Card,WEB,Bangalore,Karnataka,04/07/2025,RTO,Size Issue,3642.25,2025-04-16,4.0
ORD100379,CUST0470,Customer_470,18-01-2025,Sports,Cricket Bat,0.0,₹1001.67,120.0,UPI,WEB,Bhopal,Madhya Pradesh,01/24/2025,Cancelled,,,,3.0
ORD101088,CUST0562,Customer_562,10 May 2025, Beauty,Perfume,1.0,2245.09,30.0,Net Banking,Mobile App,Kolkata,West Bengal,11-05-2025,RTO,quality issue,1729.0,,
ORD101635,CUST0339,Customer_339,06/06/25,FASHION,Men Tshirt,1.0,3162.96,25.0,Credit Card,App,Bengaluru,Karnataka,06/11/2025,Returned,Size Issue,3052.12,2025-06-21,5.0
ORD102462,CUST0033,Customer_33,03/02/2025,fashion,Handbag,2.0,4413.14,15.0,Credit Card,app,Jaipur,Rajasthan,,Refunded,size issue,7019.97,2025-03-08,4.0
ORD100295,CUST0389,Customer_389,2025-04-08,beauty,Perfume,1.0,3253.09,50.0,Net Banking,app,Delhi,Delhi,,In Transit,,,,
ORD101819,CUST0594,Customer_594,06/30/2025, Beauty,Hair Oil,1.0,394.38,15.0,upi,app,Indore,MP,07/12/2025,Refunded,Late Delivery,292.59,,3.0
ORD101730,CUST0500,Customer_500,20-06-2025,Home & Kitchen,Bedsheet,-1.0,3160.38,20.0,Debit Card,App,Jaipur,Rajasthan,,In Transit,,,,4.0
ORD102349,CUST0175,Customer_175,05 Feb 2025,HOME & KITCHEN,LED Bulb,1.0,287.25,15.0,upi,Web,Pune,Maharashtra,2025-02-10,delivered,,,,
ORD102083,CUST0161,Customer_161,26 Jan 2025,Fashion ,Men Tshirt,0.0,2501.7,30.0,COD,Mobile App,Kolkata,West Bengal,,In Transit,,,,
ORD101512,CUST0483,Customer_483,15/02/25, Electronics,Mobile Cover,1.0,4825.75,10.0,upi,app,Ahmedabad,Gujarat,2025-02-21,Returned,Not as described,3443.46,27/02/25,
ORD100316,CUST0083,Customer_83,2025-01-11,Sports,Cricket Bat,3.0,5344.67,-5.0,upi,Web,Kochi,Kerala,14-01-2025,Cancelled,,,,
ORD100529,CUST0277,Customer_277,01/08/2025,SPORTS,Yoga Mat,-1.0,5159.15,50.0,Credit Card,App,Lucknow,Uttar Pradesh,20 Jan 2025,RTO,Damaged in transit,4196.11,,5.0
ORD100336,CUST0119,Customer_119,16 Mar 2025, Beauty,Hair Oil,2.0,4169.22,30.0,Credit Card,App,Lucknow,Uttar Pradesh,18 Mar 2025,Returned,Duplicate Order,6100.0,20-03-2025,3.0
ORD101178,CUST0526,Customer_526,2025-01-15,SPORTS,Skipping Rope,1.0,1349.42,50.0,UPI,WEB,Chandigarh,Punjab,,In Transit,,,,4.0
ORD100190,CUST0432,Customer_432,04/05/25,FASHION,Men Tshirt,1.0,5892.18,-5.0,Cash on Delivery,Web,Mumbai,Maharashtra,2025-05-07,Refunded,Changed Mind,4324.16,08-05-2025,5.0
ORD100028,CUST0086,Customer_86,28 Mar 2025, Beauty,Lipstick,1.0,444.17,25.0,UPI,Mobile App,Patna,Bihar,04-04-2025,returned,Size Issue,357.55,05-04-2025,4.0
ORD101786,CUST0588,Customer_588,22 Jun 2025, Home & Kitchen,Mixer Grinder,-1.0,2777.43,120.0,Debit Card,WEB,Kochi,Kerala,2025-07-01,RTO,Wrong Item Delivered,2742.21,,
ORD102723,CUST0438,Customer_438,11/04/25,Fashion,Sneakers,2.0,2877.5,20.0,Net Banking,App,Kochi,Kerala,,In Transit,,,,
ORD101773,CUST0599,Customer_599,04/02/2025,Home & Kitchen ,Non-stick Pan,2.0,5694.25,-5.0,Net Banking,WEB,Kolkata,West Bengal,09 Apr 2025,Returned,,11137.23,15/04/25,
ORD101075,CUST0364,Customer_364,2025-05-15,Sports ,Yoga Mat,2.0,726.35,50.0,COD,app,Hyderabad,Telangana,16-05-2025,Cancelled,,,,3.0
ORD101817,CUST0124,Customer_124,04/18/2025,Beauty ,Lipstick,2.0,5788.97,20.0,upi,WEB,Lucknow,Uttar Pradesh,21 Apr 2025,Returned,Late Delivery,10960.77,,5.0
ORD102421,CUST0597,Customer_597,2025-04-02, Electronics,Bluetooth Speaker,1.0,2332.79,-5.0,Credit Card,Web,Jaipur,Rajasthan,04/12/2025,DELIVERED ,,,,4.0
ORD101697,CUST0378,Customer_378,30-03-2025,FASHION,Men Tshirt,3.0,634.51,120.0,Credit Card,app,Chennai,Tamil Nadu,06-04-2025,Cancelled,,,,
ORD101764,CUST0390,Customer_390,13-06-2025,Fashion,Jeans,1.0,1352.2,5.0,UPI,WEB,Bengaluru,Karnataka,23-06-2025,delivered,size issue,,,4.0
ORD102768,CUST0325,Customer_325,11 Apr 2025,Electronics ,Headphones,1.0,2567.34,0.0,Net Banking,App,Patna,Bihar,18 Apr 2025,RTO,Damaged in transit,2035.08,2025-04-23,
ORD101335,CUST0324,Customer_324,2025-04-17,Fashion,Women Kurti,0.0,876.8,25.0,upi,App,Kochi,Kerala,,In Transit,,,,1.0
ORD102087,CUST0281,Customer_281,27 May 2025,Fashion,Jeans,1.0,5151.77,120.0,COD,WEB,Bhopal,Madhya Pradesh,04 Jun 2025,returned,,,14-06-2025,4.0
ORD102627,CUST0570,Customer_570,2025-01-24,SPORTS,Cricket Bat,1.0,2066.61,0.0,Net Banking,App,Surat,gujarat,2025-01-28,returned,Late Delivery,2042.67,02/02/25,2.0
ORD100586,CUST0354,Customer_354,05/04/25,electronics,Smartwatch,2.0,4951.41,20.0,Net Banking,Web,Nagpur,Maharashtra,04/10/2025,cancelled ,,,,4.0
ORD100838,CUST0529,Customer_529,04/13/2025, Sports,Dumbbells,1.0,4774.59,0.0,UPI,app,Kolkata,West Bengal,,Returned,,3887.86,27/04/25,1.0
ORD100711,CUST0550,Customer_550,2025-06-05,electronics,Mobile Cover,2.0,3404.14,15.0,UPI,app,Indore,MP,2025-06-09,Cancelled,,,,
ORD102764,CUST0059,Customer_59,17/01/25,ELECTRONICS,Smartwatch,1.0,2327.28,0.0,UPI,app,Delhi,Delhi,26 Jan 2025,delivered,,,,3.0
ORD102368,CUST0068,Customer_68,06-06-2025,beauty,Face Wash,1.0,4240.12,-5.0,UPI,app,Chandigarh,Punjab,13-06-2025,Refunded,Not as described,3235.84,18/06/25,1.0
ORD101251,CUST0398,Customer_398,22 Jan 2025, Home & Kitchen,Bedsheet,2.0,1516.14,0.0,COD,Mobile App,Chennai,Tamil Nadu,25-01-2025,Cancelled,,,,1.0
ORD101165,CUST0328,Customer_328,14/06/25,Beauty,Sunscreen,3.0,4377.69,5.0,Net Banking,Web,Indore,MP,2025-06-23,RTO,quality issue,12680.67,2025-06-27,
ORD102456,CUST0190,Customer_190,08/06/25,fashion,Men Tshirt,3.0,1542.96,30.0,Debit Card,App,Kolkata,West Bengal,11 Jun 2025,Returned,size issue,3788.23,13 Jun 2025,1.0
ORD101438,CUST0483,Customer_483,25-06-2025,electronics,Headphones,1.0,4254.27,25.0,UPI,WEB,Mumbai,Maharashtra,06/26/2025,DELIVERED ,,,,
ORD101620,CUST0044,Customer_44,19 Jun 2025,home & kitchen,Mixer Grinder,2.0,1406.92,30.0,Debit Card,App,Jaipur,Rajasthan,21/06/25,Delivered,,,,1.0
ORD100817,CUST0413,Customer_413,22/05/25,Sports ,Skipping Rope,-1.0,4634.78,20.0,Net Banking,app,Nagpur,Maharashtra,03 Jun 2025,RTO,Product Damaged,3753.5,06/13/2025,3.0
ORD102073,CUST0346,Customer_346,25-06-2025,Fashion ,Men Tshirt,2.0,3016.94,20.0,UPI,Web,Surat,gujarat,03-07-2025,Returned,Changed Mind,5404.18,,2.0
ORD101725,CUST0267,Customer_267,28/01/25,sports,Dumbbells,2.0,5072.74,0.0,Net Banking,Mobile App,Bhopal,Madhya Pradesh,06/02/25,delivered,,,,4.0
ORD100958,CUST0328,Customer_328,25 Feb 2025,Beauty,Lipstick,-1.0,304.85,5.0,Credit Card,App,Patna,Bihar,,In Transit,,,,4.0
ORD100303,CUST0245,Customer_245,2025-01-10,Beauty,Perfume,2.0,3073.15,0.0,UPI,Web,Indore,MP,16-01-2025,Delivered,,,,
ORD100572,CUST0004,Customer_4,07 Jun 2025, Beauty,Face Wash,2.0,₹4303.44,20.0,upi,Web,Chandigarh,Punjab,11 Jun 2025,RTO,Wrong Item Delivered,8284.22,19 Jun 2025,
ORD101781,CUST0028,Customer_28,24 May 2025, Sports,Dumbbells,1.0,151.51,0.0,Net Banking,app,Chandigarh,Punjab,27-05-2025,delivered,,,,4.0
ORD100631,CUST0214,Customer_214,02/21/2025,home & kitchen,LED Bulb,1.0,2032.8,120.0,UPI,Web,Delhi,Delhi,2025-03-02,RTO,Product Damaged,1715.49,10-03-2025,
ORD102338,CUST0120,Customer_120,2025-04-07,BEAUTY,Perfume,2.0,5381.49,50.0,COD,Mobile App,Surat,gujarat,16/04/25,Delivered,,,,4.0
ORD102791,CUST0152,Customer_152,2025-04-19,Beauty ,Hair Oil,3.0,837.92,30.0,Credit Card,WEB,Nagpur,Maharashtra,,In Transit,,,,1.0
ORD101529,CUST0317,Customer_317,16-02-2025, Sports,Yoga Mat,-1.0,3654.93,30.0,Cash on Delivery,Web,Chennai,Tamil Nadu,,In Transit,,,,2.0
ORD101064,CUST0355,Customer_355,06/04/2025,sports,Yoga Mat,-1.0,₹819.37,50.0,UPI,App,Mumbai,Maharashtra,05 Jun 2025,Returned,Product Damaged,701.96,06-06-2025,3.0
ORD101650,CUST0534,Customer_534,02 Mar 2025,home & kitchen,Bedsheet,1.0,1051.02,30.0,Debit Card,Mobile App,Mumbai,Maharashtra,,In Transit,,,,4.0
ORD102348,CUST0074,Customer_74,09-03-2025, Fashion,Sneakers,0.0,"2,612.15",-5.0,Credit Card,Web,Pune,Maharashtra,19 Mar 2025,Cancelled,,,,5.0
ORD102092,CUST0520,Customer_520,14-04-2025,Sports,Football,2.0,5072.75,30.0,UPI,Web,Kochi,Kerala,21/04/25,Returned,,9175.62,04/30/2025,5.0
ORD102550,CUST0515,Customer_515,2025-01-29, Home & Kitchen,LED Bulb,3.0,2886.48,50.0,upi,Web,Hyderabad,Telangana,03/02/25,Returned,Late Delivery,7267.68,06 Feb 2025,
ORD102509,CUST0553,Customer_553,2025-01-16,FASHION,Men Tshirt,0.0,3029.34,15.0,Credit Card,Web,Patna,Bihar,26-01-2025,Refunded,Damaged in transit,2593.62,02/04/2025,3.0
ORD101662,CUST0243,Customer_243,05/17/2025,beauty,Hair Oil,1.0,"4,671.19",15.0,Credit Card,Mobile App,Hyderabad,Telangana,29 May 2025,Returned,size issue,4111.82,07-06-2025,5.0
ORD101654,CUST0109,Customer_109,08/05/25,Home & Kitchen ,LED Bulb,1.0,1950.73,20.0,UPI,App,Mumbai,Maharashtra,10/05/25,DELIVERED ,,,,
ORD100924,CUST0055,Customer_55,04 Apr 2025,beauty,Perfume,1.0,2451.82,5.0,Net Banking,app,Pune,Maharashtra,08-04-2025,DELIVERED ,,,,
ORD100723,CUST0043,Customer_43,18-05-2025, Beauty,Face Wash,3.0,2206.26,30.0,UPI,WEB,Patna,Bihar,2025-05-30,cancelled ,,,,
ORD100060,CUST0440,Customer_440,2025-02-16,Sports ,Skipping Rope,1.0,3712.62,0.0,Net Banking,WEB,Bengaluru,Karnataka,02/22/2025,returned,size issue,,23-02-2025,4.0
ORD102124,CUST0290,Customer_290,01/04/2025,Beauty,Sunscreen,3.0,"4,523.32",50.0,Cash on Delivery,WEB,Bangalore,Karnataka,15-01-2025,Refunded,quality issue,9961.36,,1.0
ORD102314,CUST0002,Customer_2,06/30/2025,Electronics ,Bluetooth Speaker,1.0,897.13,20.0,upi,App,Patna,Bihar,2025-07-10,returned,Size Issue,,12/07/25,1.0
ORD102235,CUST0455,Customer_455,05/23/2025,Sports ,Dumbbells,3.0,5448.39,0.0,Debit Card,WEB,Delhi,Delhi,31/05/25,DELIVERED ,,,,4.0
ORD100024,CUST0436,Customer_436,04 Feb 2025,Fashion ,Women Kurti,0.0,443.78,50.0,Net Banking,Mobile App,Surat,gujarat,,In Transit,,,,
ORD100578,CUST0254,Customer_254,22-01-2025,Electronics,Bluetooth Speaker,-1.0,3983.36,20.0,UPI,Mobile App,Mumbai,Maharashtra,31 Jan 2025,delivered,,,,3.0
ORD100684,CUST0398,Customer_398,02/25/2025,beauty,Hair Oil,3.0,4042.43,15.0,COD,Mobile App,Lucknow,Uttar Pradesh,01/03/25,RTO,,9852.76,03/08/2025,
ORD101016,CUST0166,Customer_166,01/13/2025,Beauty,Face Wash,1.0,3841.49,5.0,Net Banking,Mobile App,Bengaluru,Karnataka,2025-01-18,returned,Size Issue,3005.11,25/01/25,
ORD100347,CUST0446,Customer_446,07/03/25,Beauty,Hair Oil,2.0,5098.91,10.0,UPI,Web,Hyderabad,Telangana,03/14/2025,Returned,,8558.5,21 Mar 2025,1.0
ORD102162,CUST0493,Customer_493,02/11/2025,SPORTS,Skipping Rope,0.0,3684.96,25.0,Net Banking,App,Indore,MP,02/21/2025,RTO,,2979.6,03/03/25,4.0
ORD100731,CUST0102,Customer_102,03/05/25,Fashion ,Sneakers,1.0,1004.76,5.0,Credit Card,app,Lucknow,Uttar Pradesh,13 May 2025,delivered,,,,
ORD100009,CUST0217,Customer_217,26-04-2025,sports,Dumbbells,-1.0,5971.62,120.0,Credit Card,Mobile App,Kochi,Kerala,30-04-2025,Returned,Damaged in transit,,05/01/2025,2.0
ORD100029,CUST0205,Customer_205,2025-04-30,ELECTRONICS,Mobile Cover,2.0,888.39,15.0,Debit Card,App,Bangalore,Karnataka,03-05-2025,Cancelled,,,,5.0
ORD100229,CUST0007,Customer_7,12 Mar 2025, Sports,Yoga Mat,3.0,3780.9,-5.0,UPI,Mobile App,Bengaluru,Karnataka,03/21/2025,DELIVERED ,,,,
ORD100490,CUST0012,Customer_12,2025-02-10, Beauty,Perfume,2.0,5527.03,30.0,COD,Mobile App,Hyderabad,Telangana,02/19/2025,delivered,,,,
ORD102450,CUST0265,Customer_265,05/24/2025,Home & Kitchen ,Storage Box,2.0,₹2700.59,-5.0,upi,Web,Hyderabad,Telangana,04/06/25,Returned,Changed Mind,4416.6,10/06/25,3.0
ORD100830,CUST0512,Customer_512,31/05/25,SPORTS,Dumbbells,1.0,231.98,50.0,COD,Web,Chandigarh,Punjab,2025-06-02,DELIVERED ,,,,
ORD101875,CUST0367,Customer_367,2025-06-18,electronics,Power Bank,1.0,4532.47,30.0,Credit Card,Mobile App,Bengaluru,Karnataka,2025-06-25,returned,Size Issue,,,
ORD101545,CUST0249,Customer_249,06/27/2025, Home & Kitchen,Storage Box,1.0,3075.47,50.0,Cash on Delivery,App,Mumbai,Maharashtra,09/07/25,returned,Product Damaged,,07/14/2025,
ORD100450,CUST0332,Customer_332,03/16/2025,sports,Yoga Mat,0.0,3979.61,50.0,Debit Card,Mobile App,Mumbai,Maharashtra,03/20/2025,Returned,size issue,3965.86,,
ORD102372,CUST0003,Customer_3,2025-03-03,ELECTRONICS,Headphones,1.0,₹4842.89,10.0,Net Banking,WEB,Mumbai,Maharashtra,,delivered,,,,
ORD100016,CUST0518,Customer_518,2025-02-03,Beauty,Hair Oil,1.0,"3,860.56",25.0,UPI,App,Kochi,Kerala,15 Feb 2025,DELIVERED ,,,,3.0
ORD101115,CUST0141,Customer_141,04/28/2025, Fashion,Men Tshirt,3.0,1764.73,15.0,Debit Card,WEB,Chandigarh,Punjab,06 May 2025,Refunded,quality issue,4900.38,2025-05-10,5.0
ORD102711,CUST0468,Customer_468,02/06/2025,FASHION,Men Tshirt,1.0,5362.58,15.0,COD,Mobile App,Patna,Bihar,14 Feb 2025,Refunded,Wrong Item Delivered,4377.96,02/18/2025,5.0
ORD101956,CUST0505,Customer_505,24 Jun 2025,Beauty,Lipstick,2.0,5636.82,20.0,Credit Card,Web,Jaipur,Rajasthan,30 Jun 2025,delivered,,,,3.0
ORD102333,CUST0467,Customer_467,23 Jun 2025,Home & Kitchen,Mixer Grinder,0.0,₹4872.73,30.0,upi,WEB,Pune,Maharashtra,29/06/25,Cancelled,,,,
ORD100824,CUST0077,Customer_77,07/04/25,Electronics ,Smartwatch,3.0,"4,967.83",5.0,upi,Mobile App,Ahmedabad,Gujarat,17-04-2025,Delivered,,,,
ORD102142,CUST0206,Customer_206,11 Mar 2025,ELECTRONICS,Bluetooth Speaker,1.0,5068.28,10.0,Credit Card,App,Chennai,Tamil Nadu,2025-03-21,RTO,Changed Mind,3789.63,2025-03-22,
ORD101227,CUST0426,Customer_426,27 Jun 2025,ELECTRONICS,Bluetooth Speaker,1.0,743.81,15.0,COD,Web,Hyderabad,Telangana,28 Jun 2025,delivered,,,,
ORD102088,CUST0374,Customer_374,25 Apr 2025,fashion,Sneakers,1.0,2153.69,5.0,Cash on Delivery,app,Chandigarh,Punjab,03-05-2025,RTO,quality issue,1796.72,2025-05-04,
ORD102534,CUST0270,Customer_270,2025-02-04,sports,Football,0.0,3510.59,20.0,Credit Card,WEB,Ahmedabad,Gujarat,07-02-2025,returned,Late Delivery,2960.24,12/02/25,
ORD101982,CUST0423,Customer_423,28-04-2025,sports,Football,0.0,1036.63,5.0,COD,Mobile App,Indore,MP,2025-05-03,DELIVERED ,,,,4.0
ORD101232,CUST0582,Customer_582,03/11/2025,Sports ,Cricket Bat,1.0,4604.3,20.0,upi,app,Hyderabad,Telangana,22 Mar 2025,Refunded,Late Delivery,3611.77,2025-03-31,2.0
ORD102200,CUST0247,Customer_247,15-02-2025, Electronics,Mobile Cover,0.0,2077.28,20.0,UPI,Mobile App,Pune,Maharashtra,,In Transit,,,,
ORD101010,CUST0588,Customer_588,25 Jun 2025, Sports,Football,1.0,3440.25,20.0,COD,app,Ahmedabad,Gujarat,04/07/25,returned,size issue,2607.92,2025-07-13,2.0
ORD101580,CUST0149,Customer_149,2025-05-13,Fashion,Handbag,1.0,1659.87,25.0,COD,WEB,Chandigarh,Punjab,2025-05-20,cancelled ,,,,5.0
ORD101765,CUST0412,Customer_412,03/09/2025,Sports,Dumbbells,1.0,"2,258.81",20.0,Cash on Delivery,Web,Lucknow,Uttar Pradesh,03/17/2025,cancelled ,,,,3.0
ORD102612,CUST0301,Customer_301,04 Jun 2025, Sports,Skipping Rope,1.0,4337.52,-5.0,Debit Card,WEB,Bhopal,Madhya Pradesh,06/07/2025,Refunded,,4020.28,06/11/2025,1.0
ORD102656,CUST0297,Customer_297,25 Feb 2025,electronics,Bluetooth Speaker,1.0,3042.47,30.0,UPI,Web,Patna,Bihar,03/03/2025,Returned,Late Delivery,2671.11,10/03/25,
ORD101071,CUST0201,Customer_201,2025-03-01,Sports,Skipping Rope,1.0,₹2862.06,30.0,Cash on Delivery,Mobile App,Chandigarh,Punjab,2025-03-07,Returned,,2059.06,17 Mar 2025,1.0
ORD101107,CUST0330,Customer_330,04 May 2025,Sports ,Yoga Mat,1.0,4455.33,120.0,Credit Card,Web,Hyderabad,Telangana,11 May 2025,Delivered,,,,
ORD100498,CUST0229,Customer_229,28-01-2025,Beauty,Perfume,3.0,2875.38,50.0,Credit Card,WEB,Bhopal,Madhya Pradesh,09 Feb 2025,DELIVERED ,,,,
ORD100353,CUST0165,Customer_165,27-04-2025,Home & Kitchen,Storage Box,3.0,2612.09,25.0,UPI,WEB,Bengaluru,Karnataka,08 May 2025,Delivered,,,,5.0
ORD101716,CUST0411,Customer_411,12-01-2025, Fashion,Handbag,2.0,4424.05,25.0,Cash on Delivery,Mobile App,Kolkata,West Bengal,18 Jan 2025,Refunded,quality issue,6695.72,01/27/2025,2.0
ORD100443,CUST0334,Customer_334,02-05-2025,Beauty ,Lipstick,0.0,2490.97,30.0,Net Banking,Mobile App,Chandigarh,Punjab,05/07/2025,cancelled ,,,,
ORD100002,CUST0559,Customer_559,28 Jun 2025, Beauty,Lipstick,2.0,₹4885.17,10.0,UPI,WEB,Delhi,Delhi,2025-07-03,Cancelled,,,,
ORD100286,CUST0153,Customer_153,18/03/25,beauty,Sunscreen,-1.0,3751.1,25.0,Net Banking,App,Nagpur,Maharashtra,2025-03-25,returned,Not as described,3080.63,,5.0
ORD100784,CUST0209,Customer_209,16-05-2025,beauty,Face Wash,1.0,1808.16,50.0,Credit Card,app,Surat,gujarat,05/24/2025,RTO,Changed Mind,1411.98,06/01/2025,1.0
ORD100861,CUST0050,Customer_50,15 Apr 2025,Fashion,Women Kurti,2.0,1070.82,50.0,UPI,WEB,Delhi,Delhi,16-04-2025,DELIVERED ,,,,3.0
ORD101767,CUST0412,Customer_412,2025-06-18,Sports ,Dumbbells,3.0,501.15,-5.0,Debit Card,Mobile App,Hyderabad,Telangana,06/21/2025,Delivered,,,,4.0
ORD102544,CUST0573,Customer_573,26/03/25,fashion,Women Kurti,1.0,3469.41,-5.0,UPI,WEB,Delhi,Delhi,03/28/2025,cancelled ,,,,3.0
ORD100349,CUST0144,Customer_144,06 Mar 2025,Fashion ,Men Tshirt,1.0,3203.45,120.0,Cash on Delivery,Mobile App,Jaipur,Rajasthan,2025-03-10,delivered,,,,4.0
ORD100069,CUST0382,Customer_382,2025-01-17, Home & Kitchen,Bedsheet,3.0,4121.55,25.0,upi,Mobile App,Kolkata,West Bengal,2025-01-26,delivered,,,,
ORD100404,CUST0198,Customer_198,13/06/25,Electronics,Headphones,1.0,3618.39,10.0,Credit Card,Web,Surat,gujarat,19/06/25,returned,Product Damaged,2598.54,26/06/25,
ORD102245,CUST0186,Customer_186,14 May 2025,Home & Kitchen,Mixer Grinder,-1.0,2334.86,20.0,upi,WEB,Mumbai,Maharashtra,25-05-2025,Returned,Duplicate Order,1636.63,2025-05-26,
ORD100755,CUST0170,Customer_170,2025-05-01,Beauty,Face Wash,0.0,4898.39,25.0,Net Banking,Web,Jaipur,Rajasthan,2025-05-10,RTO,Duplicate Order,4481.88,15/05/25,4.0
ORD100798,CUST0559,Customer_559,2025-02-14,Fashion ,Handbag,0.0,1830.03,10.0,COD,WEB,Jaipur,Rajasthan,,In Transit,,,,
ORD101051,CUST0024,Customer_24,21 Jan 2025, Fashion,Women Kurti,3.0,1997.47,30.0,Debit Card,app,Bengaluru,Karnataka,26-01-2025,RTO,,5165.55,,1.0
ORD100315,CUST0466,Customer_466,10-06-2025, Beauty,Lipstick,1.0,4770.67,0.0,COD,app,Ahmedabad,Gujarat,22-06-2025,cancelled ,,,,4.0
ORD102318,CUST0143,Customer_143,2025-04-09, Home & Kitchen,Storage Box,3.0,5653.26,30.0,Debit Card,Mobile App,Indore,MP,,In Transit,,,,4.0
ORD100178,CUST0111,Customer_111,02/18/2025,beauty,Face Wash,2.0,3897.48,20.0,upi,app,Indore,MP,,In Transit,,,,1.0
ORD100954,CUST0254,Customer_254,26/04/25,Fashion,Sneakers,2.0,4694.0,0.0,UPI,App,Chennai,Tamil Nadu,30 Apr 2025,cancelled ,,,,2.0
ORD101381,CUST0428,Customer_428,13 Feb 2025,SPORTS,Dumbbells,1.0,3852.0,30.0,Net Banking,Web,Mumbai,Maharashtra,02/23/2025,RTO,Duplicate Order,3358.48,25-02-2025,1.0
ORD101921,CUST0398,Customer_398,2025-04-03, Beauty,Lipstick,-1.0,1196.7,20.0,upi,app,Kochi,Kerala,05-04-2025,returned,Changed Mind,1170.29,04/08/2025,
ORD101615,CUST0262,Customer_262,03/02/25,BEAUTY,Lipstick,0.0,4643.46,25.0,Debit Card,App,Bhopal,Madhya Pradesh,04 Feb 2025,RTO,Late Delivery,4005.89,12 Feb 2025,2.0
ORD101963,CUST0217,Customer_217,22 Jun 2025,Electronics ,Bluetooth Speaker,3.0,5118.78,-5.0,UPI,Mobile App,Lucknow,Uttar Pradesh,2025-07-03,returned,quality issue,,2025-07-13,4.0
ORD101685,CUST0031,Customer_31,24 Jun 2025,Sports,Football,2.0,1325.4,25.0,upi,Mobile App,Nagpur,Maharashtra,,In Transit,,,,4.0
ORD100253,CUST0097,Customer_97,2025-03-07,electronics,Power Bank,1.0,959.69,15.0,upi,app,Nagpur,Maharashtra,03/17/2025,delivered,,,,3.0
ORD101439,CUST0279,Customer_279,10 Mar 2025,electronics,Power Bank,0.0,3774.16,0.0,Cash on Delivery,App,Mumbai,Maharashtra,2025-03-13,cancelled ,,,,
ORD100559,CUST0554,Customer_554,03/02/2025,ELECTRONICS,Mobile Cover,3.0,788.61,5.0,upi,WEB,Nagpur,Maharashtra,12 Mar 2025,Cancelled,,,,3.0
ORD101708,CUST0310,Customer_310,03/09/2025,Fashion,Sneakers,1.0,3529.19,30.0,UPI,WEB,Bengaluru,Karnataka,,Refunded,Size Issue,3261.0,03/19/2025,
ORD100194,CUST0521,Customer_521,26/03/25, Sports,Dumbbells,3.0,2275.55,50.0,UPI,App,Surat,gujarat,2025-04-05,RTO,,4783.15,10/04/25,
ORD102775,CUST0298,Customer_298,03 Jun 2025,Home & Kitchen ,Bedsheet,1.0,4904.66,10.0,Credit Card,Web,Surat,gujarat,2025-06-07,Delivered,,,,3.0
ORD101508,CUST0175,Customer_175,17/06/25,Sports ,Yoga Mat,1.0,"1,879.95",0.0,upi,Web,Delhi,Delhi,27 Jun 2025,cancelled ,,,,3.0
ORD101719,CUST0245,Customer_245,14 Jun 2025,Electronics,Smartwatch,2.0,4623.23,25.0,Debit Card,Web,Patna,Bihar,,In Transit,,,,
ORD100245,CUST0450,Customer_450,2025-05-24, Fashion,Men Tshirt,3.0,"4,387.74",50.0,Net Banking,app,Bangalore,Karnataka,,In Transit,,,,
ORD100446,CUST0266,Customer_266,2025-05-27,Electronics,Bluetooth Speaker,1.0,671.47,5.0,Debit Card,App,Mumbai,Maharashtra,02/06/25,DELIVERED ,,,,4.0
ORD100477,CUST0230,Customer_230,11-03-2025,ELECTRONICS,Mobile Cover,2.0,378.68,10.0,upi,Mobile App,Lucknow,Uttar Pradesh,15-03-2025,Returned,Quality Not as Expected,745.19,03/20/2025,
ORD100539,CUST0443,Customer_443,21 Feb 2025,FASHION,Men Tshirt,1.0,4938.52,120.0,Debit Card,app,Patna,Bihar,26-02-2025,Refunded,quality issue,4641.99,03/05/2025,1.0
ORD101331,CUST0384,Customer_384,23 Feb 2025,Fashion ,Jeans,2.0,809.26,30.0,COD,app,Kolkata,West Bengal,,returned,quality issue,1407.49,11-03-2025,4.0
ORD100256,CUST0152,Customer_152,09-03-2025,Fashion,Jeans,0.0,₹3492.93,30.0,COD,Mobile App,Bengaluru,Karnataka,03/18/2025,cancelled ,,,,
ORD100452,CUST0177,Customer_177,30-01-2025, Beauty,Face Wash,-1.0,1760.01,5.0,UPI,Mobile App,Chennai,Tamil Nadu,07/02/25,delivered,,,,
ORD101489,CUST0006,Customer_6,19 May 2025,FASHION,Handbag,2.0,4019.26,5.0,Debit Card,Web,Lucknow,Uttar Pradesh,05/31/2025,cancelled ,,,,1.0
ORD100934,CUST0251,Customer_251,23 Jan 2025,Electronics ,Mobile Cover,-1.0,3136.05,5.0,Debit Card,app,Mumbai,Maharashtra,01/31/2025,cancelled ,,,,
ORD101700,CUST0371,Customer_371,07/06/25,Sports,Skipping Rope,3.0,5106.38,25.0,Debit Card,Mobile App,Hyderabad,Telangana,2025-06-09,cancelled ,,,,1.0
ORD102313,CUST0330,Customer_330,12 Jun 2025,BEAUTY,Hair Oil,1.0,2081.53,25.0,Debit Card,WEB,Kochi,Kerala,,In Transit,,,,1.0
ORD102381,CUST0528,Customer_528,2025-03-30,fashion,Women Kurti,3.0,562.07,20.0,Net Banking,App,Kochi,Kerala,08 Apr 2025,delivered,,,,
ORD101986,CUST0206,Customer_206,11 May 2025,Beauty,Lipstick,1.0,2248.41,50.0,UPI,Web,Delhi,Delhi,16/05/25,Delivered,,,,
ORD102757,CUST0229,Customer_229,07/04/25, Sports,Dumbbells,3.0,2619.06,-5.0,COD,Mobile App,Delhi,Delhi,10 Apr 2025,delivered,,,,3.0
ORD100949,CUST0270,Customer_270,04/28/2025,Fashion ,Women Kurti,3.0,4859.24,20.0,Credit Card,Web,Kochi,Kerala,,Cancelled,,,,4.0
ORD100511,CUST0023,Customer_23,02/11/2025, Beauty,Face Wash,1.0,1380.23,50.0,UPI,app,Pune,Maharashtra,12/02/25,returned,Quality Not as Expected,1220.4,15/02/25,5.0
ORD101394,CUST0406,Customer_406,02/07/2025,Fashion,Men Tshirt,3.0,3517.3,20.0,Debit Card,Mobile App,Hyderabad,Telangana,,In Transit,,,,
ORD101509,CUST0340,Customer_340,25/03/25,HOME & KITCHEN,Non-stick Pan,1.0,928.98,0.0,upi,app,Surat,gujarat,,In Transit,,,,5.0
ORD102418,CUST0062,Customer_62,18 Apr 2025,Electronics,Headphones,1.0,4301.21,5.0,upi,WEB,Indore,MP,2025-04-25,RTO,Damaged in transit,3718.42,29 Apr 2025,5.0
ORD102167,CUST0510,Customer_510,19-02-2025,HOME & KITCHEN,Bedsheet,1.0,2462.05,25.0,Cash on Delivery,Web,Kolkata,West Bengal,03/03/2025,delivered,,,,3.0
ORD101332,CUST0387,Customer_387,06/14/2025,SPORTS,Skipping Rope,1.0,315.59,-5.0,Net Banking,Web,Lucknow,Uttar Pradesh,26-06-2025,cancelled ,,,,3.0
ORD101310,CUST0233,Customer_233,06/05/25, Electronics,Smartwatch,2.0,4664.91,15.0,Credit Card,Web,Delhi,Delhi,10-05-2025,Cancelled,,,,1.0
ORD102623,CUST0469,Customer_469,30-05-2025, Beauty,Hair Oil,2.0,4982.57,15.0,Credit Card,Mobile App,Surat,gujarat,06/04/2025,RTO,Not as described,,,3.0
ORD101699,CUST0286,Customer_286,07-06-2025,FASHION,Women Kurti,1.0,₹159.15,120.0,Credit Card,Mobile App,Bengaluru,Karnataka,,Refunded,size issue,128.1,13/06/25,
ORD102330,CUST0146,Customer_146,04/03/2025,fashion,Jeans,0.0,"1,049.53",25.0,Net Banking,App,Chennai,Tamil Nadu,10-04-2025,Delivered,Quality Not as Expected,,,3.0
ORD101681,CUST0255,Customer_255,04/04/25, Beauty,Sunscreen,1.0,249.61,25.0,COD,app,Bhopal,Madhya Pradesh,13/04/25,returned,,182.63,17/04/25,
ORD101715,CUST0314,Customer_314,28/06/25, Beauty,Face Wash,0.0,1333.34,30.0,Debit Card,App,Pune,Maharashtra,07/08/2025,delivered,,,,
ORD102327,CUST0057,Customer_57,20-01-2025,Fashion,Women Kurti,0.0,"1,650.15",120.0,Credit Card,app,Indore,MP,21 Jan 2025,cancelled ,,,,4.0
ORD102290,CUST0587,Customer_587,18 Jun 2025, Home & Kitchen,Mixer Grinder,-1.0,348.94,15.0,upi,App,Lucknow,Uttar Pradesh,20-06-2025,Delivered,,,,2.0
ORD100622,CUST0598,Customer_598,14 Apr 2025,Home & Kitchen ,Non-stick Pan,1.0,1667.61,120.0,Debit Card,Mobile App,Chandigarh,Punjab,04/17/2025,RTO,Quality Not as Expected,1630.63,26 Apr 2025,3.0
ORD101912,CUST0554,Customer_554,26-04-2025,SPORTS,Dumbbells,2.0,3798.46,25.0,Cash on Delivery,Mobile App,Patna,Bihar,2025-04-28,Cancelled,,,,3.0
ORD101627,CUST0441,Customer_441,27 May 2025,Sports ,Skipping Rope,1.0,5098.04,5.0,UPI,app,Lucknow,Uttar Pradesh,,In Transit,,,,2.0
ORD102431,CUST0160,Customer_160,22 Feb 2025,Beauty ,Hair Oil,2.0,1144.41,-5.0,Net Banking,WEB,Ahmedabad,Gujarat,2025-03-01,cancelled ,,,,
ORD102106,CUST0016,Customer_16,20 Apr 2025,Electronics,Power Bank,2.0,3216.68,-5.0,Debit Card,Web,Nagpur,Maharashtra,2025-04-23,Delivered,,,,1.0
ORD100559,CUST0554,Customer_554,03/02/2025,ELECTRONICS,Mobile Cover,3.0,788.61,5.0,upi,WEB,Nagpur,Maharashtra,12 Mar 2025,Cancelled,,,,3.0
ORD100664,CUST0573,Customer_573,2025-05-26, Electronics,Bluetooth Speaker,1.0,523.09,20.0,COD,Web,Bengaluru,Karnataka,07 Jun 2025,Delivered,,,,5.0
ORD100775,CUST0507,Customer_507,2025-03-04,sports,Skipping Rope,1.0,₹3805.94,25.0,UPI,app,Delhi,Delhi,,In Transit,,,,3.0
ORD100574,CUST0408,Customer_408,05/10/2025, Fashion,Sneakers,-1.0,₹4170.25,20.0,upi,app,Kolkata,West Bengal,2025-05-11,cancelled ,,,,
ORD101733,CUST0222,Customer_222,09-02-2025, Sports,Cricket Bat,2.0,3545.85,25.0,COD,app,Delhi,Delhi,12-02-2025,delivered,,,,3.0
ORD102639,CUST0248,Customer_248,02/13/2025,Sports,Skipping Rope,-1.0,4992.49,50.0,Cash on Delivery,app,Mumbai,Maharashtra,23 Feb 2025,Delivered,,,,
ORD101645,CUST0119,Customer_119,05/12/2025,Home & Kitchen ,Storage Box,1.0,3069.98,15.0,Credit Card,App,Hyderabad,Telangana,17-05-2025,Refunded,Product Damaged,2360.0,22/05/25,1.0
ORD102504,CUST0510,Customer_510,07/01/25,Beauty,Face Wash,1.0,1142.8,10.0,Debit Card,WEB,Delhi,Delhi,13 Jan 2025,returned,Damaged in transit,1005.97,2025-01-22,
ORD102735,CUST0596,Customer_596,01-05-2025,HOME & KITCHEN,Mixer Grinder,1.0,5354.78,120.0,Credit Card,Web,Bengaluru,Karnataka,,Delivered,,,,
ORD101122,CUST0254,Customer_254,06 Jan 2025, Beauty,Hair Oil,2.0,1385.95,15.0,Credit Card,Web,Kochi,Kerala,18-01-2025,Refunded,,2281.53,2025-01-28,2.0
ORD101825,CUST0189,Customer_189,10 Feb 2025,Beauty ,Perfume,1.0,1382.68,50.0,Cash on Delivery,Mobile App,Kochi,Kerala,21 Feb 2025,Returned,,1366.48,26 Feb 2025,3.0
ORD102752,CUST0191,Customer_191,06/25/2025, Beauty,Lipstick,0.0,"3,110.53",-5.0,COD,WEB,Nagpur,Maharashtra,04/07/25,DELIVERED ,,,,
ORD101796,CUST0273,Customer_273,28-05-2025, Electronics,Power Bank,-1.0,191.34,15.0,COD,WEB,Lucknow,Uttar Pradesh,2025-06-04,delivered,,,,
ORD100140,CUST0240,Customer_240,24 Jun 2025,Beauty,Face Wash,1.0,1398.51,120.0,upi,Web,Bhopal,Madhya Pradesh,25-06-2025,Delivered,,,,4.0
ORD101839,CUST0042,Customer_42,04/24/2025,HOME & KITCHEN,Storage Box,3.0,2066.89,10.0,upi,Web,Chennai,Tamil Nadu,05 May 2025,Refunded,Late Delivery,4388.46,05/14/2025,3.0
ORD100283,CUST0373,Customer_373,2025-01-29,beauty,Lipstick,3.0,₹2801.71,50.0,Net Banking,Mobile App,Lucknow,Uttar Pradesh,2025-02-06,Refunded,Product Damaged,6906.54,2025-02-08,2.0
ORD100259,CUST0313,Customer_313,08/03/25,Beauty,Perfume,3.0,1372.71,120.0,COD,Mobile App,Mumbai,Maharashtra,03/18/2025,Refunded,Duplicate Order,3198.29,,4.0
ORD100617,CUST0566,Customer_566,03/24/2025,SPORTS,Dumbbells,0.0,2309.03,15.0,COD,Web,Surat,gujarat,03/26/2025,returned,Duplicate Order,2301.9,03/04/25,2.0
ORD101967,CUST0237,Customer_237,28 Mar 2025,Home & Kitchen ,Mixer Grinder,2.0,3736.18,25.0,Credit Card,Web,Pune,Maharashtra,,In Transit,,,,1.0
ORD101993,CUST0553,Customer_553,19-05-2025, Beauty,Hair Oil,2.0,4940.13,25.0,Net Banking,Mobile App,Mumbai,Maharashtra,25-05-2025,Delivered,,,,
ORD100726,CUST0260,Customer_260,16/03/25,Sports ,Yoga Mat,0.0,1167.42,0.0,Credit Card,WEB,Nagpur,Maharashtra,03/23/2025,Cancelled,,,,1.0
ORD101976,CUST0090,Customer_90,10/05/25, Sports,Cricket Bat,2.0,3041.83,15.0,upi,WEB,Patna,Bihar,16/05/25,cancelled ,,,,
ORD100678,CUST0131,Customer_131,22-01-2025, Sports,Yoga Mat,0.0,789.66,10.0,COD,Mobile App,Bengaluru,Karnataka,29 Jan 2025,Returned,,,02/02/2025,
ORD101804,CUST0335,Customer_335,19/04/25,Beauty,Face Wash,1.0,4683.24,20.0,COD,Mobile App,Hyderabad,Telangana,04/30/2025,returned,Wrong Item Delivered,,06-05-2025,
ORD101153,CUST0443,Customer_443,11-01-2025,Beauty ,Face Wash,0.0,₹5955.54,10.0,Cash on Delivery,Web,Ahmedabad,Gujarat,23/01/25,RTO,size issue,,26 Jan 2025,
ORD101705,CUST0536,Customer_536,05/28/2025, Electronics,Power Bank,2.0,4889.63,15.0,Net Banking,app,Kolkata,West Bengal,2025-05-29,Returned,,7783.33,,
ORD100056,CUST0463,Customer_463,28-04-2025,Sports ,Dumbbells,1.0,4404.37,20.0,COD,WEB,Delhi,Delhi,06 May 2025,Delivered,,,,2.0
ORD102751,CUST0056,Customer_56,04/14/2025,electronics,Smartwatch,1.0,4033.61,25.0,Net Banking,Mobile App,Pune,Maharashtra,26-04-2025,returned,Quality Not as Expected,3174.77,05/05/2025,2.0
ORD102135,CUST0031,Customer_31,03-04-2025,Electronics ,Mobile Cover,1.0,1873.44,50.0,UPI,App,Bengaluru,Karnataka,,In Transit,,,,
ORD101412,CUST0351,Customer_351,06/02/25,FASHION,Sneakers,0.0,4887.2,5.0,UPI,Web,Delhi,Delhi,,In Transit,,,,4.0
ORD102121,CUST0183,Customer_183,2025-06-07,home & kitchen,LED Bulb,1.0,4859.67,30.0,Cash on Delivery,Mobile App,Hyderabad,Telangana,17 Jun 2025,Delivered,,,,2.0
ORD101289,CUST0367,Customer_367,06 Mar 2025,Beauty ,Face Wash,1.0,780.61,5.0,Cash on Delivery,app,Indore,MP,18 Mar 2025,Returned,Duplicate Order,736.66,,4.0
ORD100167,CUST0302,Customer_302,02-05-2025,SPORTS,Football,1.0,300.55,5.0,upi,Mobile App,Nagpur,Maharashtra,2025-05-09,returned,quality issue,290.23,17-05-2025,5.0
ORD101972,CUST0371,Customer_371,17-02-2025,Beauty,Hair Oil,1.0,5971.47,25.0,Credit Card,WEB,Pune,Maharashtra,22 Feb 2025,delivered,,,,4.0
ORD100873,CUST0259,Customer_259,2025-06-29,electronics,Headphones,2.0,"3,331.69",-5.0,Cash on Delivery,Web,Jaipur,Rajasthan,30-06-2025,RTO,Size Issue,5881.46,,5.0
ORD101362,CUST0473,Customer_473,2025-05-18,BEAUTY,Perfume,-1.0,5357.62,50.0,Cash on Delivery,WEB,Patna,Bihar,27/05/25,Delivered,,,,
ORD100888,CUST0082,Customer_82,10 Jun 2025, Beauty,Hair Oil,1.0,4755.57,30.0,upi,Mobile App,Chennai,Tamil Nadu,19/06/25,returned,quality issue,4112.93,28 Jun 2025,5.0
ORD100889,CUST0093,Customer_93,06/07/2025,Home & Kitchen ,LED Bulb,2.0,"5,876.54",5.0,Credit Card,WEB,Lucknow,Uttar Pradesh,18 Jun 2025,RTO,,,,
ORD102262,CUST0544,Customer_544,11-02-2025,sports,Dumbbells,1.0,3265.92,-5.0,Debit Card,app,Mumbai,Maharashtra,2025-02-15,Cancelled,,,,
ORD100499,CUST0351,Customer_351,02/07/2025,SPORTS,Football,0.0,818.81,50.0,UPI,app,Indore,MP,,Cancelled,,,,
ORD100715,CUST0023,Customer_23,31-01-2025,Home & Kitchen,Mixer Grinder,2.0,979.75,15.0,upi,Web,Nagpur,Maharashtra,,Refunded,Changed Mind,1712.47,08-02-2025,
ORD102604,CUST0252,Customer_252,14/05/25,SPORTS,Dumbbells,0.0,4940.78,30.0,COD,Web,Delhi,Delhi,,In Transit,,,,
ORD101057,CUST0114,Customer_114,29-05-2025,Sports,Yoga Mat,1.0,859.71,0.0,Credit Card,WEB,Chennai,Tamil Nadu,06/08/2025,cancelled ,,,,
ORD102617,CUST0494,Customer_494,23 Feb 2025, Electronics,Bluetooth Speaker,3.0,₹4294.02,30.0,Cash on Delivery,WEB,Chandigarh,Punjab,03/06/2025,delivered,,,,2.0
ORD100365,CUST0158,Customer_158,2025-02-03, Electronics,Bluetooth Speaker,-1.0,4454.95,-5.0,COD,WEB,Surat,gujarat,09 Feb 2025,delivered,,,,
ORD100589,CUST0486,Customer_486,2025-06-12,Home & Kitchen ,LED Bulb,3.0,3254.51,10.0,upi,App,Kolkata,West Bengal,19 Jun 2025,DELIVERED ,,,,
ORD102609,CUST0193,Customer_193,11-04-2025,Beauty,Hair Oil,2.0,4712.58,30.0,Credit Card,app,Indore,MP,14-04-2025,Returned,Changed Mind,7918.38,24/04/25,
ORD102419,CUST0102,Customer_102,2025-05-05,home & kitchen,Non-stick Pan,2.0,2449.53,0.0,Net Banking,Mobile App,Hyderabad,Telangana,,RTO,,3933.07,17/05/25,5.0
ORD101205,CUST0478,Customer_478,30/03/25,fashion,Jeans,-1.0,5102.37,5.0,Debit Card,Mobile App,Patna,Bihar,08-04-2025,Cancelled,,,,2.0
ORD100801,CUST0247,Customer_247,12/06/25,Beauty ,Sunscreen,0.0,"3,765.83",-5.0,UPI,WEB,Pune,Maharashtra,2025-06-15,DELIVERED ,,,,2.0
ORD100618,CUST0340,Customer_340,14 May 2025, Fashion,Women Kurti,1.0,₹190.27,30.0,UPI,Mobile App,Kochi,Kerala,2025-05-16,cancelled ,,,,1.0
ORD101926,CUST0068,Customer_68,16/02/25,Fashion ,Handbag,1.0,1862.33,0.0,UPI,Mobile App,Bangalore,Karnataka,,In Transit,,,,
ORD100601,CUST0342,Customer_342,06/18/2025,electronics,Headphones,1.0,4838.71,0.0,Credit Card,Web,Bangalore,Karnataka,21-06-2025,Returned,quality issue,,2025-06-30,1.0
ORD100124,CUST0491,Customer_491,2025-03-04, Home & Kitchen,Non-stick Pan,3.0,1854.97,-5.0,UPI,Mobile App,Lucknow,Uttar Pradesh,09 Mar 2025,cancelled ,,,,3.0
ORD101598,CUST0446,Customer_446,27/05/25,SPORTS,Dumbbells,1.0,3067.46,0.0,upi,WEB,Bengaluru,Karnataka,01/06/25,Returned,Changed Mind,2644.91,04/06/25,
ORD100335,CUST0186,Customer_186,01 Feb 2025, Home & Kitchen,Bedsheet,2.0,3158.37,25.0,Net Banking,App,Ahmedabad,Gujarat,2025-02-10,delivered,,,,
ORD102172,CUST0372,Customer_372,01 Jan 2025,BEAUTY,Lipstick,0.0,2956.21,25.0,Credit Card,Web,Bengaluru,Karnataka,,In Transit,,,,5.0
ORD102321,CUST0357,Customer_357,03/05/2025,home & kitchen,Storage Box,1.0,1192.26,15.0,Cash on Delivery,WEB,Surat,gujarat,07/03/25,returned,,,09 Mar 2025,
ORD102741,CUST0217,Customer_217,03/03/25,BEAUTY,Hair Oil,0.0,3136.89,50.0,Cash on Delivery,Mobile App,Jaipur,Rajasthan,03/07/2025,DELIVERED ,,,,4.0
ORD100981,CUST0255,Customer_255,03/19/2025, Fashion,Jeans,2.0,1221.2,0.0,Cash on Delivery,Mobile App,Indore,MP,31/03/25,Refunded,Size Issue,,04/06/2025,5.0
ORD102549,CUST0460,Customer_460,2025-04-22,Beauty ,Lipstick,-1.0,335.13,-5.0,Cash on Delivery,WEB,Kolkata,West Bengal,02-05-2025,RTO,size issue,264.53,2025-05-08,
ORD101975,CUST0221,Customer_221,04-02-2025,BEAUTY,Face Wash,3.0,3767.64,-5.0,Credit Card,app,Bangalore,Karnataka,16 Feb 2025,delivered,,,,1.0
ORD100919,CUST0183,Customer_183,28 Feb 2025,Beauty,Face Wash,3.0,1237.69,25.0,COD,App,Pune,Maharashtra,10-03-2025,Delivered,,,,
ORD101080,CUST0092,Customer_92,03-05-2025,Home & Kitchen,Mixer Grinder,-1.0,5383.7,0.0,Cash on Delivery,Web,Kolkata,West Bengal,07/05/25,Returned,Wrong Item Delivered,4903.72,17/05/25,4.0
ORD102866,,,,,,,,,,,,,,,,,,
ORD100582,CUST0275,Customer_275,12/05/25, Fashion,Handbag,0.0,1981.14,50.0,Credit Card,App,Indore,MP,14-05-2025,delivered,,,,2.0
ORD102180,CUST0065,Customer_65,2025-01-07,Home & Kitchen ,Mixer Grinder,1.0,4298.6,0.0,upi,app,Bhopal,Madhya Pradesh,,Refunded,Wrong Item Delivered,3086.37,26-01-2025,
ORD101617,CUST0047,Customer_47,03/09/2025,Sports ,Skipping Rope,-1.0,1790.45,10.0,Net Banking,app,Indore,MP,13/03/25,returned,Product Damaged,1353.58,,
ORD101275,CUST0299,Customer_299,19-05-2025, Beauty,Face Wash,3.0,4754.44,0.0,Debit Card,app,Pune,Maharashtra,28/05/25,Returned,Duplicate Order,,06/02/2025,2.0
ORD101285,CUST0124,Customer_124,14 Apr 2025, Sports,Skipping Rope,1.0,2350.76,30.0,Net Banking,Web,Indore,MP,,cancelled ,,,,5.0
ORD101195,CUST0564,Customer_564,13-04-2025, Sports,Football,2.0,3221.97,50.0,UPI,Mobile App,Bangalore,Karnataka,17-04-2025,DELIVERED ,,,,
ORD100829,CUST0173,Customer_173,2025-04-21,Sports,Cricket Bat,1.0,"5,205.12",5.0,Cash on Delivery,App,Kolkata,West Bengal,04/22/2025,returned,quality issue,3812.67,,
ORD100992,CUST0392,Customer_392,20/03/25,Fashion,Women Kurti,2.0,1333.79,0.0,UPI,app,Jaipur,Rajasthan,,In Transit,,,,3.0
ORD101198,CUST0503,Customer_503,2025-03-28,Home & Kitchen ,Bedsheet,-1.0,5194.18,15.0,upi,App,Chennai,Tamil Nadu,29 Mar 2025,Refunded,,4890.93,02-04-2025,
ORD101196,CUST0091,Customer_91,17-06-2025,Sports,Skipping Rope,1.0,5581.13,30.0,upi,WEB,Mumbai,Maharashtra,,In Transit,quality issue,,,
ORD101351,CUST0292,Customer_292,06 Jan 2025,FASHION,Handbag,-1.0,5671.09,25.0,Credit Card,Mobile App,Lucknow,Uttar Pradesh,10-01-2025,returned,Duplicate Order,4859.66,16/01/25,5.0
ORD101528,CUST0346,Customer_346,07-01-2025,Electronics,Power Bank,0.0,₹4673.56,50.0,Credit Card,Mobile App,Pune,Maharashtra,18-01-2025,Cancelled,,,,5.0
ORD101559,CUST0129,Customer_129,03/21/2025,BEAUTY,Lipstick,1.0,3371.89,0.0,Debit Card,app,Jaipur,Rajasthan,03/22/2025,returned,Wrong Item Delivered,2887.56,26/03/25,
ORD102288,CUST0132,Customer_132,04 Jan 2025,ELECTRONICS,Bluetooth Speaker,-1.0,2981.37,5.0,Debit Card,WEB,Bhopal,Madhya Pradesh,11/01/25,Delivered,,,,5.0
ORD102130,CUST0089,Customer_89,18 Feb 2025,Fashion ,Jeans,1.0,3469.83,20.0,UPI,app,Hyderabad,Telangana,2025-02-22,returned,,3150.24,2025-02-27,
ORD100410,CUST0384,Customer_384,03/17/2025, Home & Kitchen,Storage Box,2.0,5537.93,120.0,Cash on Delivery,Web,Kolkata,West Bengal,,Cancelled,,,,
ORD101939,CUST0397,Customer_397,2025-01-09, Home & Kitchen,Storage Box,1.0,1504.86,5.0,upi,WEB,Kochi,Kerala,,In Transit,,,,2.0
ORD100298,CUST0385,Customer_385,12 Mar 2025,Sports,Dumbbells,1.0,1632.01,50.0,Cash on Delivery,App,Kolkata,West Bengal,17-03-2025,Cancelled,,,,
ORD100926,CUST0025,Customer_25,06/24/2025,beauty,Sunscreen,2.0,1993.49,5.0,Debit Card,Mobile App,Surat,gujarat,06/26/2025,Delivered,,,,1.0
ORD100023,CUST0528,Customer_528,01/12/2025,Sports,Cricket Bat,2.0,4085.85,0.0,COD,Mobile App,Surat,gujarat,22-01-2025,Refunded,Damaged in transit,6661.52,25-01-2025,2.0
ORD101869,CUST0056,Customer_56,10-02-2025,Fashion ,Men Tshirt,2.0,659.9,0.0,upi,WEB,Patna,Bihar,20 Feb 2025,Delivered,,,,
ORD101788,CUST0365,Customer_365,11 Mar 2025,SPORTS,Skipping Rope,2.0,5895.73,0.0,COD,app,Hyderabad,Telangana,,Delivered,,,,
ORD100729,CUST0124,Customer_124,2025-05-23,Electronics,Smartwatch,1.0,4038.15,25.0,UPI,Mobile App,Bhopal,Madhya Pradesh,05/25/2025,Refunded,Size Issue,3005.26,,
ORD101622,CUST0582,Customer_582,28-03-2025,SPORTS,Yoga Mat,-1.0,"3,809.01",25.0,Cash on Delivery,Mobile App,Chennai,Tamil Nadu,30/03/25,RTO,quality issue,2759.42,07-04-2025,
ORD102018,CUST0562,Customer_562,03/01/25,Electronics ,Bluetooth Speaker,-1.0,3050.52,20.0,COD,Web,Chandigarh,Punjab,05-01-2025,cancelled ,,,,1.0
ORD101308,CUST0180,Customer_180,03/13/2025, Sports,Cricket Bat,0.0,"1,116.33",15.0,Credit Card,WEB,Surat,gujarat,17 Mar 2025,RTO,Product Damaged,979.12,23-03-2025,4.0
ORD102197,CUST0181,Customer_181,21/05/25,Home & Kitchen ,Mixer Grinder,-1.0,3738.98,10.0,upi,Mobile App,Mumbai,Maharashtra,,In Transit,,,,
ORD100672,CUST0290,Customer_290,22 Jan 2025, Home & Kitchen,Non-stick Pan,2.0,1863.81,30.0,Net Banking,WEB,Patna,Bihar,30/01/25,Delivered,,,,5.0
ORD101673,CUST0163,Customer_163,2025-03-04,FASHION,Men Tshirt,-1.0,2379.42,10.0,UPI,WEB,Chennai,Tamil Nadu,10-03-2025,cancelled ,,,,2.0
ORD101200,CUST0270,Customer_270,14-01-2025,electronics,Bluetooth Speaker,2.0,762.32,50.0,Credit Card,WEB,Pune,Maharashtra,2025-01-18,DELIVERED ,,,,
ORD100182,CUST0341,Customer_341,10 Feb 2025,Fashion,Jeans,1.0,2794.51,-5.0,COD,WEB,Indore,MP,13 Feb 2025,delivered,,,,1.0
ORD100294,CUST0508,Customer_508,2025-01-14,BEAUTY,Perfume,0.0,4397.09,25.0,Debit Card,WEB,Patna,Bihar,15 Jan 2025,delivered,,,,4.0
ORD100202,CUST0006,Customer_6,2025-06-19,HOME & KITCHEN,Bedsheet,1.0,"1,049.16",-5.0,Net Banking,Web,Jaipur,Rajasthan,29-06-2025,Refunded,Product Damaged,981.89,,
ORD102564,CUST0065,Customer_65,2025-02-06,Beauty,Hair Oil,0.0,1540.05,30.0,Debit Card,WEB,Nagpur,Maharashtra,2025-02-17,RTO,Not as described,1179.81,26 Feb 2025,2.0
ORD100127,CUST0171,Customer_171,03-01-2025,Sports ,Yoga Mat,-1.0,5805.85,5.0,Net Banking,Mobile App,Kochi,Kerala,07/01/25,returned,Damaged in transit,4745.35,17/01/25,3.0
ORD100532,CUST0006,Customer_6,20/06/25,Beauty,Hair Oil,1.0,1620.89,120.0,COD,Mobile App,Hyderabad,Telangana,06/22/2025,DELIVERED ,,,,5.0
ORD101432,CUST0177,Customer_177,01/14/2025, Fashion,Men Tshirt,1.0,1831.4,15.0,Debit Card,WEB,Kolkata,West Bengal,01/24/2025,Returned,Size Issue,1729.43,31/01/25,5.0
ORD100200,CUST0244,Customer_244,22-05-2025,Sports,Cricket Bat,-1.0,2417.19,25.0,Cash on Delivery,Web,Surat,gujarat,03/06/25,Delivered,,,,
ORD101498,CUST0173,Customer_173,2025-02-18,ELECTRONICS,Power Bank,-1.0,₹2462.33,10.0,Credit Card,Mobile App,Mumbai,Maharashtra,,In Transit,,,,
ORD101772,CUST0578,Customer_578,03/17/2025,FASHION,Sneakers,3.0,4060.31,50.0,Credit Card,app,Hyderabad,Telangana,28-03-2025,delivered,,,,4.0
ORD100693,CUST0087,Customer_87,2025-02-15,Home & Kitchen,Storage Box,1.0,4892.92,5.0,Cash on Delivery,App,Nagpur,Maharashtra,02/18/2025,delivered,Size Issue,,,
ORD100935,CUST0343,Customer_343,01/06/25,Sports ,Skipping Rope,0.0,2041.17,10.0,Cash on Delivery,Web,Chennai,Tamil Nadu,06-06-2025,cancelled ,,,,3.0
ORD100687,CUST0321,Customer_321,30 May 2025,HOME & KITCHEN,Non-stick Pan,2.0,1949.24,25.0,UPI,Mobile App,Ahmedabad,Gujarat,2025-06-05,Refunded,Product Damaged,2906.73,14/06/25,
ORD100818,CUST0339,Customer_339,02/14/2025,sports,Yoga Mat,1.0,4667.95,15.0,Cash on Delivery,Web,Ahmedabad,Gujarat,02/17/2025,delivered,,,,
ORD100217,CUST0530,Customer_530,25 Feb 2025,Beauty ,Sunscreen,1.0,5289.28,5.0,Cash on Delivery,WEB,Chennai,Tamil Nadu,03/05/2025,RTO,Not as described,,08/03/25,5.0
ORD101278,CUST0110,Customer_110,26/05/25, Home & Kitchen,Storage Box,-1.0,5888.57,5.0,Credit Card,Web,Chandigarh,Punjab,02/06/25,Refunded,Product Damaged,4963.75,,
ORD100153,CUST0279,Customer_279,26 Apr 2025,FASHION,Men Tshirt,1.0,4712.63,10.0,COD,app,Hyderabad,Telangana,2025-05-03,Cancelled,,,,2.0
ORD102303,CUST0462,Customer_462,18/05/25, Home & Kitchen,LED Bulb,2.0,231.95,0.0,Debit Card,App,Indore,MP,21-05-2025,DELIVERED ,,,,
ORD101969,CUST0032,Customer_32,30/04/25,FASHION,Women Kurti,1.0,4987.85,30.0,COD,WEB,Kolkata,West Bengal,07 May 2025,Delivered,,,,3.0
ORD100966,CUST0322,Customer_322,05-04-2025,Home & Kitchen,Bedsheet,3.0,2012.76,5.0,Debit Card,WEB,Jaipur,Rajasthan,17-04-2025,cancelled ,,,,2.0
ORD100479,CUST0226,Customer_226,07 Feb 2025,HOME & KITCHEN,LED Bulb,-1.0,1060.5,25.0,Credit Card,Mobile App,Bangalore,Karnataka,02/15/2025,delivered,,,,3.0
ORD101283,CUST0569,Customer_569,2025-05-09, Fashion,Sneakers,0.0,2816.9,5.0,COD,Web,Chandigarh,Punjab,15 May 2025,DELIVERED ,Not as described,,,1.0
ORD101605,CUST0561,Customer_561,25-06-2025, Electronics,Bluetooth Speaker,2.0,2723.35,25.0,UPI,WEB,Kochi,Kerala,02 Jul 2025,Refunded,Wrong Item Delivered,4966.33,05-07-2025,
ORD101667,CUST0541,Customer_541,15-04-2025,sports,Dumbbells,1.0,5683.15,10.0,Cash on Delivery,Mobile App,Indore,MP,,DELIVERED ,,,,
ORD102713,CUST0090,Customer_90,17/06/25,sports,Dumbbells,1.0,2773.38,10.0,Credit Card,Web,Lucknow,Uttar Pradesh,,In Transit,,,,
ORD101151,CUST0553,Customer_553,03/03/25,Electronics ,Smartwatch,-1.0,2452.89,0.0,upi,WEB,Mumbai,Maharashtra,2025-03-12,Cancelled,,,,1.0
ORD100813,CUST0244,Customer_244,01/30/2025, Beauty,Perfume,-1.0,5802.78,5.0,Net Banking,Web,Pune,Maharashtra,01/31/2025,cancelled ,,,,
ORD102593,CUST0250,Customer_250,16 Mar 2025,BEAUTY,Lipstick,1.0,1346.66,5.0,Credit Card,App,Indore,MP,25 Mar 2025,delivered,,,,
ORD101555,CUST0546,Customer_546,07/06/25,Home & Kitchen,Bedsheet,3.0,1051.58,10.0,Credit Card,Web,Bangalore,Karnataka,,In Transit,,,,4.0
ORD100251,CUST0547,Customer_547,12 Jun 2025,sports,Football,3.0,3367.98,30.0,COD,Mobile App,Hyderabad,Telangana,22/06/25,Cancelled,,,,5.0
ORD100844,CUST0430,Customer_430,2025-06-08,Beauty,Sunscreen,2.0,4823.0,0.0,Cash on Delivery,App,Ahmedabad,Gujarat,20-06-2025,DELIVERED ,,,,
ORD102289,CUST0104,Customer_104,03/27/2025,HOME & KITCHEN,Bedsheet,3.0,5267.97,-5.0,Debit Card,WEB,Bangalore,Karnataka,2025-04-01,Refunded,Changed Mind,13615.24,09 Apr 2025,4.0
ORD101265,CUST0390,Customer_390,18/06/25,SPORTS,Dumbbells,0.0,4566.55,50.0,Debit Card,Web,Nagpur,Maharashtra,2025-06-29,Returned,Late Delivery,,,5.0
ORD101009,CUST0352,Customer_352,03/18/2025,Home & Kitchen ,Non-stick Pan,2.0,"4,076.30",50.0,upi,WEB,Kolkata,West Bengal,,RTO,Product Damaged,6714.5,02-04-2025,
ORD100328,CUST0030,Customer_30,08 Mar 2025, Electronics,Bluetooth Speaker,1.0,3653.51,30.0,Cash on Delivery,app,Mumbai,Maharashtra,14/03/25,delivered,,,,1.0
ORD100968,CUST0099,Customer_99,08 Jun 2025,FASHION,Men Tshirt,2.0,578.76,30.0,UPI,Mobile App,Indore,MP,17 Jun 2025,Refunded,Late Delivery,836.03,06/25/2025,2.0
ORD100950,CUST0036,Customer_36,2025-03-10,Fashion,Men Tshirt,3.0,5112.79,25.0,COD,app,Kolkata,West Bengal,22/03/25,Refunded,,13437.15,2025-03-27,4.0
ORD102224,CUST0271,Customer_271,25 Mar 2025,Fashion,Sneakers,2.0,"4,106.88",0.0,UPI,Web,Kolkata,West Bengal,31-03-2025,cancelled ,,,,1.0
ORD100973,CUST0251,Customer_251,25 May 2025,HOME & KITCHEN,LED Bulb,0.0,1315.2,20.0,UPI,Mobile App,Nagpur,Maharashtra,28 May 2025,RTO,Duplicate Order,1145.27,06/03/2025,1.0
ORD100188,CUST0588,Customer_588,2025-04-27,Beauty,Lipstick,1.0,4382.85,15.0,Cash on Delivery,App,Bangalore,Karnataka,,returned,Wrong Item Delivered,3957.84,07-05-2025,1.0
ORD100247,CUST0329,Customer_329,2025-03-14, Electronics,Mobile Cover,2.0,3215.81,-5.0,upi,App,Chandigarh,Punjab,25-03-2025,cancelled ,,,,3.0
ORD101947,CUST0361,Customer_361,27 Jan 2025,Fashion,Sneakers,0.0,796.42,50.0,COD,app,Mumbai,Maharashtra,2025-01-31,cancelled ,,,,
ORD102395,CUST0451,Customer_451,02 Apr 2025,Electronics,Power Bank,-1.0,5076.3,-5.0,upi,Web,Lucknow,Uttar Pradesh,05/04/25,RTO,Damaged in transit,5071.1,06-04-2025,4.0
ORD101527,CUST0421,Customer_421,06/19/2025,Electronics ,Headphones,1.0,4211.54,30.0,Credit Card,App,Bangalore,Karnataka,,cancelled ,,,,
ORD101943,CUST0153,Customer_153,05/05/2025,Fashion,Men Tshirt,-1.0,1977.24,-5.0,upi,Mobile App,Bangalore,Karnataka,05/12/2025,RTO,Late Delivery,1579.93,15 May 2025,4.0
ORD102222,CUST0018,Customer_18,2025-05-05, Home & Kitchen,Mixer Grinder,1.0,₹3535.04,25.0,Cash on Delivery,WEB,Mumbai,Maharashtra,2025-05-11,returned,Not as described,3529.07,15/05/25,
ORD101327,CUST0107,Customer_107,21/01/25, Fashion,Women Kurti,1.0,3245.15,-5.0,COD,Mobile App,Lucknow,Uttar Pradesh,2025-02-01,returned,Changed Mind,,07 Feb 2025,2.0
ORD100284,CUST0310,Customer_310,09-04-2025, Sports,Football,-1.0,1545.67,50.0,Cash on Delivery,WEB,Bhopal,Madhya Pradesh,13/04/25,Cancelled,,,,
ORD102213,CUST0481,Customer_481,2025-04-05, Electronics,Mobile Cover,2.0,2122.13,-5.0,upi,Mobile App,Bengaluru,Karnataka,14-04-2025,Delivered,,,,
ORD101940,CUST0149,Customer_149,01/31/2025, Beauty,Hair Oil,1.0,3362.92,-5.0,Debit Card,Web,Chandigarh,Punjab,09/02/25,Refunded,Wrong Item Delivered,3033.79,,
ORD102201,CUST0286,Customer_286,10 Feb 2025,Beauty ,Lipstick,1.0,4323.39,5.0,UPI,Web,Indore,MP,2025-02-20,Cancelled,,,,4.0
ORD101506,CUST0115,Customer_115,23 May 2025,BEAUTY,Perfume,1.0,2618.86,30.0,Debit Card,app,Kolkata,West Bengal,24-05-2025,returned,Wrong Item Delivered,,,2.0
ORD100904,CUST0260,Customer_260,03/06/2025,Beauty,Lipstick,1.0,5191.81,30.0,Net Banking,WEB,Chennai,Tamil Nadu,09/03/25,returned,Product Damaged,4005.38,12-03-2025,
ORD101346,CUST0450,Customer_450,2025-04-17,Beauty,Hair Oil,1.0,4059.6,25.0,Debit Card,WEB,Delhi,Delhi,2025-04-27,Delivered,,,,2.0
ORD101270,CUST0506,Customer_506,2025-02-05,Beauty,Sunscreen,2.0,5477.64,50.0,UPI,Web,Surat,gujarat,14-02-2025,delivered,,,,3.0
ORD102293,CUST0028,Customer_28,12/03/25,Sports,Skipping Rope,3.0,5658.63,15.0,UPI,Mobile App,Chandigarh,Punjab,19 Mar 2025,Returned,Changed Mind,15086.45,2025-03-23,
ORD100976,CUST0292,Customer_292,02/13/2025,fashion,Handbag,-1.0,1693.2,120.0,Credit Card,Mobile App,Bhopal,Madhya Pradesh,14/02/25,Returned,,1660.27,23/02/25,5.0
ORD101890,CUST0203,Customer_203,17 Apr 2025,ELECTRONICS,Smartwatch,2.0,4476.89,25.0,UPI,app,Chennai,Tamil Nadu,27-04-2025,delivered,,,,
ORD101646,CUST0450,Customer_450,25 Feb 2025, Electronics,Bluetooth Speaker,2.0,4161.71,120.0,upi,WEB,Patna,Bihar,,In Transit,,,,
ORD101680,CUST0521,Customer_521,25 Apr 2025,Sports,Yoga Mat,1.0,4034.68,20.0,Debit Card,app,Bangalore,Karnataka,03/05/25,Refunded,,,05/11/2025,5.0
ORD102077,CUST0270,Customer_270,2025-04-05,Home & Kitchen,Non-stick Pan,3.0,1672.75,5.0,Net Banking,Web,Mumbai,Maharashtra,2025-04-13,cancelled ,,,,
ORD100123,CUST0508,Customer_508,08 Jun 2025,SPORTS,Skipping Rope,0.0,775.79,25.0,Debit Card,app,Bengaluru,Karnataka,16/06/25,Cancelled,,,,4.0
ORD101073,CUST0122,Customer_122,14/06/25,beauty,Face Wash,-1.0,174.52,5.0,UPI,Web,Bangalore,Karnataka,06/15/2025,cancelled ,,,,
ORD101535,CUST0264,Customer_264,19-04-2025,Electronics,Power Bank,1.0,"2,148.36",120.0,Net Banking,App,Kochi,Kerala,26 Apr 2025,Cancelled,,,,2.0
ORD101305,CUST0225,Customer_225,19 Jun 2025,Home & Kitchen,LED Bulb,2.0,2377.78,120.0,Credit Card,app,Chandigarh,Punjab,2025-06-28,Cancelled,,,,4.0
ORD102426,CUST0217,Customer_217,29 Jun 2025, Home & Kitchen,Mixer Grinder,-1.0,4749.63,10.0,UPI,App,Chandigarh,Punjab,03 Jul 2025,cancelled ,,,,2.0
ORD100418,CUST0401,Customer_401,01/24/2025, Electronics,Mobile Cover,2.0,2927.45,20.0,UPI,Web,Patna,Bihar,04-02-2025,delivered,,,,
ORD102390,CUST0064,Customer_64,2025-01-17,Home & Kitchen ,Non-stick Pan,3.0,5442.5,50.0,Credit Card,App,Kolkata,West Bengal,,In Transit,,,,
ORD100870,CUST0253,Customer_253,03/04/25,ELECTRONICS,Power Bank,3.0,₹616.29,20.0,UPI,Web,Bangalore,Karnataka,11 Apr 2025,returned,Size Issue,,17/04/25,
ORD101031,CUST0550,Customer_550,2025-03-12,Electronics ,Headphones,2.0,3717.06,5.0,Cash on Delivery,App,Bangalore,Karnataka,13-03-2025,RTO,Changed Mind,5308.69,22 Mar 2025,
ORD102000,CUST0520,Customer_520,21/01/25, Home & Kitchen,Storage Box,0.0,"2,309.77",-5.0,Net Banking,Mobile App,Patna,Bihar,2025-01-30,RTO,Damaged in transit,,,1.0
ORD102091,CUST0347,Customer_347,03 Jan 2025,Home & Kitchen,Non-stick Pan,3.0,304.35,15.0,Net Banking,Web,Bengaluru,Karnataka,11 Jan 2025,DELIVERED ,,,,
ORD100757,CUST0423,Customer_423,22-03-2025,Beauty ,Perfume,3.0,1899.64,5.0,COD,App,Bhopal,Madhya Pradesh,03/29/2025,cancelled ,,,,
ORD101702,CUST0471,Customer_471,06/06/2025, Electronics,Bluetooth Speaker,2.0,5803.6,5.0,COD,WEB,Bangalore,Karnataka,11-06-2025,Refunded,quality issue,11105.4,,4.0
ORD101543,CUST0036,Customer_36,2025-04-24,SPORTS,Yoga Mat,3.0,3094.4,25.0,COD,Web,Kochi,Kerala,,returned,Product Damaged,8628.32,08/05/25,2.0
ORD101157,CUST0142,Customer_142,01/02/2025,Beauty ,Face Wash,2.0,246.2,50.0,COD,Web,Pune,Maharashtra,2025-01-11,cancelled ,,,,
ORD101109,CUST0329,Customer_329,10 Mar 2025,BEAUTY,Perfume,-1.0,₹4762.94,120.0,Debit Card,Web,Lucknow,Uttar Pradesh,03/13/2025,Refunded,,3789.7,23 Mar 2025,3.0
ORD100068,CUST0461,Customer_461,22/01/25,sports,Dumbbells,0.0,3083.0,25.0,Net Banking,Mobile App,Surat,gujarat,23 Jan 2025,DELIVERED ,,,,
ORD102267,CUST0447,Customer_447,14/02/25,Home & Kitchen,LED Bulb,1.0,5255.23,-5.0,Credit Card,app,Jaipur,Rajasthan,02/16/2025,RTO,Duplicate Order,3962.71,02/23/2025,
ORD100333,CUST0045,Customer_45,2025-02-17,Electronics,Bluetooth Speaker,1.0,4726.87,15.0,Debit Card,Web,Lucknow,Uttar Pradesh,2025-02-19,Delivered,,,,4.0
ORD101593,CUST0099,Customer_99,30-04-2025,Electronics ,Bluetooth Speaker,1.0,"5,318.66",120.0,COD,Mobile App,Mumbai,Maharashtra,,In Transit,,,,
ORD100337,CUST0405,Customer_405,14-04-2025,Beauty,Sunscreen,1.0,528.56,-5.0,Cash on Delivery,WEB,Kolkata,West Bengal,2025-04-21,Returned,Quality Not as Expected,465.63,29/04/25,5.0
ORD100913,CUST0390,Customer_390,19 Jan 2025,Electronics,Bluetooth Speaker,1.0,4602.16,10.0,COD,WEB,Surat,gujarat,25-01-2025,Cancelled,,,,2.0
ORD101576,CUST0211,Customer_211,02 Jun 2025, Electronics,Power Bank,0.0,282.85,30.0,Credit Card,WEB,Chennai,Tamil Nadu,06/13/2025,cancelled ,,,,
ORD101537,CUST0570,Customer_570,25 Jun 2025,Home & Kitchen,Storage Box,0.0,166.16,120.0,COD,App,Patna,Bihar,27-06-2025,Refunded,,139.81,07/02/2025,4.0
ORD102067,CUST0255,Customer_255,06/08/2025,Beauty ,Face Wash,3.0,3436.86,50.0,Cash on Delivery,Mobile App,Bhopal,Madhya Pradesh,12-06-2025,delivered,,,,
ORD100473,CUST0244,Customer_244,31-01-2025,Home & Kitchen ,Non-stick Pan,-1.0,660.3,-5.0,UPI,App,Surat,gujarat,02/11/2025,RTO,Late Delivery,521.93,15/02/25,3.0
ORD100902,CUST0286,Customer_286,03-04-2025,home & kitchen,LED Bulb,2.0,1682.04,120.0,UPI,App,Kochi,Kerala,13 Apr 2025,Refunded,Duplicate Order,3117.48,04/19/2025,2.0
ORD101407,CUST0291,Customer_291,05-01-2025,Home & Kitchen,Bedsheet,1.0,2849.65,5.0,Cash on Delivery,App,Pune,Maharashtra,11-01-2025,Refunded,Changed Mind,2798.46,16/01/25,1.0
ORD100866,CUST0571,Customer_571,21 Apr 2025,Beauty,Hair Oil,1.0,3654.54,5.0,Cash on Delivery,app,Bengaluru,Karnataka,04/22/2025,RTO,Late Delivery,3546.13,04/27/2025,1.0
ORD101536,CUST0412,Customer_412,02/01/2025, Beauty,Hair Oil,3.0,3870.47,15.0,Debit Card,app,Chennai,Tamil Nadu,2025-02-04,returned,size issue,10886.17,,2.0
ORD100885,CUST0255,Customer_255,2025-01-01,HOME & KITCHEN,Storage Box,2.0,4331.2,30.0,Debit Card,Mobile App,Kolkata,West Bengal,,DELIVERED ,,,,
ORD100478,CUST0302,Customer_302,18/05/25,Home & Kitchen,Mixer Grinder,3.0,1432.79,0.0,Cash on Delivery,Mobile App,Kolkata,West Bengal,30 May 2025,delivered,,,,
ORD101330,CUST0223,Customer_223,04/19/2025,Home & Kitchen,Bedsheet,2.0,1888.15,50.0,Cash on Delivery,WEB,Nagpur,Maharashtra,20-04-2025,Returned,quality issue,3418.53,,2.0
ORD101567,CUST0077,Customer_77,2025-05-06,Beauty,Hair Oil,1.0,3720.01,25.0,Cash on Delivery,Web,Pune,Maharashtra,05/12/2025,returned,Changed Mind,3457.79,05/20/2025,1.0
ORD101343,CUST0111,Customer_111,11-05-2025,BEAUTY,Perfume,3.0,3957.48,30.0,Credit Card,WEB,Patna,Bihar,15/05/25,delivered,,,,
ORD102066,CUST0175,Customer_175,05/03/25,FASHION,Women Kurti,1.0,"1,484.66",50.0,Cash on Delivery,Mobile App,Pune,Maharashtra,17 Mar 2025,Cancelled,,,,2.0
ORD102664,CUST0016,Customer_16,09-06-2025,SPORTS,Football,3.0,5220.69,25.0,UPI,WEB,Chennai,Tamil Nadu,06/17/2025,delivered,,,,
ORD101341,CUST0109,Customer_109,2025-03-08, Fashion,Women Kurti,1.0,860.86,-5.0,Debit Card,Web,Kolkata,West Bengal,10/03/25,returned,size issue,658.81,,4.0
ORD102521,CUST0190,Customer_190,07/01/25,home & kitchen,Non-stick Pan,2.0,4993.54,0.0,UPI,WEB,Chennai,Tamil Nadu,18 Jan 2025,delivered,,,,3.0
ORD100133,CUST0576,Customer_576,25-05-2025, Sports,Football,0.0,2581.44,5.0,Net Banking,app,Chennai,Tamil Nadu,,Returned,Product Damaged,2245.07,07/06/25,2.0
ORD102668,CUST0212,Customer_212,08 Apr 2025,Home & Kitchen,Storage Box,2.0,595.03,15.0,upi,Web,Bhopal,Madhya Pradesh,2025-04-10,Refunded,Quality Not as Expected,,04/16/2025,3.0
ORD102164,CUST0557,Customer_557,05/27/2025,beauty,Face Wash,3.0,4447.26,50.0,Debit Card,WEB,Patna,Bihar,2025-06-07,delivered,,,,
ORD100982,CUST0391,Customer_391,17 Jan 2025,SPORTS,Yoga Mat,1.0,3932.8,20.0,Cash on Delivery,app,Hyderabad,Telangana,2025-01-21,returned,Size Issue,3386.02,27-01-2025,3.0
ORD101234,CUST0166,Customer_166,09-01-2025,Electronics ,Smartwatch,-1.0,5141.31,120.0,Credit Card,App,Ahmedabad,Gujarat,,RTO,,4373.11,2025-01-25,5.0
ORD102181,CUST0101,Customer_101,30-06-2025,Sports ,Dumbbells,2.0,5460.54,5.0,UPI,Mobile App,Pune,Maharashtra,11/07/25,RTO,Late Delivery,9040.31,18/07/25,2.0
ORD101629,CUST0105,Customer_105,01-04-2025,Home & Kitchen ,Mixer Grinder,2.0,1748.07,-5.0,UPI,WEB,Chandigarh,Punjab,2025-04-02,cancelled ,,,,
ORD102165,CUST0098,Customer_98,13 Feb 2025,beauty,Perfume,1.0,983.61,0.0,Cash on Delivery,Mobile App,Lucknow,Uttar Pradesh,,In Transit,,,,
ORD101757,CUST0345,Customer_345,01 Jun 2025,fashion,Jeans,2.0,5631.27,120.0,Net Banking,Mobile App,Chandigarh,Punjab,09/06/25,Refunded,Product Damaged,10916.18,,2.0
ORD102453,CUST0222,Customer_222,25 Jun 2025, Beauty,Hair Oil,1.0,3068.1,10.0,Debit Card,Web,Jaipur,Rajasthan,,In Transit,,,,
ORD101150,CUST0052,Customer_52,21-03-2025,Home & Kitchen ,Mixer Grinder,2.0,5369.73,25.0,Net Banking,Mobile App,Chennai,Tamil Nadu,,In Transit,,,,2.0
ORD101898,CUST0501,Customer_501,2025-04-11,beauty,Face Wash,2.0,2437.9,5.0,COD,Mobile App,Kolkata,West Bengal,2025-04-12,RTO,Duplicate Order,4504.65,2025-04-13,
ORD102423,CUST0322,Customer_322,01/29/2025,electronics,Smartwatch,1.0,341.6,120.0,upi,app,Bengaluru,Karnataka,03 Feb 2025,delivered,,,,4.0
ORD100257,CUST0586,Customer_586,23-01-2025,Fashion ,Handbag,2.0,1567.54,-5.0,Debit Card,Mobile App,Jaipur,Rajasthan,01/30/2025,cancelled ,,,,5.0
ORD100551,CUST0290,Customer_290,18-06-2025,electronics,Bluetooth Speaker,2.0,5988.82,5.0,upi,app,Patna,Bihar,06/23/2025,delivered,,,,4.0
ORD100634,CUST0342,Customer_342,13/01/25,fashion,Jeans,1.0,970.58,50.0,UPI,Mobile App,Bhopal,Madhya Pradesh,22/01/25,Delivered,,,,
ORD100899,CUST0293,Customer_293,2025-03-04, Sports,Skipping Rope,1.0,2786.89,15.0,Net Banking,WEB,Kochi,Kerala,03/12/2025,DELIVERED ,,,,2.0
ORD100290,CUST0582,Customer_582,13 Mar 2025,Beauty,Hair Oil,0.0,5776.17,120.0,Credit Card,WEB,Nagpur,Maharashtra,,In Transit,,,,2.0
ORD102310,CUST0446,Customer_446,01/05/2025,Electronics,Mobile Cover,3.0,2028.9,15.0,Cash on Delivery,Mobile App,Pune,Maharashtra,12/01/25,RTO,Wrong Item Delivered,,01/18/2025,1.0
ORD100778,CUST0566,Customer_566,10-03-2025, Home & Kitchen,Mixer Grinder,1.0,1974.57,25.0,UPI,WEB,Mumbai,Maharashtra,12/03/25,DELIVERED ,,,,
ORD102491,CUST0334,Customer_334,23 Feb 2025,Sports ,Yoga Mat,2.0,5267.64,25.0,Debit Card,WEB,Bangalore,Karnataka,27/02/25,cancelled ,,,,
ORD100054,CUST0052,Customer_52,2025-03-01,HOME & KITCHEN,Non-stick Pan,2.0,551.37,15.0,Credit Card,Mobile App,Bengaluru,Karnataka,,DELIVERED ,,,,3.0
ORD102225,CUST0460,Customer_460,22 Jan 2025,BEAUTY,Sunscreen,1.0,5703.55,120.0,COD,App,Delhi,Delhi,28-01-2025,Delivered,,,,5.0
ORD102079,CUST0317,Customer_317,2025-04-16,Sports,Cricket Bat,1.0,229.28,20.0,Cash on Delivery,Web,Chandigarh,Punjab,21 Apr 2025,Cancelled,,,,
ORD100558,CUST0151,Customer_151,2025-05-29,SPORTS,Yoga Mat,1.0,3979.41,50.0,Debit Card,App,Kolkata,West Bengal,07-06-2025,Delivered,,,,
ORD100041,CUST0527,Customer_527,10 Jun 2025, Electronics,Mobile Cover,-1.0,467.09,50.0,COD,WEB,Ahmedabad,Gujarat,06/14/2025,Delivered,,,,4.0
ORD102104,CUST0489,Customer_489,03 Apr 2025,Electronics,Headphones,0.0,1760.11,50.0,UPI,WEB,Bangalore,Karnataka,11-04-2025,Delivered,,,,4.0
ORD101173,CUST0277,Customer_277,26-05-2025, Electronics,Power Bank,3.0,3112.09,25.0,Credit Card,WEB,Pune,Maharashtra,,cancelled ,,,,
ORD100262,CUST0397,Customer_397,08/04/25,electronics,Mobile Cover,2.0,1037.49,5.0,Net Banking,Web,Chennai,Tamil Nadu,19 Apr 2025,RTO,quality issue,2018.79,04/28/2025,4.0
ORD102037,CUST0292,Customer_292,16/05/25,Beauty ,Hair Oil,3.0,5372.95,120.0,Net Banking,App,Chennai,Tamil Nadu,18 May 2025,DELIVERED ,,,,3.0
ORD102772,CUST0144,Customer_144,05/12/2025,Sports,Dumbbells,1.0,2651.51,5.0,COD,Mobile App,Bhopal,Madhya Pradesh,15-05-2025,RTO,size issue,2174.22,25 May 2025,1.0
ORD100084,CUST0503,Customer_503,2025-06-24,FASHION,Men Tshirt,1.0,2794.45,5.0,Debit Card,Web,Ahmedabad,Gujarat,06/07/25,Cancelled,,,,3.0
ORD102312,CUST0046,Customer_46,19-05-2025, Sports,Dumbbells,1.0,3382.87,25.0,Net Banking,App,Pune,Maharashtra,30-05-2025,Refunded,Quality Not as Expected,2388.98,2025-06-07,4.0
ORD102332,CUST0578,Customer_578,03 Apr 2025,Beauty ,Hair Oil,-1.0,₹3542.11,25.0,Net Banking,Web,Surat,gujarat,07-04-2025,Returned,quality issue,2480.51,2025-04-08,5.0
ORD101084,CUST0382,Customer_382,21/06/25,Sports ,Football,1.0,2146.99,0.0,Credit Card,app,Mumbai,Maharashtra,24 Jun 2025,Refunded,,1991.36,2025-06-30,
ORD102684,CUST0275,Customer_275,22 Jan 2025,ELECTRONICS,Bluetooth Speaker,3.0,5597.03,25.0,COD,app,Delhi,Delhi,28-01-2025,Returned,,15353.23,2025-02-06,
ORD102622,CUST0011,Customer_11,21-04-2025,ELECTRONICS,Smartwatch,3.0,457.92,30.0,Cash on Delivery,Mobile App,Mumbai,Maharashtra,22/04/25,Cancelled,,,,
ORD100031,CUST0013,Customer_13,04/22/2025,Beauty,Perfume,-1.0,5770.61,10.0,Cash on Delivery,WEB,Kochi,Kerala,,In Transit,,,,5.0
ORD101538,CUST0435,Customer_435,16-04-2025,sports,Skipping Rope,0.0,3643.05,20.0,Cash on Delivery,Mobile App,Pune,Maharashtra,22-04-2025,Delivered,,,,1.0
ORD102040,CUST0359,Customer_359,03-04-2025,Home & Kitchen,LED Bulb,2.0,5014.74,50.0,Net Banking,Mobile App,Pune,Maharashtra,15 Apr 2025,Delivered,,,,4.0
ORD100899,CUST0293,Customer_293,2025-03-04, Sports,Skipping Rope,1.0,2786.89,15.0,Net Banking,WEB,Kochi,Kerala,03/12/2025,DELIVERED ,,,,2.0
ORD102640,CUST0283,Customer_283,2025-03-08,Home & Kitchen,LED Bulb,2.0,₹278.1,0.0,UPI,Mobile App,Chandigarh,Punjab,19-03-2025,delivered,,,,4.0
ORD100209,CUST0165,Customer_165,21 May 2025,Fashion ,Women Kurti,2.0,1286.81,0.0,Debit Card,App,Nagpur,Maharashtra,,In Transit,,,,
ORD102563,CUST0188,Customer_188,2025-02-14,HOME & KITCHEN,Bedsheet,0.0,5079.62,5.0,UPI,Web,Pune,Maharashtra,19 Feb 2025,DELIVERED ,,,,2.0
ORD101607,CUST0586,Customer_586,02/25/2025,Electronics ,Smartwatch,0.0,3739.61,120.0,UPI,Mobile App,Bangalore,Karnataka,03/09/2025,delivered,,,,
ORD101021,CUST0104,Customer_104,28-03-2025,Beauty ,Face Wash,3.0,3012.13,0.0,Net Banking,App,Ahmedabad,Gujarat,,In Transit,,,,
ORD102562,CUST0355,Customer_355,02/15/2025,Beauty ,Sunscreen,-1.0,2398.37,-5.0,UPI,Web,Mumbai,Maharashtra,02/25/2025,Returned,Duplicate Order,1931.59,,
ORD101404,CUST0500,Customer_500,02/08/2025, Home & Kitchen,Mixer Grinder,3.0,5271.89,25.0,Net Banking,App,Lucknow,Uttar Pradesh,2025-02-17,DELIVERED ,,,,
ORD102669,CUST0528,Customer_528,17/02/25,FASHION,Women Kurti,3.0,4168.6,25.0,Debit Card,WEB,Bhopal,Madhya Pradesh,2025-02-27,Refunded,Changed Mind,9654.11,03/05/2025,2.0
ORD101207,CUST0396,Customer_396,06/01/2025,electronics,Mobile Cover,2.0,4209.87,10.0,Credit Card,App,Chennai,Tamil Nadu,,In Transit,,,,
ORD100587,CUST0287,Customer_287,26/03/25,Fashion ,Jeans,1.0,891.22,30.0,Credit Card,Web,Patna,Bihar,05/04/25,RTO,Size Issue,888.3,,3.0
ORD100049,CUST0294,Customer_294,10-06-2025,fashion,Handbag,2.0,3874.21,10.0,upi,Web,Lucknow,Uttar Pradesh,15-06-2025,Delivered,,,,5.0
ORD100210,CUST0339,Customer_339,2025-04-26,HOME & KITCHEN,Non-stick Pan,1.0,1818.05,50.0,Net Banking,Mobile App,Bengaluru,Karnataka,07/05/25,RTO,Quality Not as Expected,1795.5,,
ORD102146,CUST0208,Customer_208,16/06/25,Sports ,Skipping Rope,-1.0,956.29,30.0,UPI,Web,Nagpur,Maharashtra,19 Jun 2025,cancelled ,,,,
ORD101492,CUST0269,Customer_269,23 Mar 2025, Sports,Yoga Mat,0.0,5699.82,25.0,Net Banking,Web,Chandigarh,Punjab,02-04-2025,delivered,,,,1.0
ORD100894,CUST0463,Customer_463,08-01-2025, Beauty,Perfume,2.0,2497.23,30.0,Debit Card,Mobile App,Nagpur,Maharashtra,11-01-2025,delivered,,,,5.0
ORD100154,CUST0093,Customer_93,02 Apr 2025,Fashion ,Jeans,1.0,1407.87,15.0,Cash on Delivery,Web,Kolkata,West Bengal,,In Transit,,,,
ORD102220,CUST0257,Customer_257,2025-04-15,FASHION,Handbag,3.0,4148.35,120.0,UPI,app,Chandigarh,Punjab,17-04-2025,RTO,Product Damaged,9477.49,2025-04-18,4.0
ORD101591,CUST0346,Customer_346,19/03/25,Beauty,Perfume,2.0,389.58,-5.0,upi,Web,Bangalore,Karnataka,2025-03-21,returned,Quality Not as Expected,726.3,03/30/2025,4.0
ORD100395,CUST0443,Customer_443,03/11/2025,Fashion ,Handbag,3.0,5321.0,50.0,UPI,Web,Jaipur,Rajasthan,17/03/25,Cancelled,,,,1.0
ORD101148,CUST0079,Customer_79,23 Jan 2025, Sports,Yoga Mat,1.0,5868.12,25.0,UPI,app,Lucknow,Uttar Pradesh,03/02/25,Returned,Quality Not as Expected,5818.12,,2.0
ORD101380,CUST0057,Customer_57,14 Jun 2025,Beauty,Hair Oil,1.0,284.01,30.0,upi,Web,Chandigarh,Punjab,,RTO,Product Damaged,210.22,23/06/25,3.0
ORD101159,CUST0030,Customer_30,05/04/25,FASHION,Jeans,1.0,3708.61,50.0,Net Banking,Web,Delhi,Delhi,04/17/2025,Refunded,quality issue,,26 Apr 2025,1.0
ORD100269,CUST0388,Customer_388,02/11/2025,Sports,Football,1.0,5486.68,10.0,Debit Card,WEB,Ahmedabad,Gujarat,,DELIVERED ,,,,3.0
ORD100386,CUST0122,Customer_122,2025-04-06,Sports,Football,1.0,2312.08,5.0,Credit Card,Mobile App,Bengaluru,Karnataka,11-04-2025,Cancelled,,,,5.0
ORD101634,CUST0208,Customer_208,14/05/25,home & kitchen,Non-stick Pan,-1.0,₹5012.18,25.0,Credit Card,App,Surat,gujarat,24-05-2025,returned,Quality Not as Expected,3593.58,2025-05-25,4.0
ORD101245,CUST0033,Customer_33,2025-02-28,Electronics,Bluetooth Speaker,1.0,4398.8,5.0,upi,App,Lucknow,Uttar Pradesh,03/12/2025,delivered,,,,
ORD100042,CUST0163,Customer_163,01/31/2025,Home & Kitchen,Storage Box,-1.0,695.27,50.0,Cash on Delivery,WEB,Bhopal,Madhya Pradesh,2025-02-12,Refunded,Changed Mind,601.67,22/02/25,3.0
ORD100737,CUST0069,Customer_69,26 May 2025, Fashion,Jeans,0.0,5618.29,120.0,upi,WEB,Bhopal,Madhya Pradesh,,Returned,Not as described,,06-06-2025,3.0
ORD100598,CUST0093,Customer_93,05/13/2025,sports,Dumbbells,2.0,₹2885.98,5.0,Net Banking,WEB,Lucknow,Uttar Pradesh,2025-05-16,Refunded,Duplicate Order,4098.99,22-05-2025,3.0
ORD101090,CUST0060,Customer_60,20/01/25,Beauty ,Sunscreen,0.0,3073.9,30.0,Credit Card,Web,Kolkata,West Bengal,24/01/25,Delivered,,,,
ORD101657,CUST0481,Customer_481,02-01-2025,electronics,Bluetooth Speaker,0.0,3765.67,50.0,Cash on Delivery,WEB,Delhi,Delhi,13/01/25,delivered,,,,4.0
ORD100681,CUST0330,Customer_330,25-05-2025,HOME & KITCHEN,Mixer Grinder,1.0,₹4153.25,0.0,Net Banking,Mobile App,Pune,Maharashtra,06/04/2025,cancelled ,,,,
ORD100570,CUST0120,Customer_120,22-06-2025,HOME & KITCHEN,Mixer Grinder,1.0,2063.63,120.0,Credit Card,Mobile App,Jaipur,Rajasthan,23/06/25,Cancelled,,,,1.0
ORD100525,CUST0255,Customer_255,2025-01-26,Electronics,Smartwatch,1.0,5386.09,120.0,COD,App,Indore,MP,05 Feb 2025,Returned,Damaged in transit,5191.43,02/09/2025,4.0
ORD102719,CUST0080,Customer_80,03 Apr 2025, Fashion,Jeans,3.0,2108.86,-5.0,Debit Card,App,Hyderabad,Telangana,,In Transit,,,,4.0
ORD101566,CUST0454,Customer_454,05/24/2025,Electronics ,Bluetooth Speaker,3.0,5270.69,5.0,upi,app,Bengaluru,Karnataka,2025-05-30,RTO,Product Damaged,11361.14,08/06/25,3.0
ORD100103,CUST0377,Customer_377,17/04/25,SPORTS,Dumbbells,1.0,2947.36,25.0,upi,Mobile App,Chennai,Tamil Nadu,04/26/2025,Refunded,,,02-05-2025,2.0
ORD101329,CUST0138,Customer_138,01/26/2025, Beauty,Perfume,2.0,5648.74,50.0,Cash on Delivery,App,Ahmedabad,Gujarat,,In Transit,,,,3.0
ORD100980,CUST0588,Customer_588,12 Apr 2025,Sports,Dumbbells,2.0,4279.03,25.0,Debit Card,App,Kochi,Kerala,14/04/25,Returned,Damaged in transit,6461.94,04/17/2025,1.0
ORD102795,CUST0193,Customer_193,15-03-2025, Fashion,Men Tshirt,0.0,3596.25,30.0,UPI,app,Lucknow,Uttar Pradesh,,Returned,Not as described,3128.97,2025-04-03,1.0
ORD100305,CUST0117,Customer_117,25-03-2025,Beauty ,Sunscreen,2.0,519.19,30.0,Net Banking,Web,Pune,Maharashtra,04/03/2025,RTO,Quality Not as Expected,,04/10/2025,
ORD101519,CUST0364,Customer_364,16/06/25, Sports,Yoga Mat,1.0,5629.59,-5.0,COD,Mobile App,Pune,Maharashtra,26/06/25,Returned,,5572.38,02 Jul 2025,4.0
ORD101017,CUST0384,Customer_384,06/06/25,Fashion,Jeans,-1.0,979.32,25.0,Credit Card,Web,Bangalore,Karnataka,14 Jun 2025,cancelled ,,,,1.0
ORD102319,CUST0047,Customer_47,2025-03-03,ELECTRONICS,Headphones,3.0,2211.25,15.0,upi,Mobile App,Kolkata,West Bengal,03/13/2025,Refunded,Wrong Item Delivered,4655.67,2025-03-18,1.0
ORD102042,CUST0416,Customer_416,04/22/2025,Electronics ,Headphones,2.0,5935.55,0.0,UPI,WEB,Hyderabad,Telangana,,DELIVERED ,,,,3.0
ORD100222,CUST0122,Customer_122,07-06-2025,FASHION,Sneakers,1.0,1404.58,120.0,Cash on Delivery,Web,Nagpur,Maharashtra,14-06-2025,DELIVERED ,,,,
ORD102336,CUST0124,Customer_124,02/09/2025,HOME & KITCHEN,Mixer Grinder,2.0,5589.87,-5.0,upi,Web,Chennai,Tamil Nadu,,returned,,7876.38,,3.0
ORD100226,CUST0589,Customer_589,30/01/25,ELECTRONICS,Bluetooth Speaker,-1.0,3111.49,25.0,upi,WEB,Kolkata,West Bengal,08/02/25,returned,quality issue,2896.77,16 Feb 2025,1.0
ORD102740,CUST0391,Customer_391,16/04/25, Sports,Football,0.0,2469.82,20.0,UPI,App,Ahmedabad,Gujarat,21/04/25,delivered,Size Issue,,,2.0
ORD102748,CUST0398,Customer_398,17/02/25,electronics,Mobile Cover,-1.0,2507.13,120.0,Debit Card,Mobile App,Patna,Bihar,20-02-2025,RTO,quality issue,2026.55,21/02/25,
ORD102747,CUST0485,Customer_485,2025-04-30,Sports,Dumbbells,1.0,3273.92,50.0,COD,App,Mumbai,Maharashtra,12/05/25,cancelled ,,,,
ORD102679,CUST0393,Customer_393,2025-04-28,Beauty,Hair Oil,2.0,1646.03,25.0,COD,Mobile App,Mumbai,Maharashtra,04/29/2025,Returned,size issue,2972.31,04/05/25,2.0
ORD103109,,,,,,,,,,,,,,,,,,
ORD101761,CUST0138,Customer_138,24-02-2025, Home & Kitchen,Bedsheet,0.0,3995.02,0.0,COD,Mobile App,Surat,gujarat,28-02-2025,returned,Not as described,3396.02,2025-03-03,
ORD101361,CUST0217,Customer_217,01/19/2025, Sports,Cricket Bat,-1.0,4521.17,120.0,COD,App,Nagpur,Maharashtra,23 Jan 2025,Returned,Changed Mind,4301.71,2025-01-28,
ORD101257,CUST0392,Customer_392,25-02-2025, Sports,Dumbbells,1.0,2467.86,0.0,Net Banking,app,Ahmedabad,Gujarat,07-03-2025,Returned,Size Issue,1760.88,,1.0
ORD102458,CUST0138,Customer_138,09 Mar 2025,ELECTRONICS,Power Bank,2.0,4460.39,120.0,COD,Mobile App,Hyderabad,Telangana,15 Mar 2025,Cancelled,,,,
ORD102417,CUST0316,Customer_316,03/29/2025,SPORTS,Dumbbells,2.0,₹4538.29,30.0,upi,Mobile App,Bhopal,Madhya Pradesh,31 Mar 2025,cancelled ,,,,2.0
ORD102163,CUST0520,Customer_520,05-01-2025,Home & Kitchen ,Bedsheet,1.0,3234.75,-5.0,Credit Card,WEB,Jaipur,Rajasthan,11/01/25,cancelled ,,,,
ORD101493,CUST0421,Customer_421,01/08/2025,Fashion ,Men Tshirt,-1.0,4958.39,15.0,Net Banking,Web,Bhopal,Madhya Pradesh,15-01-2025,Returned,quality issue,3942.21,25-01-2025,
ORD101924,CUST0227,Customer_227,24/02/25, Fashion,Men Tshirt,3.0,477.47,10.0,COD,App,Mumbai,Maharashtra,2025-02-28,RTO,,,03/08/2025,
ORD101897,CUST0454,Customer_454,03 Apr 2025,FASHION,Men Tshirt,0.0,1457.74,30.0,Debit Card,WEB,Mumbai,Maharashtra,04-04-2025,Refunded,Duplicate Order,1234.87,08/04/25,
ORD102112,CUST0506,Customer_506,28 Feb 2025,Electronics ,Mobile Cover,1.0,"4,244.87",5.0,COD,Mobile App,Bangalore,Karnataka,,In Transit,,,,
ORD102125,CUST0329,Customer_329,11-05-2025,Electronics ,Headphones,3.0,5506.01,120.0,UPI,WEB,Ahmedabad,Gujarat,,In Transit,,,,3.0
ORD102354,CUST0088,Customer_88,20-01-2025,Fashion,Men Tshirt,0.0,384.59,15.0,Debit Card,Mobile App,Nagpur,Maharashtra,01/26/2025,Cancelled,,,,
ORD101551,CUST0531,Customer_531,03/03/2025,ELECTRONICS,Bluetooth Speaker,1.0,2365.79,20.0,UPI,Mobile App,Patna,Bihar,03/07/2025,Delivered,,,,3.0
ORD101610,CUST0106,Customer_106,23 Jun 2025,Home & Kitchen ,LED Bulb,-1.0,1565.78,-5.0,Net Banking,app,Jaipur,Rajasthan,03/07/25,Returned,Size Issue,1360.45,08 Jul 2025,
ORD100206,CUST0039,Customer_39,08 Mar 2025,Electronics,Headphones,1.0,4796.16,15.0,UPI,WEB,Jaipur,Rajasthan,16 Mar 2025,cancelled ,,,,1.0
ORD101028,CUST0535,Customer_535,18/03/25,HOME & KITCHEN,LED Bulb,2.0,2430.7,120.0,Credit Card,Mobile App,Surat,gujarat,2025-03-30,RTO,Quality Not as Expected,4700.73,2025-04-09,3.0
ORD102611,CUST0445,Customer_445,07-06-2025,sports,Dumbbells,3.0,"4,187.01",20.0,upi,Mobile App,Lucknow,Uttar Pradesh,06/16/2025,returned,Changed Mind,9643.15,06/22/2025,
ORD102475,CUST0564,Customer_564,12 Jun 2025,home & kitchen,Bedsheet,1.0,1959.04,50.0,COD,Web,Bhopal,Madhya Pradesh,16 Jun 2025,Delivered,,,,
ORD101328,CUST0191,Customer_191,26/06/25, Beauty,Perfume,1.0,1532.52,5.0,Credit Card,Mobile App,Bhopal,Madhya Pradesh,,In Transit,,,,2.0
ORD101511,CUST0186,Customer_186,17/05/25,Beauty ,Perfume,1.0,2500.92,20.0,Cash on Delivery,Mobile App,Lucknow,Uttar Pradesh,,Delivered,,,,1.0
ORD101047,CUST0243,Customer_243,08-01-2025,BEAUTY,Perfume,1.0,3491.76,-5.0,UPI,App,Mumbai,Maharashtra,2025-01-16,Cancelled,,,,3.0
ORD101810,CUST0226,Customer_226,02 Apr 2025,beauty,Perfume,3.0,1654.94,50.0,Debit Card,WEB,Delhi,Delhi,08/04/25,Returned,size issue,4055.71,04/14/2025,4.0
ORD100694,CUST0073,Customer_73,21-02-2025, Fashion,Handbag,3.0,4748.87,10.0,COD,Web,Mumbai,Maharashtra,23-02-2025,DELIVERED ,,,,2.0
ORD102278,CUST0405,Customer_405,19 Jun 2025,SPORTS,Cricket Bat,-1.0,632.94,30.0,upi,Mobile App,Patna,Bihar,27-06-2025,returned,Damaged in transit,527.17,30-06-2025,4.0
ORD101116,CUST0185,Customer_185,11/05/25,sports,Yoga Mat,-1.0,4881.78,5.0,Credit Card,app,Hyderabad,Telangana,12 May 2025,Refunded,,4709.26,16 May 2025,5.0
ORD102242,CUST0333,Customer_333,05/13/2025,electronics,Smartwatch,-1.0,3054.71,50.0,Net Banking,App,Kochi,Kerala,19/05/25,RTO,quality issue,2801.12,27 May 2025,4.0
ORD102572,CUST0249,Customer_249,14-04-2025,Beauty,Lipstick,3.0,2822.04,30.0,COD,WEB,Mumbai,Maharashtra,2025-04-15,Refunded,quality issue,8304.44,21-04-2025,
ORD101187,CUST0239,Customer_239,04/30/2025,Electronics ,Bluetooth Speaker,1.0,2092.92,0.0,Net Banking,WEB,Delhi,Delhi,,returned,Duplicate Order,1644.43,09/05/25,
ORD101370,CUST0509,Customer_509,04/19/2025,Beauty,Hair Oil,3.0,1777.7,120.0,Credit Card,App,Nagpur,Maharashtra,2025-04-21,DELIVERED ,,,,
ORD101908,CUST0180,Customer_180,2025-05-03,beauty,Hair Oil,0.0,525.24,30.0,Credit Card,WEB,Jaipur,Rajasthan,2025-05-05,Cancelled,,,,3.0
ORD101174,CUST0414,Customer_414,23-02-2025,Home & Kitchen,Bedsheet,2.0,3506.01,-5.0,upi,Mobile App,Patna,Bihar,,In Transit,,,,5.0
ORD100430,CUST0317,Customer_317,04/07/2025,FASHION,Sneakers,1.0,500.55,10.0,upi,app,Surat,gujarat,11/04/25,Delivered,,,,
ORD100017,CUST0559,Customer_559,2025-01-11,Electronics ,Bluetooth Speaker,1.0,₹2664.25,25.0,Cash on Delivery,Mobile App,Lucknow,Uttar Pradesh,22-01-2025,Returned,quality issue,2464.01,01/26/2025,3.0
ORD102247,CUST0169,Customer_169,03/17/2025,home & kitchen,LED Bulb,-1.0,3664.83,5.0,Debit Card,WEB,Surat,gujarat,29 Mar 2025,Returned,Quality Not as Expected,2963.31,30 Mar 2025,4.0
ORD100676,CUST0210,Customer_210,2025-05-05,Home & Kitchen,Bedsheet,-1.0,4967.8,15.0,upi,WEB,Pune,Maharashtra,06 May 2025,RTO,Product Damaged,3809.77,05/08/2025,
ORD100158,CUST0392,Customer_392,16-02-2025,Home & Kitchen ,Bedsheet,0.0,2162.6,20.0,Cash on Delivery,WEB,Pune,Maharashtra,2025-02-26,Cancelled,,,,4.0
ORD102093,CUST0202,Customer_202,27 Feb 2025,Home & Kitchen,Mixer Grinder,0.0,3678.47,25.0,Debit Card,WEB,Bengaluru,Karnataka,2025-03-07,Refunded,size issue,2892.67,17-03-2025,
ORD101548,CUST0186,Customer_186,2025-03-26, Beauty,Perfume,0.0,3599.63,50.0,UPI,Web,Ahmedabad,Gujarat,01 Apr 2025,returned,Wrong Item Delivered,,04/04/25,4.0
ORD100907,CUST0096,Customer_96,31/05/25,HOME & KITCHEN,Mixer Grinder,2.0,5582.05,5.0,Credit Card,app,Bengaluru,Karnataka,08/06/25,Delivered,,,,
ORD101677,CUST0448,Customer_448,04 Apr 2025,Home & Kitchen ,Non-stick Pan,3.0,5228.23,25.0,Debit Card,Mobile App,Jaipur,Rajasthan,13-04-2025,cancelled ,,,,1.0
ORD101185,CUST0497,Customer_497,03 Apr 2025,SPORTS,Football,2.0,2119.32,15.0,UPI,WEB,Jaipur,Rajasthan,2025-04-08,RTO,Damaged in transit,3946.27,2025-04-16,1.0
ORD100306,CUST0567,Customer_567,10-02-2025,FASHION,Sneakers,1.0,930.22,30.0,UPI,Mobile App,Bangalore,Karnataka,,Refunded,Wrong Item Delivered,876.48,02/15/2025,3.0
ORD100657,CUST0027,Customer_27,08 Jan 2025,FASHION,Handbag,1.0,3838.55,30.0,Credit Card,app,Lucknow,Uttar Pradesh,2025-01-14,returned,Changed Mind,3060.68,01/19/2025,4.0
ORD101572,CUST0313,Customer_313,08 Apr 2025,SPORTS,Yoga Mat,1.0,3402.94,-5.0,upi,Mobile App,Delhi,Delhi,14-04-2025,returned,Not as described,,,4.0
ORD101738,CUST0437,Customer_437,05/05/2025,beauty,Perfume,1.0,5832.35,50.0,Cash on Delivery,app,Bangalore,Karnataka,2025-05-06,delivered,,,,1.0
ORD101420,CUST0038,Customer_38,09/01/25,Home & Kitchen ,Non-stick Pan,1.0,2413.39,-5.0,Credit Card,app,Ahmedabad,Gujarat,,Refunded,Duplicate Order,2199.93,21-01-2025,2.0
ORD101808,CUST0284,Customer_284,14-03-2025,Electronics,Smartwatch,0.0,1986.19,120.0,Debit Card,Web,Chandigarh,Punjab,2025-03-17,returned,,1419.69,18/03/25,4.0
ORD100400,CUST0438,Customer_438,13-05-2025, Electronics,Bluetooth Speaker,-1.0,1753.11,25.0,COD,app,Kochi,Kerala,14 May 2025,Returned,Size Issue,1403.21,05/15/2025,
ORD100799,CUST0479,Customer_479,2025-06-12,Electronics ,Headphones,1.0,166.35,25.0,Credit Card,WEB,Chandigarh,Punjab,2025-06-18,delivered,,,,2.0
ORD102738,CUST0528,Customer_528,01 Feb 2025,sports,Skipping Rope,0.0,4344.28,15.0,Credit Card,app,Pune,Maharashtra,2025-02-05,Delivered,,,,
ORD100619,CUST0450,Customer_450,11 May 2025,beauty,Face Wash,-1.0,"4,995.60",30.0,upi,Web,Delhi,Delhi,2025-05-13,cancelled ,,,,
ORD101389,CUST0506,Customer_506,04/08/2025,electronics,Mobile Cover,-1.0,4915.95,25.0,Cash on Delivery,Web,Bangalore,Karnataka,11/04/25,RTO,Late Delivery,4498.44,13/04/25,4.0
ORD100509,CUST0209,Customer_209,20-05-2025,Electronics,Headphones,-1.0,217.5,-5.0,COD,app,Bengaluru,Karnataka,,RTO,Product Damaged,210.84,06/05/2025,
ORD100080,CUST0196,Customer_196,23 Apr 2025,Home & Kitchen,LED Bulb,3.0,1748.32,30.0,Cash on Delivery,Mobile App,Lucknow,Uttar Pradesh,26 Apr 2025,Cancelled,,,,2.0
ORD100737,CUST0069,Customer_69,26 May 2025, Fashion,Jeans,0.0,5618.29,120.0,upi,WEB,Bhopal,Madhya Pradesh,,Returned,Not as described,,06-06-2025,3.0
ORD102689,CUST0319,Customer_319,17/05/25,ELECTRONICS,Bluetooth Speaker,1.0,1753.07,50.0,Credit Card,app,Bhopal,Madhya Pradesh,20/05/25,returned,Not as described,1621.93,22/05/25,
ORD100275,CUST0316,Customer_316,26/05/25,Home & Kitchen ,Storage Box,3.0,4637.14,30.0,COD,App,Patna,Bihar,2025-05-29,Delivered,,,,
ORD102400,CUST0379,Customer_379,2025-03-20,SPORTS,Dumbbells,1.0,541.8,25.0,Net Banking,Web,Chandigarh,Punjab,24 Mar 2025,cancelled ,,,,
ORD100868,CUST0258,Customer_258,23-05-2025,BEAUTY,Face Wash,2.0,₹2851.21,0.0,Cash on Delivery,WEB,Mumbai,Maharashtra,06/01/2025,delivered,,,,2.0
ORD100460,CUST0399,Customer_399,02/09/2025,Fashion ,Jeans,-1.0,"2,939.64",120.0,upi,app,Pune,Maharashtra,2025-02-16,DELIVERED ,,,,4.0
ORD100887,CUST0412,Customer_412,27/05/25, Electronics,Power Bank,1.0,4668.54,120.0,COD,Mobile App,Indore,MP,05-06-2025,Delivered,,,,5.0
ORD100063,CUST0297,Customer_297,09/05/25,Home & Kitchen,Mixer Grinder,0.0,4520.03,15.0,UPI,WEB,Bhopal,Madhya Pradesh,11-05-2025,Cancelled,,,,
ORD100600,CUST0308,Customer_308,01-06-2025,Electronics ,Smartwatch,1.0,2612.77,30.0,Credit Card,Mobile App,Chandigarh,Punjab,2025-06-10,DELIVERED ,,,,3.0
ORD102264,CUST0149,Customer_149,25/04/25,Beauty ,Perfume,-1.0,5859.95,50.0,Cash on Delivery,Mobile App,Bhopal,Madhya Pradesh,2025-04-29,Returned,Wrong Item Delivered,4136.99,2025-05-04,
ORD102686,CUST0124,Customer_124,28/03/25,electronics,Headphones,-1.0,417.01,15.0,UPI,app,Mumbai,Maharashtra,06/04/25,cancelled ,,,,2.0
ORD100860,CUST0592,Customer_592,19-02-2025,fashion,Handbag,1.0,690.98,120.0,COD,App,Bhopal,Madhya Pradesh,23/02/25,RTO,Damaged in transit,587.31,02/25/2025,
ORD100458,CUST0158,Customer_158,29/01/25, Home & Kitchen,Bedsheet,1.0,5789.5,120.0,Debit Card,app,Lucknow,Uttar Pradesh,31-01-2025,cancelled ,,,,4.0
ORD101998,CUST0238,Customer_238,2025-04-26,beauty,Perfume,2.0,3741.89,120.0,upi,app,Lucknow,Uttar Pradesh,,In Transit,,,,4.0
ORD101503,CUST0024,Customer_24,06/05/25,SPORTS,Cricket Bat,0.0,1632.3,10.0,Credit Card,Mobile App,Nagpur,Maharashtra,2025-05-10,cancelled ,,,,
ORD102519,CUST0571,Customer_571,2025-06-08,Sports ,Cricket Bat,1.0,3237.45,-5.0,Debit Card,Web,Chennai,Tamil Nadu,17/06/25,DELIVERED ,,,,1.0
ORD101118,CUST0288,Customer_288,2025-06-02,BEAUTY,Lipstick,-1.0,4443.56,0.0,upi,app,Patna,Bihar,2025-06-11,Returned,Product Damaged,,2025-06-15,1.0
ORD100871,CUST0458,Customer_458,02/20/2025,Beauty ,Perfume,2.0,3052.62,25.0,Cash on Delivery,WEB,Kolkata,West Bengal,27 Feb 2025,RTO,quality issue,4546.41,01/03/25,4.0
ORD100791,CUST0203,Customer_203,2025-02-22, Fashion,Jeans,1.0,4020.72,5.0,COD,WEB,Bangalore,Karnataka,05-03-2025,returned,Size Issue,2856.88,,
ORD102760,CUST0252,Customer_252,04/28/2025,sports,Cricket Bat,-1.0,167.67,5.0,Net Banking,WEB,Jaipur,Rajasthan,30-04-2025,DELIVERED ,,,,3.0
ORD101307,CUST0419,Customer_419,2025-06-26,SPORTS,Skipping Rope,2.0,1909.48,-5.0,Debit Card,App,Ahmedabad,Gujarat,,In Transit,,,,1.0
ORD101540,CUST0276,Customer_276,03/07/2025,BEAUTY,Hair Oil,-1.0,2029.55,20.0,upi,Web,Kolkata,West Bengal,10/03/25,Cancelled,,,,2.0
ORD101560,CUST0470,Customer_470,03/04/25,Electronics,Bluetooth Speaker,1.0,2581.08,5.0,Cash on Delivery,WEB,Indore,MP,2025-04-14,cancelled ,,,,
ORD101775,CUST0488,Customer_488,2025-01-11, Beauty,Face Wash,-1.0,"5,521.01",20.0,Credit Card,Mobile App,Nagpur,Maharashtra,17-01-2025,cancelled ,,,,2.0
ORD102696,CUST0144,Customer_144,05/26/2025,Electronics,Power Bank,1.0,3205.51,120.0,Cash on Delivery,WEB,Bangalore,Karnataka,05/06/25,Cancelled,,,,
ORD101372,CUST0193,Customer_193,27/02/25,home & kitchen,Storage Box,2.0,753.2,10.0,Net Banking,WEB,Nagpur,Maharashtra,2025-03-10,Refunded,quality issue,1446.32,15-03-2025,4.0
ORD102361,CUST0415,Customer_415,11 Apr 2025,BEAUTY,Hair Oil,0.0,1570.67,-5.0,Debit Card,App,Pune,Maharashtra,20-04-2025,returned,,1401.29,,
ORD102776,CUST0223,Customer_223,24 Feb 2025,fashion,Women Kurti,1.0,5158.06,120.0,Debit Card,App,Jaipur,Rajasthan,,In Transit,,,,3.0
ORD101684,CUST0446,Customer_446,29 Jun 2025, Fashion,Men Tshirt,2.0,1340.69,50.0,Cash on Delivery,App,Lucknow,Uttar Pradesh,,cancelled ,,,,2.0
ORD100761,CUST0142,Customer_142,06/05/2025,Electronics ,Power Bank,2.0,1070.76,50.0,upi,WEB,Bangalore,Karnataka,2025-06-06,returned,,2110.49,13 Jun 2025,4.0
ORD100955,CUST0508,Customer_508,24/01/25,SPORTS,Cricket Bat,1.0,5601.74,50.0,upi,Web,Kolkata,West Bengal,2025-01-30,returned,quality issue,4770.7,04 Feb 2025,1.0
ORD101471,CUST0414,Customer_414,2025-01-10,ELECTRONICS,Headphones,1.0,1611.4,20.0,Debit Card,App,Bangalore,Karnataka,22-01-2025,cancelled ,,,,1.0
ORD100651,CUST0001,Customer_1,16 Jan 2025,Electronics ,Bluetooth Speaker,2.0,1371.22,5.0,COD,Web,Chennai,Tamil Nadu,01/19/2025,DELIVERED ,,,,
ORD100734,CUST0574,Customer_574,17/05/25,Sports ,Skipping Rope,1.0,2895.57,25.0,Cash on Delivery,app,Kolkata,West Bengal,2025-05-28,RTO,Not as described,2298.84,01/06/25,4.0
ORD102704,CUST0453,Customer_453,21/02/25,sports,Skipping Rope,1.0,743.32,-5.0,Debit Card,Web,Nagpur,Maharashtra,2025-02-22,Refunded,Size Issue,,04/03/25,5.0
ORD100380,CUST0589,Customer_589,2025-03-22,electronics,Mobile Cover,-1.0,2501.72,20.0,upi,WEB,Bengaluru,Karnataka,27/03/25,Delivered,,,,4.0
ORD100565,CUST0433,Customer_433,01/06/25, Home & Kitchen,Non-stick Pan,2.0,4315.1,25.0,upi,app,Nagpur,Maharashtra,03-06-2025,RTO,Changed Mind,7674.4,2025-06-10,
ORD101911,CUST0070,Customer_70,11 May 2025,sports,Dumbbells,-1.0,2043.12,25.0,COD,Web,Lucknow,Uttar Pradesh,2025-05-15,Delivered,,,,4.0
ORD101201,CUST0117,Customer_117,08 Jun 2025,Home & Kitchen ,Bedsheet,1.0,4500.38,50.0,Credit Card,app,Bengaluru,Karnataka,,In Transit,,,,5.0
ORD102746,CUST0465,Customer_465,18-01-2025, Electronics,Headphones,0.0,1610.18,0.0,Debit Card,Mobile App,Lucknow,Uttar Pradesh,24-01-2025,cancelled ,,,,3.0
ORD100957,CUST0048,Customer_48,18-06-2025, Home & Kitchen,Non-stick Pan,1.0,293.83,120.0,upi,Web,Bangalore,Karnataka,19 Jun 2025,Delivered,,,,3.0
ORD100742,CUST0512,Customer_512,28 Jun 2025, Sports,Skipping Rope,0.0,3698.34,-5.0,COD,app,Lucknow,Uttar Pradesh,2025-07-05,DELIVERED ,,,,5.0
ORD102012,CUST0327,Customer_327,16/06/25,BEAUTY,Perfume,3.0,5866.74,120.0,Debit Card,app,Kochi,Kerala,,In Transit,,,,3.0
ORD101945,CUST0574,Customer_574,01/04/25,Fashion,Sneakers,1.0,5061.12,10.0,UPI,Mobile App,Surat,gujarat,08 Apr 2025,Delivered,,,,
ORD100232,CUST0154,Customer_154,2025-05-17,BEAUTY,Face Wash,-1.0,3072.65,120.0,COD,App,Pune,Maharashtra,22/05/25,Refunded,,2349.47,24 May 2025,
ORD100660,CUST0408,Customer_408,03/09/2025,SPORTS,Yoga Mat,1.0,679.67,30.0,UPI,app,Indore,MP,03/18/2025,Cancelled,,,,2.0
ORD100383,CUST0128,Customer_128,25/05/25,Beauty ,Hair Oil,1.0,2800.91,-5.0,upi,WEB,Bengaluru,Karnataka,2025-05-29,RTO,Late Delivery,2049.06,2025-06-02,
ORD101704,CUST0059,Customer_59,21 May 2025,fashion,Sneakers,1.0,195.14,30.0,UPI,App,Surat,gujarat,2025-05-28,Delivered,,,,2.0
ORD102260,CUST0072,Customer_72,06 Feb 2025,BEAUTY,Lipstick,-1.0,1364.63,15.0,COD,app,Chandigarh,Punjab,11/02/25,DELIVERED ,,,,5.0
ORD100073,CUST0240,Customer_240,23 Apr 2025,sports,Dumbbells,0.0,5438.25,-5.0,Cash on Delivery,Web,Bangalore,Karnataka,30 Apr 2025,returned,,5231.06,,
ORD101095,CUST0386,Customer_386,23-05-2025,Sports,Dumbbells,0.0,1085.47,15.0,upi,WEB,Pune,Maharashtra,,In Transit,,,,
ORD102675,CUST0414,Customer_414,06/07/2025,Electronics,Bluetooth Speaker,1.0,"3,458.82",25.0,Net Banking,Mobile App,Surat,gujarat,2025-06-11,RTO,Size Issue,2944.85,12 Jun 2025,1.0
ORD102126,CUST0514,Customer_514,2025-05-18, Home & Kitchen,Mixer Grinder,1.0,"2,165.18",10.0,Credit Card,app,Delhi,Delhi,24-05-2025,delivered,,,,
ORD100172,CUST0148,Customer_148,2025-05-02, Sports,Skipping Rope,1.0,2465.39,0.0,Debit Card,WEB,Ahmedabad,Gujarat,2025-05-03,Cancelled,,,,2.0
ORD100643,CUST0383,Customer_383,06 Feb 2025,home & kitchen,Storage Box,1.0,4732.12,0.0,Credit Card,Web,Chandigarh,Punjab,15/02/25,Delivered,,,,
ORD100169,CUST0549,Customer_549,09/05/25,BEAUTY,Sunscreen,0.0,1898.28,0.0,UPI,WEB,Bengaluru,Karnataka,,In Transit,,,,3.0
ORD101518,CUST0321,Customer_321,13 Feb 2025,beauty,Hair Oil,2.0,795.37,-5.0,upi,Web,Ahmedabad,Gujarat,2025-02-20,DELIVERED ,,,,
ORD101801,CUST0115,Customer_115,2025-05-08,Sports,Cricket Bat,-1.0,2218.8,120.0,Net Banking,WEB,Bengaluru,Karnataka,2025-05-11,Cancelled,,,,2.0
ORD100075,CUST0242,Customer_242,02/07/2025,beauty,Face Wash,2.0,314.9,25.0,Cash on Delivery,WEB,Bengaluru,Karnataka,12 Feb 2025,Delivered,,,,1.0
ORD101347,CUST0198,Customer_198,25/06/25,beauty,Face Wash,2.0,5010.29,5.0,Cash on Delivery,App,Indore,MP,07/04/2025,Delivered,,,,2.0
ORD101918,CUST0306,Customer_306,04/23/2025,Beauty,Perfume,1.0,1383.77,120.0,COD,WEB,Ahmedabad,Gujarat,,In Transit,,,,4.0
ORD100273,CUST0215,Customer_215,20/04/25,Sports,Yoga Mat,1.0,2979.43,20.0,Credit Card,Mobile App,Lucknow,Uttar Pradesh,25/04/25,Cancelled,,,,
ORD101216,CUST0562,Customer_562,27-04-2025,Beauty,Face Wash,-1.0,3840.54,25.0,Cash on Delivery,WEB,Bengaluru,Karnataka,08-05-2025,cancelled ,,,,4.0
ORD100421,CUST0474,Customer_474,11/04/25,Sports,Yoga Mat,2.0,3930.85,20.0,COD,WEB,Bhopal,Madhya Pradesh,18/04/25,DELIVERED ,,,,3.0
ORD101119,CUST0034,Customer_34,2025-01-25, Sports,Dumbbells,1.0,1681.82,30.0,Debit Card,Web,Kolkata,West Bengal,02/02/25,Returned,Changed Mind,,04/02/25,
ORD102373,CUST0117,Customer_117,2025-01-13,Beauty,Perfume,1.0,3067.29,-5.0,COD,Web,Nagpur,Maharashtra,23 Jan 2025,Returned,Product Damaged,3053.66,01/31/2025,
ORD101748,CUST0027,Customer_27,18/03/25,Electronics ,Smartwatch,1.0,₹3130.17,30.0,Credit Card,App,Pune,Maharashtra,30-03-2025,Cancelled,,,,5.0
ORD100196,CUST0462,Customer_462,22 May 2025,Beauty ,Sunscreen,1.0,₹5788.55,0.0,upi,Web,Bangalore,Karnataka,05/30/2025,RTO,size issue,5094.87,08 Jun 2025,
ORD101067,CUST0504,Customer_504,05/17/2025,FASHION,Jeans,3.0,3416.26,30.0,upi,Web,Surat,gujarat,05/23/2025,DELIVERED ,,,,1.0
ORD100057,CUST0330,Customer_330,08/04/25,Sports,Dumbbells,1.0,1758.84,25.0,UPI,App,Bhopal,Madhya Pradesh,,In Transit,,,,4.0
ORD101128,CUST0238,Customer_238,30/04/25,sports,Skipping Rope,2.0,4898.58,5.0,upi,WEB,Indore,MP,07-05-2025,delivered,,,,5.0
ORD102153,CUST0352,Customer_352,08-03-2025,Home & Kitchen ,Storage Box,0.0,5549.78,0.0,Cash on Delivery,Web,Bangalore,Karnataka,14/03/25,Cancelled,,,,2.0
ORD102218,CUST0392,Customer_392,2025-05-23,home & kitchen,Bedsheet,-1.0,5044.8,50.0,Debit Card,app,Kochi,Kerala,26-05-2025,cancelled ,,,,2.0
ORD100645,CUST0585,Customer_585,2025-04-14,FASHION,Women Kurti,1.0,4861.87,5.0,upi,app,Bangalore,Karnataka,2025-04-16,RTO,Quality Not as Expected,4077.38,25/04/25,5.0
ORD101913,CUST0413,Customer_413,06/23/2025,Fashion ,Handbag,1.0,4969.74,20.0,Cash on Delivery,Web,Indore,MP,25/06/25,Refunded,,4241.05,05 Jul 2025,5.0
ORD101599,CUST0356,Customer_356,01 May 2025,electronics,Power Bank,2.0,4900.63,30.0,Credit Card,Mobile App,Chandigarh,Punjab,12/05/25,Cancelled,,,,5.0
ORD100039,CUST0443,Customer_443,31-05-2025,home & kitchen,Storage Box,1.0,684.26,-5.0,COD,Mobile App,Bangalore,Karnataka,,returned,Duplicate Order,536.08,17 Jun 2025,2.0
ORD100307,CUST0278,Customer_278,08/05/25, Sports,Football,2.0,"5,637.82",10.0,COD,App,Lucknow,Uttar Pradesh,2025-05-19,delivered,,,,4.0
ORD102056,CUST0571,Customer_571,2025-06-13,Sports,Dumbbells,2.0,772.89,20.0,Debit Card,Web,Chennai,Tamil Nadu,06/18/2025,Refunded,Quality Not as Expected,1466.84,06/26/2025,
ORD100007,CUST0004,Customer_4,02/20/2025,HOME & KITCHEN,Storage Box,1.0,5242.53,-5.0,Net Banking,app,Mumbai,Maharashtra,23/02/25,Cancelled,,,,2.0
ORD101105,CUST0323,Customer_323,2025-03-26,Fashion,Jeans,2.0,1122.36,15.0,UPI,Mobile App,Bengaluru,Karnataka,04/01/2025,Delivered,,,,5.0
ORD100783,CUST0388,Customer_388,06/20/2025, Sports,Cricket Bat,2.0,5167.87,15.0,Debit Card,App,Pune,Maharashtra,28 Jun 2025,Refunded,quality issue,7425.42,29 Jun 2025,5.0
ORD100409,CUST0389,Customer_389,15/05/25,ELECTRONICS,Bluetooth Speaker,2.0,2818.79,10.0,Cash on Delivery,Web,Bengaluru,Karnataka,05/27/2025,cancelled ,,,,
ORD102375,CUST0554,Customer_554,04/01/2025,sports,Football,2.0,5121.39,20.0,Net Banking,app,Chennai,Tamil Nadu,04/03/2025,RTO,Late Delivery,7428.86,2025-04-08,4.0
ORD100782,CUST0137,Customer_137,16-04-2025,Fashion,Jeans,1.0,3963.34,0.0,Cash on Delivery,app,Delhi,Delhi,04/20/2025,Cancelled,,,,
ORD101191,CUST0371,Customer_371,02/09/2025,home & kitchen,Storage Box,-1.0,"3,793.72",30.0,UPI,WEB,Patna,Bihar,02/17/2025,DELIVERED ,,,,1.0
ORD100535,CUST0478,Customer_478,01/23/2025, Beauty,Perfume,1.0,₹5488.47,30.0,Debit Card,Web,Chandigarh,Punjab,28/01/25,RTO,Not as described,4773.17,02/04/2025,
ORD100584,CUST0536,Customer_536,06/04/25,home & kitchen,Storage Box,1.0,977.88,-5.0,upi,Web,Jaipur,Rajasthan,04/11/2025,RTO,Product Damaged,927.83,,
ORD102481,CUST0209,Customer_209,10/06/25,Home & Kitchen,Non-stick Pan,0.0,799.53,5.0,upi,Web,Bhopal,Madhya Pradesh,12-06-2025,DELIVERED ,,,,4.0
ORD100482,CUST0168,Customer_168,01-02-2025, Home & Kitchen,LED Bulb,1.0,1576.28,120.0,Cash on Delivery,WEB,Chandigarh,Punjab,03-02-2025,Delivered,,,,4.0
ORD102425,CUST0137,Customer_137,09 Jun 2025,Beauty,Perfume,1.0,2650.42,30.0,upi,Web,Surat,gujarat,19/06/25,RTO,Quality Not as Expected,2325.73,24-06-2025,2.0
ORD102633,CUST0495,Customer_495,29/03/25,Beauty ,Face Wash,-1.0,3411.76,120.0,upi,WEB,Jaipur,Rajasthan,04/09/2025,returned,Wrong Item Delivered,,2025-04-17,1.0
ORD102353,CUST0315,Customer_315,04/23/2025,Sports,Yoga Mat,2.0,"1,648.64",0.0,UPI,app,Bangalore,Karnataka,2025-05-05,Returned,Not as described,2324.2,10-05-2025,5.0
ORD100317,CUST0245,Customer_245,09 May 2025, Sports,Yoga Mat,2.0,4556.06,20.0,COD,Mobile App,Surat,gujarat,2025-05-10,returned,Late Delivery,7663.74,2025-05-19,
ORD101795,CUST0140,Customer_140,28-06-2025,Fashion ,Women Kurti,1.0,867.64,50.0,upi,app,Ahmedabad,Gujarat,01-07-2025,Returned,Late Delivery,810.52,09-07-2025,
ORD100272,CUST0467,Customer_467,20/04/25,Sports,Cricket Bat,1.0,4645.8,5.0,Debit Card,Mobile App,Kolkata,West Bengal,25-04-2025,delivered,,,,4.0
ORD100549,CUST0027,Customer_27,10 Apr 2025,Fashion ,Handbag,-1.0,4139.36,0.0,UPI,WEB,Bengaluru,Karnataka,17/04/25,DELIVERED ,,,,
ORD101693,CUST0532,Customer_532,06/20/2025,Electronics ,Headphones,1.0,5062.73,15.0,UPI,Web,Bangalore,Karnataka,06/27/2025,returned,Changed Mind,4282.01,02-07-2025,
ORD101720,CUST0183,Customer_183,06 Mar 2025,Beauty,Lipstick,1.0,3649.6,50.0,Credit Card,WEB,Kochi,Kerala,,In Transit,,,,4.0
ORD102643,CUST0445,Customer_445,24/05/25, Home & Kitchen,Non-stick Pan,1.0,3855.72,-5.0,UPI,app,Jaipur,Rajasthan,27-05-2025,Refunded,Duplicate Order,2831.39,01-06-2025,2.0
ORD102667,CUST0366,Customer_366,02/10/2025, Electronics,Mobile Cover,2.0,3719.6,20.0,Debit Card,Web,Lucknow,Uttar Pradesh,21-02-2025,cancelled ,Not as described,,,1.0
ORD100599,CUST0432,Customer_432,17-02-2025,beauty,Hair Oil,1.0,1244.6,120.0,upi,WEB,Bhopal,Madhya Pradesh,27/02/25,Refunded,Changed Mind,965.53,05 Mar 2025,
ORD101690,CUST0446,Customer_446,07 Mar 2025,home & kitchen,Bedsheet,1.0,4408.39,0.0,Cash on Delivery,WEB,Bangalore,Karnataka,,In Transit,,,,
ORD100895,CUST0547,Customer_547,31/05/25,Sports,Football,1.0,"4,598.88",50.0,Credit Card,App,Bengaluru,Karnataka,08/06/25,cancelled ,,,,
ORD102501,CUST0559,Customer_559,2025-01-09,beauty,Hair Oil,1.0,5023.98,25.0,Net Banking,Web,Pune,Maharashtra,11-01-2025,returned,Changed Mind,4191.62,12 Jan 2025,
ORD101776,CUST0126,Customer_126,11-02-2025,Electronics,Bluetooth Speaker,1.0,4287.99,-5.0,Credit Card,Mobile App,Lucknow,Uttar Pradesh,2025-02-22,Refunded,,3570.64,01 Mar 2025,
ORD100571,CUST0009,Customer_9,08 Feb 2025,Fashion ,Women Kurti,-1.0,5251.87,50.0,upi,App,Hyderabad,Telangana,02/20/2025,DELIVERED ,,,,4.0
ORD102000,CUST0520,Customer_520,21/01/25, Home & Kitchen,Storage Box,0.0,"2,309.77",-5.0,Net Banking,Mobile App,Patna,Bihar,2025-01-30,RTO,Damaged in transit,,,1.0
ORD100062,CUST0498,Customer_498,14/03/25, Sports,Football,2.0,1411.08,5.0,COD,Mobile App,Chennai,Tamil Nadu,23-03-2025,Refunded,Size Issue,,03/27/2025,5.0
ORD101248,CUST0481,Customer_481,22/01/25, Sports,Football,2.0,4436.67,10.0,Credit Card,app,Indore,MP,,In Transit,,,,1.0
ORD100633,CUST0252,Customer_252,2025-01-18,Home & Kitchen ,Storage Box,2.0,3406.55,10.0,Debit Card,WEB,Bangalore,Karnataka,01/26/2025,Cancelled,,,,
ORD101260,CUST0395,Customer_395,04 Mar 2025,Beauty ,Perfume,1.0,1816.45,20.0,Credit Card,Mobile App,Lucknow,Uttar Pradesh,2025-03-16,Delivered,,,,2.0
ORD100810,CUST0484,Customer_484,06/24/2025,beauty,Hair Oil,1.0,5768.16,-5.0,UPI,App,Bengaluru,Karnataka,2025-06-30,cancelled ,,,,2.0
ORD101050,CUST0231,Customer_231,03/29/2025,HOME & KITCHEN,LED Bulb,1.0,2259.19,10.0,upi,App,Bengaluru,Karnataka,08-04-2025,Returned,Not as described,2084.27,04/16/2025,
ORD102408,CUST0274,Customer_274,04/06/2025,SPORTS,Football,1.0,494.11,5.0,Credit Card,Web,Lucknow,Uttar Pradesh,10-04-2025,Cancelled,,,,
ORD100108,CUST0458,Customer_458,05/02/25,SPORTS,Yoga Mat,1.0,2503.25,0.0,Net Banking,Mobile App,Jaipur,Rajasthan,09/02/25,returned,,1993.09,12/02/25,4.0
ORD100674,CUST0445,Customer_445,26 Jan 2025,SPORTS,Skipping Rope,3.0,₹4134.63,15.0,COD,Web,Hyderabad,Telangana,30-01-2025,DELIVERED ,,,,1.0
ORD100666,CUST0166,Customer_166,2025-01-31,Fashion ,Women Kurti,1.0,₹5039.08,50.0,Cash on Delivery,WEB,Indore,MP,02/02/25,delivered,,,,
ORD100510,CUST0267,Customer_267,29 Jan 2025,Electronics,Bluetooth Speaker,1.0,3820.51,5.0,Credit Card,App,Kolkata,West Bengal,2025-01-31,RTO,size issue,3088.57,07-02-2025,
ORD101641,CUST0329,Customer_329,10/04/25,Sports,Football,1.0,475.35,15.0,COD,Web,Bengaluru,Karnataka,2025-04-20,Cancelled,,,,1.0
ORD101072,CUST0415,Customer_415,01/24/2025,Beauty,Hair Oil,3.0,5103.44,10.0,Cash on Delivery,Web,Nagpur,Maharashtra,2025-01-29,Cancelled,,,,1.0
ORD101533,CUST0582,Customer_582,2025-02-15, Beauty,Face Wash,2.0,2723.77,25.0,COD,WEB,Kolkata,West Bengal,19 Feb 2025,Refunded,Late Delivery,4239.61,2025-03-01,
ORD100867,CUST0228,Customer_228,08/05/25,HOME & KITCHEN,Mixer Grinder,1.0,879.46,30.0,Debit Card,WEB,Nagpur,Maharashtra,2025-05-14,Refunded,Not as described,878.94,05/21/2025,4.0
ORD101856,CUST0137,Customer_137,03/17/2025,Electronics,Smartwatch,-1.0,5348.1,120.0,Cash on Delivery,WEB,Indore,MP,18/03/25,Cancelled,,,,
ORD101737,CUST0321,Customer_321,02 May 2025,FASHION,Jeans,2.0,"3,290.84",50.0,upi,Mobile App,Hyderabad,Telangana,07/05/25,Delivered,,,,
ORD103618,,,,,,,,,,,,,,,,,,
ORD101061,CUST0415,Customer_415,05/02/25,BEAUTY,Perfume,1.0,708.62,0.0,Net Banking,WEB,Chennai,Tamil Nadu,02/17/2025,delivered,,,,5.0
ORD101974,CUST0539,Customer_539,21 Jan 2025,HOME & KITCHEN,Non-stick Pan,1.0,1028.75,30.0,upi,WEB,Surat,gujarat,31 Jan 2025,Refunded,Late Delivery,741.19,10/02/25,
ORD100590,CUST0357,Customer_357,05/24/2025,fashion,Men Tshirt,0.0,4658.86,-5.0,COD,app,Hyderabad,Telangana,30-05-2025,cancelled ,,,,1.0
ORD102300,CUST0202,Customer_202,04/03/2025,home & kitchen,Storage Box,1.0,3877.65,20.0,upi,Web,Mumbai,Maharashtra,12 Apr 2025,returned,Quality Not as Expected,3074.06,2025-04-18,
ORD102502,CUST0031,Customer_31,2025-05-19, Beauty,Face Wash,2.0,809.56,10.0,Cash on Delivery,app,Jaipur,Rajasthan,,In Transit,,,,
ORD100087,CUST0128,Customer_128,14-03-2025,sports,Dumbbells,1.0,1097.51,120.0,Credit Card,app,Kolkata,West Bengal,18/03/25,returned,Not as described,933.73,,3.0
ORD102773,CUST0504,Customer_504,2025-02-28,Sports,Yoga Mat,0.0,972.77,15.0,Credit Card,App,Lucknow,Uttar Pradesh,03/02/2025,RTO,Quality Not as Expected,806.94,11 Mar 2025,3.0
ORD100772,CUST0086,Customer_86,08-06-2025,home & kitchen,Mixer Grinder,1.0,2419.1,0.0,Cash on Delivery,Mobile App,Chandigarh,Punjab,06/11/2025,delivered,,,,
ORD102575,CUST0221,Customer_221,24-05-2025, Sports,Dumbbells,1.0,3463.35,15.0,UPI,WEB,Bengaluru,Karnataka,02/06/25,RTO,Quality Not as Expected,,04 Jun 2025,
ORD101250,CUST0022,Customer_22,2025-06-26,SPORTS,Cricket Bat,1.0,5029.58,0.0,UPI,WEB,Bhopal,Madhya Pradesh,29/06/25,Cancelled,,,,1.0
ORD100709,CUST0213,Customer_213,01/14/2025,Beauty,Lipstick,2.0,1480.27,0.0,Credit Card,Web,Chennai,Tamil Nadu,,Refunded,Late Delivery,2416.56,22-01-2025,5.0
ORD102295,CUST0401,Customer_401,27-03-2025,sports,Dumbbells,0.0,291.46,-5.0,Net Banking,app,Pune,Maharashtra,07/04/25,cancelled ,,,,3.0
ORD101861,CUST0513,Customer_513,27/01/25, Home & Kitchen,Non-stick Pan,1.0,4030.22,20.0,UPI,Mobile App,Ahmedabad,Gujarat,2025-01-30,Delivered,,,,4.0
ORD102532,CUST0298,Customer_298,03/29/2025, Sports,Skipping Rope,2.0,554.2,30.0,Cash on Delivery,app,Delhi,Delhi,08-04-2025,RTO,Wrong Item Delivered,860.7,,1.0
ORD100419,CUST0291,Customer_291,16 Apr 2025,fashion,Women Kurti,1.0,"2,809.78",25.0,upi,App,Patna,Bihar,18 Apr 2025,DELIVERED ,,,,4.0
ORD101462,CUST0091,Customer_91,27 Mar 2025, Sports,Cricket Bat,1.0,5959.12,30.0,COD,Web,Indore,MP,,In Transit,,,,1.0
ORD101485,CUST0028,Customer_28,08/06/25,fashion,Women Kurti,2.0,5455.2,20.0,Credit Card,WEB,Lucknow,Uttar Pradesh,11 Jun 2025,RTO,,,19 Jun 2025,4.0
ORD102654,CUST0187,Customer_187,06/06/25, Fashion,Jeans,2.0,278.12,-5.0,Net Banking,app,Nagpur,Maharashtra,,In Transit,,,,
ORD102761,CUST0521,Customer_521,12/04/25,SPORTS,Yoga Mat,1.0,3592.27,50.0,COD,App,Hyderabad,Telangana,13/04/25,Returned,Changed Mind,3141.92,,1.0
ORD100852,CUST0414,Customer_414,2025-03-08, Sports,Yoga Mat,1.0,4753.5,25.0,COD,Web,Bengaluru,Karnataka,,In Transit,,,,1.0
ORD101005,CUST0108,Customer_108,09/02/25,Fashion ,Sneakers,2.0,5796.02,15.0,UPI,Mobile App,Bengaluru,Karnataka,13/02/25,DELIVERED ,,,,4.0
ORD101997,CUST0427,Customer_427,05 May 2025, Electronics,Mobile Cover,-1.0,1108.5,-5.0,Cash on Delivery,app,Kochi,Kerala,12/05/25,Returned,Not as described,,2025-05-20,
ORD101835,CUST0152,Customer_152,12/02/25,Electronics,Smartwatch,2.0,803.46,20.0,UPI,App,Mumbai,Maharashtra,15 Feb 2025,Returned,quality issue,1178.27,23/02/25,
ORD102270,CUST0466,Customer_466,22/03/25,FASHION,Sneakers,3.0,₹1544.65,5.0,Debit Card,Web,Kolkata,West Bengal,29/03/25,returned,Late Delivery,,30-03-2025,3.0
ORD100437,CUST0013,Customer_13,04/19/2025, Electronics,Headphones,-1.0,4280.51,15.0,upi,WEB,Kochi,Kerala,24/04/25,cancelled ,,,,
ORD101317,CUST0376,Customer_376,2025-05-01,Electronics ,Smartwatch,1.0,4744.78,10.0,UPI,app,Nagpur,Maharashtra,05/09/2025,Cancelled,,,,1.0
ORD101624,CUST0168,Customer_168,03-05-2025,Fashion ,Men Tshirt,2.0,391.89,15.0,COD,Web,Lucknow,Uttar Pradesh,11/05/25,Refunded,,675.83,13-05-2025,3.0
ORD101481,CUST0170,Customer_170,16/03/25, Home & Kitchen,Non-stick Pan,1.0,"2,422.71",50.0,Cash on Delivery,Mobile App,Indore,MP,24/03/25,cancelled ,,,,5.0
ORD101649,CUST0442,Customer_442,2025-05-20,Sports,Dumbbells,-1.0,"2,495.19",20.0,Credit Card,app,Kolkata,West Bengal,2025-05-22,Returned,Late Delivery,1954.07,31-05-2025,2.0
ORD101004,CUST0182,Customer_182,15-04-2025,Sports ,Dumbbells,-1.0,4088.07,50.0,Cash on Delivery,WEB,Kochi,Kerala,,In Transit,,,,
ORD101279,CUST0029,Customer_29,31 Mar 2025,HOME & KITCHEN,Storage Box,3.0,1259.11,-5.0,Credit Card,app,Lucknow,Uttar Pradesh,08/04/25,Cancelled,,,,4.0
ORD101824,CUST0402,Customer_402,2025-06-12,beauty,Sunscreen,2.0,"2,673.86",-5.0,upi,App,Lucknow,Uttar Pradesh,06/21/2025,Returned,Late Delivery,4672.75,06/28/2025,
ORD102324,CUST0458,Customer_458,2025-04-05,Sports,Yoga Mat,3.0,1283.24,0.0,Debit Card,Mobile App,Ahmedabad,Gujarat,10/04/25,Refunded,Quality Not as Expected,3813.37,2025-04-20,
ORD102763,CUST0163,Customer_163,06-04-2025,Home & Kitchen ,Storage Box,3.0,4998.05,30.0,COD,Web,Indore,MP,04/11/2025,RTO,Wrong Item Delivered,,14/04/25,
ORD101837,CUST0290,Customer_290,08 Jan 2025,ELECTRONICS,Bluetooth Speaker,1.0,"3,708.76",25.0,Net Banking,app,Kolkata,West Bengal,,Cancelled,,,,5.0
ORD102721,CUST0454,Customer_454,08/02/25,home & kitchen,LED Bulb,0.0,4153.97,15.0,Credit Card,App,Hyderabad,Telangana,12-02-2025,DELIVERED ,,,,4.0
ORD101547,CUST0458,Customer_458,04/05/25,Home & Kitchen,Bedsheet,2.0,1170.85,5.0,Debit Card,WEB,Nagpur,Maharashtra,05/15/2025,returned,size issue,1989.77,2025-05-20,3.0
ORD100336,CUST0119,Customer_119,16 Mar 2025, Beauty,Hair Oil,2.0,4169.22,30.0,Credit Card,App,Lucknow,Uttar Pradesh,18 Mar 2025,Returned,Duplicate Order,6100.0,20-03-2025,3.0
ORD100089,CUST0416,Customer_416,06/05/2025,Home & Kitchen,Bedsheet,1.0,1074.77,25.0,Credit Card,app,Indore,MP,2025-06-17,Cancelled,,,,2.0
ORD100875,CUST0222,Customer_222,24 Mar 2025,Beauty,Hair Oil,0.0,2957.37,10.0,Net Banking,Mobile App,Ahmedabad,Gujarat,28/03/25,DELIVERED ,,,,
ORD102516,CUST0349,Customer_349,2025-02-01,HOME & KITCHEN,Storage Box,2.0,3002.91,50.0,Debit Card,App,Bangalore,Karnataka,04-02-2025,returned,,5153.69,02/06/2025,5.0
ORD100544,CUST0461,Customer_461,02/21/2025,Beauty ,Lipstick,2.0,1294.95,15.0,Net Banking,App,Nagpur,Maharashtra,03/02/2025,cancelled ,,,,2.0
ORD101242,CUST0266,Customer_266,01/29/2025, Beauty,Face Wash,1.0,4030.52,20.0,Debit Card,App,Bangalore,Karnataka,05 Feb 2025,Delivered,,,,
ORD101881,CUST0424,Customer_424,2025-03-08,ELECTRONICS,Headphones,2.0,3584.02,10.0,UPI,Mobile App,Indore,MP,17 Mar 2025,delivered,,,,3.0
ORD102770,CUST0101,Customer_101,14 Feb 2025, Fashion,Women Kurti,1.0,437.62,5.0,upi,App,Patna,Bihar,2025-02-18,returned,,319.2,2025-02-19,1.0
ORD102383,CUST0327,Customer_327,2025-01-18,Beauty,Perfume,2.0,2445.9,30.0,Cash on Delivery,App,Lucknow,Uttar Pradesh,23-01-2025,DELIVERED ,,,,4.0
ORD100320,CUST0469,Customer_469,01/13/2025,HOME & KITCHEN,Storage Box,2.0,1154.66,20.0,upi,Mobile App,Bangalore,Karnataka,01/18/2025,Cancelled,,,,3.0
ORD100520,CUST0592,Customer_592,2025-01-22,beauty,Perfume,3.0,4669.97,20.0,upi,App,Hyderabad,Telangana,,In Transit,,,,
ORD102234,CUST0534,Customer_534,10 Feb 2025,Beauty,Perfume,1.0,3138.77,50.0,upi,App,Jaipur,Rajasthan,19-02-2025,returned,Damaged in transit,2590.22,22/02/25,4.0
ORD100879,CUST0449,Customer_449,23 Mar 2025,ELECTRONICS,Mobile Cover,1.0,"4,899.44",50.0,Debit Card,Mobile App,Nagpur,Maharashtra,26 Mar 2025,delivered,,,,2.0
ORD100826,CUST0422,Customer_422,10 Jun 2025,FASHION,Handbag,3.0,263.86,50.0,Cash on Delivery,app,Nagpur,Maharashtra,11/06/25,cancelled ,,,,5.0
ORD101291,CUST0051,Customer_51,03/13/2025, Electronics,Bluetooth Speaker,1.0,2019.83,25.0,upi,App,Hyderabad,Telangana,21 Mar 2025,DELIVERED ,,,,4.0
ORD102457,CUST0560,Customer_560,2025-01-02,beauty,Lipstick,3.0,5290.66,30.0,COD,app,Indore,MP,08/01/25,Refunded,Changed Mind,,17-01-2025,4.0
ORD102436,CUST0316,Customer_316,01/07/2025,FASHION,Jeans,0.0,1950.65,10.0,Debit Card,Mobile App,Bhopal,Madhya Pradesh,08-01-2025,DELIVERED ,,,,
ORD100139,CUST0162,Customer_162,2025-02-10,Beauty,Perfume,-1.0,1333.56,20.0,upi,Web,Lucknow,Uttar Pradesh,21-02-2025,delivered,,,,5.0
ORD100164,CUST0002,Customer_2,31/03/25, Electronics,Power Bank,-1.0,5819.25,30.0,Credit Card,WEB,Chennai,Tamil Nadu,02/04/25,cancelled ,,,,1.0
ORD101619,CUST0084,Customer_84,28 May 2025,BEAUTY,Face Wash,1.0,827.39,15.0,upi,App,Chandigarh,Punjab,03 Jun 2025,Cancelled,,,,1.0
ORD102710,CUST0023,Customer_23,25-05-2025, Fashion,Men Tshirt,3.0,3312.96,15.0,upi,WEB,Chennai,Tamil Nadu,29-05-2025,Cancelled,,,,1.0
ORD101792,CUST0455,Customer_455,07-04-2025, Beauty,Face Wash,1.0,₹2643.21,20.0,UPI,app,Pune,Maharashtra,11 Apr 2025,returned,,2428.77,2025-04-16,4.0
ORD101046,CUST0037,Customer_37,08/02/25, Fashion,Jeans,-1.0,730.42,0.0,Credit Card,App,Pune,Maharashtra,02/16/2025,cancelled ,,,,
ORD100961,CUST0047,Customer_47,21 Feb 2025, Sports,Dumbbells,0.0,4759.29,10.0,Credit Card,WEB,Delhi,Delhi,,Delivered,,,,4.0
ORD101751,CUST0300,Customer_300,03/19/2025,Electronics,Smartwatch,2.0,2116.93,-5.0,upi,Web,Bengaluru,Karnataka,03/31/2025,Delivered,,,,
ORD102458,CUST0138,Customer_138,09 Mar 2025,ELECTRONICS,Power Bank,2.0,4460.39,120.0,COD,Mobile App,Hyderabad,Telangana,15 Mar 2025,Cancelled,,,,
ORD102183,CUST0287,Customer_287,29 Jun 2025,Electronics ,Bluetooth Speaker,0.0,2984.49,25.0,UPI,Web,Chennai,Tamil Nadu,04-07-2025,DELIVERED ,,,,2.0
ORD101505,CUST0014,Customer_14,01-03-2025,Fashion,Sneakers,0.0,937.65,120.0,Credit Card,WEB,Kolkata,West Bengal,03/12/2025,Returned,Quality Not as Expected,817.91,03/22/2025,1.0
ORD102223,CUST0445,Customer_445,06 Apr 2025,Beauty ,Lipstick,2.0,1587.25,25.0,Net Banking,Web,Surat,gujarat,13/04/25,Refunded,Not as described,2923.9,04/21/2025,3.0
ORD102360,CUST0169,Customer_169,14 May 2025,Sports,Football,1.0,4021.33,120.0,Net Banking,Web,Kolkata,West Bengal,26/05/25,returned,,3582.11,01-06-2025,3.0
ORD101060,CUST0514,Customer_514,2025-01-18,fashion,Handbag,1.0,5840.75,0.0,COD,App,Bhopal,Madhya Pradesh,2025-01-24,Returned,Changed Mind,5741.66,2025-01-29,5.0
ORD102608,CUST0223,Customer_223,05 Feb 2025,ELECTRONICS,Bluetooth Speaker,0.0,1791.69,20.0,Debit Card,Mobile App,Bengaluru,Karnataka,02/06/2025,delivered,,,,
ORD100656,CUST0101,Customer_101,11-04-2025,Sports,Yoga Mat,2.0,2260.1,30.0,UPI,WEB,Chandigarh,Punjab,22 Apr 2025,Cancelled,,,,
ORD102065,CUST0107,Customer_107,2025-02-18,ELECTRONICS,Headphones,2.0,₹446.74,25.0,Net Banking,app,Kolkata,West Bengal,21 Feb 2025,Delivered,,,,2.0
ORD102229,CUST0486,Customer_486,2025-01-13, Sports,Yoga Mat,3.0,₹5426.55,120.0,Debit Card,app,Bengaluru,Karnataka,22-01-2025,delivered,,,,3.0
ORD100138,CUST0065,Customer_65,28/03/25,SPORTS,Football,-1.0,4975.36,20.0,upi,App,Jaipur,Rajasthan,31 Mar 2025,RTO,Size Issue,,08-04-2025,2.0
ORD102269,CUST0549,Customer_549,01/20/2025,Fashion,Jeans,3.0,4078.98,25.0,UPI,Mobile App,Delhi,Delhi,27 Jan 2025,Delivered,,,,
ORD101977,CUST0568,Customer_568,2025-01-25,Fashion,Women Kurti,1.0,"3,368.32",0.0,COD,Web,Pune,Maharashtra,03 Feb 2025,DELIVERED ,,,,
ORD101582,CUST0260,Customer_260,18-01-2025, Electronics,Bluetooth Speaker,1.0,3332.69,30.0,COD,App,Ahmedabad,Gujarat,27-01-2025,cancelled ,,,,
ORD100698,CUST0462,Customer_462,28/02/25,home & kitchen,Bedsheet,0.0,1906.45,15.0,COD,app,Surat,gujarat,01 Mar 2025,DELIVERED ,,,,
ORD101098,CUST0383,Customer_383,04 Apr 2025,Electronics,Power Bank,-1.0,₹1912.91,50.0,upi,App,Mumbai,Maharashtra,,Delivered,,,,3.0
ORD102187,CUST0489,Customer_489,09/06/25,beauty,Sunscreen,1.0,4082.37,15.0,Credit Card,WEB,Bangalore,Karnataka,06/15/2025,Cancelled,,,,4.0
ORD102507,CUST0197,Customer_197,06/18/2025,Fashion,Women Kurti,1.0,1209.14,20.0,UPI,WEB,Kochi,Kerala,20/06/25,Cancelled,,,,
ORD101393,CUST0365,Customer_365,03 Jun 2025,home & kitchen,Mixer Grinder,-1.0,1967.48,120.0,Net Banking,Web,Pune,Maharashtra,,Returned,Quality Not as Expected,1860.16,,2.0
ORD101194,CUST0216,Customer_216,2025-05-29,Beauty,Sunscreen,3.0,3561.64,120.0,COD,Mobile App,Bangalore,Karnataka,07 Jun 2025,Cancelled,,,,5.0
ORD101267,CUST0501,Customer_501,2025-05-11,home & kitchen,Bedsheet,-1.0,3739.53,50.0,upi,app,Ahmedabad,Gujarat,2025-05-18,RTO,size issue,,2025-05-21,1.0
ORD100136,CUST0552,Customer_552,04 Feb 2025,fashion,Jeans,2.0,3500.5,5.0,Credit Card,Web,Bengaluru,Karnataka,02/09/2025,Delivered,,,,4.0
ORD101170,CUST0351,Customer_351,21/02/25,Fashion,Sneakers,0.0,2043.1,5.0,Cash on Delivery,app,Indore,MP,,Returned,Damaged in transit,1525.01,03/02/2025,3.0
ORD102136,CUST0193,Customer_193,27 May 2025,Beauty ,Perfume,1.0,3107.1,120.0,upi,Mobile App,Chandigarh,Punjab,28 May 2025,Delivered,,,,3.0
ORD101504,CUST0362,Customer_362,2025-06-08,Home & Kitchen,Mixer Grinder,1.0,"5,748.42",5.0,COD,Web,Bengaluru,Karnataka,,In Transit,,,,1.0
ORD101363,CUST0384,Customer_384,2025-05-31,sports,Cricket Bat,2.0,5654.55,10.0,Cash on Delivery,Web,Mumbai,Maharashtra,2025-06-08,Returned,Changed Mind,9340.95,2025-06-09,3.0
ORD102302,CUST0533,Customer_533,24 Apr 2025,Home & Kitchen ,LED Bulb,1.0,4094.07,10.0,Credit Card,Mobile App,Jaipur,Rajasthan,30/04/25,delivered,Not as described,,,2.0
ORD100149,CUST0184,Customer_184,20/01/25, Electronics,Mobile Cover,2.0,2032.54,20.0,Credit Card,Mobile App,Bangalore,Karnataka,22-01-2025,Cancelled,,,,
ORD100304,CUST0550,Customer_550,08-06-2025,FASHION,Handbag,1.0,365.73,50.0,upi,App,Bangalore,Karnataka,20-06-2025,Returned,Wrong Item Delivered,266.69,30-06-2025,2.0
ORD101018,CUST0340,Customer_340,19/03/25,fashion,Women Kurti,0.0,4789.8,30.0,Net Banking,WEB,Chennai,Tamil Nadu,2025-03-30,returned,Quality Not as Expected,4571.53,04/08/2025,
ORD101925,CUST0025,Customer_25,24-04-2025,Fashion,Women Kurti,3.0,3886.36,30.0,Cash on Delivery,App,Hyderabad,Telangana,05/03/2025,returned,Changed Mind,9052.31,2025-05-09,5.0
ORD101053,CUST0262,Customer_262,09/05/25, Beauty,Sunscreen,-1.0,892.38,0.0,upi,Web,Chandigarh,Punjab,14-05-2025,returned,Changed Mind,773.91,,2.0
ORD102619,CUST0008,Customer_8,09-04-2025,fashion,Handbag,1.0,2259.62,25.0,Credit Card,WEB,Delhi,Delhi,,In Transit,,,,
ORD102796,CUST0529,Customer_529,05-04-2025, Electronics,Headphones,0.0,795.01,30.0,COD,app,Kochi,Kerala,11-04-2025,Delivered,,,,
ORD101905,CUST0298,Customer_298,06/20/2025,Fashion ,Men Tshirt,1.0,3136.62,-5.0,COD,WEB,Bangalore,Karnataka,01-07-2025,RTO,Damaged in transit,3021.31,2025-07-07,2.0
ORD100199,CUST0391,Customer_391,07-02-2025,Fashion,Men Tshirt,2.0,1711.82,20.0,Cash on Delivery,WEB,Lucknow,Uttar Pradesh,11-02-2025,returned,size issue,3090.38,15/02/25,
ORD101769,CUST0266,Customer_266,2025-03-06,home & kitchen,Non-stick Pan,1.0,1790.92,50.0,UPI,app,Chennai,Tamil Nadu,16/03/25,returned,quality issue,1282.05,23/03/25,3.0
ORD100405,CUST0319,Customer_319,13/05/25,SPORTS,Skipping Rope,1.0,2896.71,0.0,COD,app,Pune,Maharashtra,14/05/25,DELIVERED ,,,,4.0
ORD102548,CUST0461,Customer_461,22-05-2025,beauty,Perfume,2.0,3180.67,50.0,Net Banking,WEB,Ahmedabad,Gujarat,26-05-2025,Refunded,Damaged in transit,,02 Jun 2025,
ORD100484,CUST0183,Customer_183,2025-06-09,beauty,Sunscreen,1.0,4124.68,20.0,Debit Card,App,Lucknow,Uttar Pradesh,11 Jun 2025,Cancelled,,,,3.0
ORD101183,CUST0304,Customer_304,05/12/2025,ELECTRONICS,Smartwatch,2.0,3246.31,0.0,UPI,Web,Surat,gujarat,20-05-2025,Cancelled,,,,1.0
ORD101340,CUST0224,Customer_224,18/01/25,SPORTS,Dumbbells,3.0,4696.59,20.0,Cash on Delivery,WEB,Kolkata,West Bengal,24-01-2025,DELIVERED ,,,,3.0
ORD101281,CUST0562,Customer_562,03/29/2025,BEAUTY,Sunscreen,1.0,"4,916.51",120.0,Net Banking,Mobile App,Bhopal,Madhya Pradesh,06 Apr 2025,DELIVERED ,,,,4.0
ORD101032,CUST0600,Customer_600,06 Jan 2025,fashion,Women Kurti,1.0,3823.82,120.0,UPI,App,Indore,MP,01/17/2025,Delivered,,,,4.0
ORD100792,CUST0112,Customer_112,10/03/25,ELECTRONICS,Smartwatch,1.0,1049.38,10.0,COD,Web,Jaipur,Rajasthan,,In Transit,,,,4.0
ORD100800,CUST0242,Customer_242,13/02/25,beauty,Lipstick,2.0,"5,945.41",20.0,upi,WEB,Pune,Maharashtra,,cancelled ,,,,4.0
ORD101202,CUST0366,Customer_366,01 Mar 2025,beauty,Sunscreen,2.0,2560.28,0.0,Credit Card,Web,Bhopal,Madhya Pradesh,06-03-2025,cancelled ,,,,
ORD100423,CUST0169,Customer_169,2025-04-08,Home & Kitchen ,Non-stick Pan,1.0,2853.68,50.0,UPI,Web,Kolkata,West Bengal,12-04-2025,cancelled ,,,,
ORD101141,CUST0069,Customer_69,01/05/2025,Home & Kitchen,Non-stick Pan,2.0,4426.87,5.0,upi,Mobile App,Bengaluru,Karnataka,,In Transit,,,,1.0
ORD101884,CUST0114,Customer_114,04 Mar 2025,BEAUTY,Perfume,1.0,4555.9,30.0,Cash on Delivery,WEB,Chennai,Tamil Nadu,2025-03-13,Delivered,,,,3.0
ORD102555,CUST0158,Customer_158,20 May 2025,fashion,Men Tshirt,2.0,"3,715.89",25.0,COD,Web,Nagpur,Maharashtra,,cancelled ,,,,
ORD101480,CUST0462,Customer_462,25-06-2025,Home & Kitchen,Non-stick Pan,1.0,2183.95,5.0,upi,app,Indore,MP,26/06/25,delivered,,,,2.0
ORD101929,CUST0364,Customer_364,01/05/2025,Home & Kitchen ,Non-stick Pan,2.0,1053.01,120.0,Debit Card,Mobile App,Delhi,Delhi,2025-01-06,Returned,quality issue,1998.29,07/01/25,
ORD102411,CUST0510,Customer_510,23/06/25,Beauty ,Face Wash,3.0,1057.77,25.0,upi,Web,Kolkata,West Bengal,02-07-2025,cancelled ,,,,3.0
ORD101530,CUST0162,Customer_162,01/22/2025,Sports ,Football,1.0,807.98,50.0,Net Banking,Web,Pune,Maharashtra,,DELIVERED ,,,,4.0
ORD100903,CUST0151,Customer_151,29 May 2025,Sports ,Football,2.0,5263.68,-5.0,Debit Card,app,Pune,Maharashtra,06/07/2025,RTO,Changed Mind,7788.7,12 Jun 2025,3.0
ORD100686,CUST0280,Customer_280,2025-05-05, Sports,Dumbbells,2.0,1031.5,10.0,Cash on Delivery,App,Delhi,Delhi,15-05-2025,RTO,size issue,,2025-05-16,2.0
ORD101552,CUST0292,Customer_292,10-06-2025,home & kitchen,Bedsheet,-1.0,1250.11,10.0,Cash on Delivery,Web,Kochi,Kerala,19 Jun 2025,Returned,Late Delivery,1077.44,26 Jun 2025,2.0
ORD100160,CUST0361,Customer_361,03/21/2025,SPORTS,Skipping Rope,2.0,5044.68,120.0,UPI,Mobile App,Chennai,Tamil Nadu,03/22/2025,Refunded,Changed Mind,,03/26/2025,
ORD101000,CUST0223,Customer_223,02/19/2025,Home & Kitchen,Non-stick Pan,1.0,4331.93,5.0,Credit Card,Mobile App,Ahmedabad,Gujarat,24-02-2025,Delivered,,,,4.0
ORD102601,CUST0019,Customer_19,08-03-2025,SPORTS,Yoga Mat,1.0,1028.06,0.0,upi,app,Chennai,Tamil Nadu,2025-03-11,DELIVERED ,,,,1.0
ORD102706,CUST0221,Customer_221,2025-03-20, Beauty,Lipstick,2.0,1510.72,15.0,Cash on Delivery,Web,Ahmedabad,Gujarat,25/03/25,returned,,2171.97,26/03/25,
ORD100113,CUST0567,Customer_567,08/05/25, Sports,Skipping Rope,2.0,1041.61,15.0,COD,Web,Patna,Bihar,13 May 2025,Cancelled,,,,
ORD102731,CUST0352,Customer_352,15 May 2025,home & kitchen,Bedsheet,0.0,555.99,30.0,Credit Card,WEB,Ahmedabad,Gujarat,05/17/2025,Returned,,489.5,21/05/25,5.0
ORD101447,CUST0232,Customer_232,10-06-2025,Home & Kitchen,Storage Box,2.0,883.36,0.0,COD,app,Nagpur,Maharashtra,20/06/25,Delivered,,,,
ORD101953,CUST0341,Customer_341,2025-03-31, Home & Kitchen,Non-stick Pan,1.0,₹1994.52,0.0,UPI,Mobile App,Lucknow,Uttar Pradesh,04/01/2025,Refunded,quality issue,1928.39,04/03/2025,4.0
ORD100923,CUST0199,Customer_199,03/19/2025,SPORTS,Skipping Rope,2.0,5362.33,120.0,Credit Card,Mobile App,Indore,MP,2025-03-23,Cancelled,,,,
ORD101625,CUST0425,Customer_425,2025-04-20,FASHION,Men Tshirt,1.0,5968.86,5.0,Net Banking,WEB,Delhi,Delhi,01-05-2025,Refunded,Size Issue,4291.86,,2.0
ORD102472,CUST0590,Customer_590,15/02/25,fashion,Women Kurti,2.0,1475.51,30.0,Debit Card,Web,Bhopal,Madhya Pradesh,17-02-2025,Refunded,Duplicate Order,2736.23,21/02/25,5.0
ORD101320,CUST0235,Customer_235,24 Mar 2025,SPORTS,Dumbbells,1.0,3623.17,5.0,Cash on Delivery,App,Delhi,Delhi,04 Apr 2025,Returned,Quality Not as Expected,,12 Apr 2025,1.0
ORD101664,CUST0596,Customer_596,27 Jun 2025,BEAUTY,Lipstick,2.0,5558.47,20.0,Cash on Delivery,Web,Hyderabad,Telangana,,cancelled ,,,,4.0
ORD100816,CUST0418,Customer_418,26-04-2025,ELECTRONICS,Smartwatch,3.0,3744.87,25.0,Cash on Delivery,app,Nagpur,Maharashtra,27/04/25,RTO,Wrong Item Delivered,11015.41,2025-05-05,3.0
ORD101474,CUST0196,Customer_196,29/01/25, Electronics,Smartwatch,2.0,"2,852.84",5.0,Debit Card,App,Delhi,Delhi,10 Feb 2025,Delivered,,,,4.0
ORD101774,CUST0468,Customer_468,06/24/2025,SPORTS,Yoga Mat,0.0,4392.05,20.0,Cash on Delivery,Web,Bengaluru,Karnataka,07/06/2025,Refunded,Duplicate Order,3105.62,10 Jul 2025,3.0
ORD100680,CUST0344,Customer_344,06/02/25, Beauty,Face Wash,1.0,5084.02,10.0,Net Banking,Mobile App,Bhopal,Madhya Pradesh,07-02-2025,Cancelled,,,,3.0
ORD102728,CUST0165,Customer_165,02/23/2025,beauty,Perfume,2.0,2619.94,0.0,Credit Card,WEB,Kolkata,West Bengal,2025-02-27,Returned,,5066.03,05/03/25,
ORD101094,CUST0222,Customer_222,25-06-2025,ELECTRONICS,Power Bank,0.0,₹5339.5,25.0,COD,WEB,Bangalore,Karnataka,06/30/2025,Delivered,,,,5.0
ORD100081,CUST0435,Customer_435,20 Mar 2025,Electronics ,Power Bank,1.0,3341.03,20.0,COD,App,Lucknow,Uttar Pradesh,01 Apr 2025,RTO,,2692.09,06-04-2025,2.0
ORD101951,CUST0057,Customer_57,03/01/2025, Beauty,Perfume,-1.0,2524.78,25.0,Net Banking,app,Bhopal,Madhya Pradesh,04-03-2025,returned,Damaged in transit,2298.52,13 Mar 2025,2.0
ORD101240,CUST0598,Customer_598,2025-06-04,Sports ,Skipping Rope,2.0,3195.49,30.0,UPI,App,Chennai,Tamil Nadu,,In Transit,,,,
ORD100330,CUST0309,Customer_309,2025-03-14,Home & Kitchen,LED Bulb,3.0,₹4966.39,120.0,Credit Card,Web,Delhi,Delhi,03/21/2025,Refunded,Late Delivery,11271.6,31/03/25,2.0
ORD100243,CUST0260,Customer_260,02 Mar 2025,BEAUTY,Hair Oil,3.0,5341.99,5.0,COD,Web,Delhi,Delhi,2025-03-03,Cancelled,Size Issue,,,
ORD100642,CUST0063,Customer_63,05/13/2025,sports,Dumbbells,3.0,3762.7,10.0,UPI,WEB,Bangalore,Karnataka,19-05-2025,DELIVERED ,,,,
ORD100697,CUST0065,Customer_65,22-06-2025,Beauty,Hair Oil,-1.0,617.72,0.0,Net Banking,app,Nagpur,Maharashtra,2025-07-02,Cancelled,,,,
ORD100754,CUST0043,Customer_43,20/04/25,Electronics,Bluetooth Speaker,1.0,1287.79,10.0,UPI,Web,Mumbai,Maharashtra,04/25/2025,RTO,Size Issue,1087.92,,
ORD100436,CUST0522,Customer_522,03-04-2025,Beauty,Hair Oil,-1.0,5570.13,0.0,Credit Card,Mobile App,Kolkata,West Bengal,04/08/2025,DELIVERED ,,,,3.0
ORD101564,CUST0040,Customer_40,25 Mar 2025,Sports,Yoga Mat,3.0,4938.87,15.0,Credit Card,Mobile App,Patna,Bihar,26 Mar 2025,Refunded,,14807.65,01/04/25,
ORD101935,CUST0255,Customer_255,28/02/25, Home & Kitchen,Non-stick Pan,-1.0,5335.48,120.0,Credit Card,Mobile App,Lucknow,Uttar Pradesh,01/03/25,Returned,Quality Not as Expected,,08-03-2025,
ORD102754,CUST0515,Customer_515,01/24/2025,Home & Kitchen,Storage Box,1.0,₹4785.55,0.0,Debit Card,Mobile App,Delhi,Delhi,01/25/2025,Returned,Not as described,,27-01-2025,4.0
ORD101713,CUST0447,Customer_447,18 Jan 2025,Electronics,Mobile Cover,2.0,₹5089.25,120.0,upi,WEB,Patna,Bihar,01/19/2025,Delivered,,,,1.0
ORD100552,CUST0455,Customer_455,28/06/25,Home & Kitchen ,LED Bulb,2.0,5233.48,25.0,upi,Mobile App,Bhopal,Madhya Pradesh,,In Transit,,,,2.0
ORD102497,CUST0560,Customer_560,24/06/25,HOME & KITCHEN,Non-stick Pan,3.0,3076.3,-5.0,Cash on Delivery,Mobile App,Lucknow,Uttar Pradesh,07/01/2025,delivered,,,,3.0
ORD100602,CUST0489,Customer_489,21 Jun 2025,Fashion,Jeans,0.0,3366.5,50.0,Credit Card,app,Indore,MP,03-07-2025,Refunded,,2760.41,08 Jul 2025,
ORD101965,CUST0122,Customer_122,2025-02-26,sports,Yoga Mat,2.0,3523.16,120.0,upi,WEB,Bengaluru,Karnataka,2025-03-09,returned,Late Delivery,6125.93,11/03/25,3.0
ORD101014,CUST0486,Customer_486,05-04-2025,Home & Kitchen ,Mixer Grinder,3.0,"2,583.57",50.0,Cash on Delivery,WEB,Indore,MP,2025-04-06,Delivered,,,,
ORD102359,CUST0439,Customer_439,30/05/25,sports,Dumbbells,2.0,4903.51,0.0,Cash on Delivery,app,Delhi,Delhi,03/06/25,RTO,,,13/06/25,2.0
ORD101428,CUST0223,Customer_223,04-05-2025,Electronics,Mobile Cover,3.0,2414.05,10.0,Cash on Delivery,Mobile App,Lucknow,Uttar Pradesh,14/05/25,Refunded,,6813.59,16-05-2025,2.0
ORD102013,CUST0217,Customer_217,15-05-2025,Home & Kitchen ,Bedsheet,2.0,4573.02,0.0,UPI,app,Ahmedabad,Gujarat,20-05-2025,DELIVERED ,,,,
ORD101387,CUST0458,Customer_458,2025-02-01,Electronics ,Mobile Cover,1.0,₹1403.77,25.0,upi,Web,Jaipur,Rajasthan,,In Transit,,,,5.0
ORD101296,CUST0459,Customer_459,05 Feb 2025,sports,Skipping Rope,1.0,703.79,20.0,upi,App,Lucknow,Uttar Pradesh,09 Feb 2025,RTO,,578.28,17-02-2025,
ORD100467,CUST0292,Customer_292,2025-05-03, Electronics,Smartwatch,-1.0,4501.96,15.0,Debit Card,WEB,Bengaluru,Karnataka,10 May 2025,delivered,,,,
ORD101500,CUST0076,Customer_76,04/19/2025,ELECTRONICS,Power Bank,-1.0,5784.58,120.0,UPI,App,Bhopal,Madhya Pradesh,26 Apr 2025,Cancelled,,,,5.0
ORD102463,CUST0068,Customer_68,2025-03-31,Beauty ,Face Wash,1.0,5378.87,15.0,Cash on Delivery,Web,Kolkata,West Bengal,2025-04-11,Refunded,Damaged in transit,4787.88,2025-04-14,5.0
ORD102769,CUST0282,Customer_282,2025-06-21,sports,Yoga Mat,2.0,₹2174.68,0.0,Debit Card,App,Chandigarh,Punjab,27-06-2025,Returned,quality issue,3825.58,02 Jul 2025,
ORD100278,CUST0222,Customer_222,24 Jan 2025,SPORTS,Cricket Bat,1.0,₹2339.16,15.0,Credit Card,Web,Chandigarh,Punjab,,In Transit,,,,
ORD101070,CUST0114,Customer_114,2025-04-02,fashion,Men Tshirt,-1.0,5084.34,10.0,upi,app,Indore,MP,,RTO,,4807.28,07/04/25,
ORD101549,CUST0426,Customer_426,28/06/25,Electronics ,Bluetooth Speaker,-1.0,1214.67,5.0,Net Banking,App,Chandigarh,Punjab,07/03/2025,Returned,size issue,951.86,2025-07-08,
ORD101025,CUST0419,Customer_419,12/05/25,home & kitchen,Non-stick Pan,2.0,2973.39,5.0,Debit Card,app,Hyderabad,Telangana,18 May 2025,delivered,,,,
ORD101466,CUST0213,Customer_213,05-01-2025,Home & Kitchen,Non-stick Pan,1.0,5509.21,10.0,Debit Card,Web,Bhopal,Madhya Pradesh,2025-01-11,DELIVERED ,,,,
ORD100941,CUST0068,Customer_68,02-02-2025,Beauty ,Hair Oil,2.0,4251.44,0.0,Cash on Delivery,Web,Chennai,Tamil Nadu,02/03/2025,Returned,Product Damaged,7222.42,06-02-2025,4.0
ORD101467,CUST0489,Customer_489,06/01/2025,Beauty,Lipstick,2.0,731.62,5.0,upi,Web,Patna,Bihar,03/06/25,cancelled ,size issue,,,3.0
ORD101324,CUST0103,Customer_103,01/26/2025,fashion,Women Kurti,-1.0,501.62,0.0,Cash on Delivery,Web,Lucknow,Uttar Pradesh,,In Transit,,,,4.0
ORD101400,CUST0577,Customer_577,2025-06-23,Sports ,Yoga Mat,1.0,"2,818.10",-5.0,Debit Card,Web,Bangalore,Karnataka,25/06/25,returned,Duplicate Order,,05/07/25,3.0
ORD102374,CUST0108,Customer_108,2025-05-14,electronics,Bluetooth Speaker,1.0,1140.83,10.0,UPI,Mobile App,Bengaluru,Karnataka,20/05/25,cancelled ,,,,
ORD101450,CUST0535,Customer_535,2025-04-25,Home & Kitchen ,Non-stick Pan,2.0,1421.95,20.0,Net Banking,WEB,Jaipur,Rajasthan,04/28/2025,DELIVERED ,,,,
ORD100907,CUST0096,Customer_96,31/05/25,HOME & KITCHEN,Mixer Grinder,2.0,5582.05,5.0,Credit Card,app,Bengaluru,Karnataka,08/06/25,Delivered,,,,
ORD102565,CUST0469,Customer_469,22-01-2025,electronics,Smartwatch,2.0,2188.96,-5.0,COD,Web,Jaipur,Rajasthan,01/27/2025,Cancelled,,,,
ORD101896,CUST0140,Customer_140,26-01-2025,Electronics,Smartwatch,2.0,5569.54,120.0,COD,WEB,Bhopal,Madhya Pradesh,27/01/25,DELIVERED ,,,,4.0
ORD100389,CUST0584,Customer_584,03/12/2025, Sports,Dumbbells,1.0,853.66,0.0,UPI,Mobile App,Surat,gujarat,24/03/25,Returned,Not as described,748.38,2025-03-25,
ORD102071,CUST0060,Customer_60,12 May 2025,fashion,Handbag,0.0,2965.28,25.0,Cash on Delivery,app,Bhopal,Madhya Pradesh,2025-05-16,Cancelled,,,,4.0
ORD102268,CUST0003,Customer_3,27-03-2025,Beauty,Sunscreen,2.0,4725.7,50.0,upi,app,Surat,gujarat,08-04-2025,Returned,Not as described,,14-04-2025,
ORD102173,CUST0437,Customer_437,03/27/2025,fashion,Men Tshirt,0.0,3873.34,30.0,Credit Card,app,Jaipur,Rajasthan,31-03-2025,Refunded,Product Damaged,2711.42,09-04-2025,
ORD100881,CUST0121,Customer_121,06/14/2025,Home & Kitchen ,Mixer Grinder,-1.0,808.08,120.0,Credit Card,app,Kochi,Kerala,22/06/25,DELIVERED ,,,,
ORD102621,CUST0523,Customer_523,2025-01-13,Beauty ,Hair Oil,0.0,366.06,0.0,upi,WEB,Kolkata,West Bengal,2025-01-14,cancelled ,,,,
ORD100051,CUST0093,Customer_93,2025-04-08,beauty,Face Wash,1.0,2810.5,-5.0,Debit Card,Mobile App,Kochi,Kerala,19-04-2025,delivered,,,,2.0
ORD101888,CUST0576,Customer_576,30 Apr 2025,Home & Kitchen,Non-stick Pan,1.0,699.24,5.0,COD,WEB,Indore,MP,05/01/2025,RTO,quality issue,626.02,06 May 2025,3.0
ORD101703,CUST0412,Customer_412,2025-03-25,electronics,Power Bank,3.0,3134.63,50.0,upi,Web,Pune,Maharashtra,03/28/2025,Cancelled,,,,
ORD100134,CUST0587,Customer_587,05/20/2025,Electronics ,Bluetooth Speaker,3.0,3320.95,50.0,Cash on Delivery,App,Ahmedabad,Gujarat,05/22/2025,cancelled ,,,,
ORD101106,CUST0244,Customer_244,06/04/2025, Electronics,Mobile Cover,0.0,5516.35,50.0,UPI,Mobile App,Bengaluru,Karnataka,06/16/2025,Cancelled,,,,5.0
ORD100704,CUST0399,Customer_399,2025-03-25,FASHION,Jeans,3.0,5109.47,0.0,COD,app,Jaipur,Rajasthan,2025-04-02,RTO,Not as described,11649.86,06/04/25,2.0
ORD100483,CUST0025,Customer_25,25-06-2025, Fashion,Sneakers,1.0,2216.86,30.0,Debit Card,app,Delhi,Delhi,06/28/2025,Refunded,size issue,1630.51,30-06-2025,3.0
ORD101146,CUST0359,Customer_359,2025-02-07, Electronics,Smartwatch,1.0,4581.78,0.0,Net Banking,Web,Nagpur,Maharashtra,19/02/25,RTO,Late Delivery,3495.85,,5.0
ORD102039,CUST0299,Customer_299,14-01-2025,Fashion ,Men Tshirt,-1.0,4756.36,120.0,upi,app,Bangalore,Karnataka,25/01/25,Refunded,,3899.91,02/03/2025,
ORD101829,CUST0565,Customer_565,25-02-2025,ELECTRONICS,Headphones,1.0,₹5592.72,30.0,upi,Web,Mumbai,Maharashtra,,In Transit,,,,2.0
ORD100067,CUST0058,Customer_58,15-03-2025,Home & Kitchen,Storage Box,2.0,₹2851.19,25.0,Net Banking,Mobile App,Surat,gujarat,25 Mar 2025,delivered,,,,1.0
ORD102526,CUST0551,Customer_551,2025-05-21,home & kitchen,Bedsheet,2.0,3575.68,15.0,Debit Card,app,Kochi,Kerala,01-06-2025,Refunded,Late Delivery,,06/02/2025,2.0
ORD100908,CUST0101,Customer_101,2025-04-05,ELECTRONICS,Headphones,1.0,2823.71,0.0,Debit Card,App,Nagpur,Maharashtra,17 Apr 2025,Cancelled,,,,1.0
ORD100032,CUST0331,Customer_331,28-03-2025,fashion,Men Tshirt,0.0,1576.6,30.0,Cash on Delivery,app,Lucknow,Uttar Pradesh,04/03/2025,Refunded,Quality Not as Expected,1385.59,12-04-2025,4.0
ORD102718,CUST0260,Customer_260,02/03/25,Beauty,Perfume,1.0,3040.75,-5.0,Debit Card,Web,Jaipur,Rajasthan,,cancelled ,,,,5.0
ORD100011,CUST0348,Customer_348,05-03-2025,ELECTRONICS,Smartwatch,2.0,3287.27,50.0,UPI,Web,Mumbai,Maharashtra,14/03/25,Refunded,Product Damaged,5551.59,03/15/2025,
ORD100065,CUST0406,Customer_406,05/11/2025,HOME & KITCHEN,LED Bulb,3.0,4707.84,120.0,UPI,Web,Chennai,Tamil Nadu,05/17/2025,Cancelled,,,,3.0
ORD100777,CUST0372,Customer_372,01/21/2025,electronics,Headphones,3.0,2012.12,-5.0,Cash on Delivery,App,Kochi,Kerala,26/01/25,Delivered,,,,5.0
ORD100078,CUST0400,Customer_400,03/30/2025, Beauty,Face Wash,3.0,₹1633.85,5.0,UPI,app,Bengaluru,Karnataka,2025-04-09,delivered,,,,3.0
ORD100492,CUST0029,Customer_29,18/02/25,FASHION,Jeans,1.0,532.12,20.0,UPI,Mobile App,Kolkata,West Bengal,03/01/2025,Returned,Not as described,,09-03-2025,1.0
ORD102114,CUST0158,Customer_158,01 Feb 2025, Fashion,Handbag,-1.0,"2,555.03",20.0,COD,App,Patna,Bihar,,delivered,,,,
ORD102645,CUST0209,Customer_209,05/04/25,Home & Kitchen ,Bedsheet,2.0,3295.97,20.0,Debit Card,WEB,Patna,Bihar,08-04-2025,RTO,Quality Not as Expected,5149.85,14 Apr 2025,
ORD100592,CUST0178,Customer_178,03-02-2025,Beauty,Sunscreen,1.0,2311.77,10.0,Debit Card,App,Pune,Maharashtra,,cancelled ,,,,5.0
ORD101286,CUST0017,Customer_17,22 Jun 2025,electronics,Mobile Cover,1.0,1094.64,10.0,upi,Web,Hyderabad,Telangana,26/06/25,Cancelled,,,,2.0
ORD102409,CUST0443,Customer_443,09 Mar 2025,Fashion ,Jeans,1.0,5205.3,0.0,Debit Card,App,Jaipur,Rajasthan,2025-03-18,returned,Duplicate Order,4787.14,,5.0
ORD100725,CUST0222,Customer_222,10 May 2025,Sports,Football,1.0,4150.37,0.0,Cash on Delivery,Mobile App,Indore,MP,2025-05-19,delivered,,,,1.0
ORD101213,CUST0296,Customer_296,2025-01-01, Home & Kitchen,Storage Box,0.0,972.99,-5.0,Debit Card,app,Kolkata,West Bengal,05-01-2025,Refunded,quality issue,884.18,2025-01-13,4.0
ORD102467,CUST0246,Customer_246,19 Jun 2025,Electronics,Smartwatch,0.0,4768.19,0.0,COD,Web,Bhopal,Madhya Pradesh,27/06/25,RTO,Size Issue,4131.08,,4.0
ORD101638,CUST0167,Customer_167,2025-04-26, Beauty,Hair Oil,-1.0,4892.99,50.0,Net Banking,Mobile App,Chandigarh,Punjab,2025-04-29,Cancelled,,,,
ORD102737,CUST0095,Customer_95,07-06-2025,Home & Kitchen ,Bedsheet,1.0,1691.83,-5.0,COD,app,Indore,MP,15-06-2025,delivered,,,,
ORD102797,CUST0297,Customer_297,04 Apr 2025,sports,Cricket Bat,3.0,4319.86,120.0,Debit Card,WEB,Chennai,Tamil Nadu,2025-04-16,cancelled ,,,,2.0
ORD100983,CUST0166,Customer_166,02/20/2025,sports,Skipping Rope,-1.0,2436.43,10.0,UPI,Web,Chennai,Tamil Nadu,01/03/25,DELIVERED ,Quality Not as Expected,,,
ORD100707,CUST0564,Customer_564,24/03/25,electronics,Power Bank,-1.0,1191.29,20.0,COD,App,Bengaluru,Karnataka,25-03-2025,RTO,size issue,,,3.0
ORD101688,CUST0249,Customer_249,24 May 2025,Beauty,Sunscreen,1.0,5471.44,120.0,Net Banking,Mobile App,Nagpur,Maharashtra,,In Transit,,,,5.0
ORD102508,CUST0488,Customer_488,01/04/2025,electronics,Headphones,1.0,4061.4,0.0,Cash on Delivery,App,Kolkata,West Bengal,,In Transit,,,,2.0
ORD100274,CUST0505,Customer_505,30-04-2025,FASHION,Handbag,2.0,₹5878.66,0.0,Debit Card,app,Pune,Maharashtra,10 May 2025,Returned,Late Delivery,8979.08,2025-05-15,2.0
ORD101710,CUST0243,Customer_243,22 Jan 2025,Sports,Dumbbells,1.0,5889.04,-5.0,Net Banking,Web,Patna,Bihar,31-01-2025,RTO,quality issue,5004.92,2025-02-05,1.0
ORD102624,CUST0085,Customer_85,08-05-2025,Sports,Football,1.0,307.4,20.0,UPI,App,Bangalore,Karnataka,05/11/2025,returned,size issue,268.75,,
ORD100964,CUST0217,Customer_217,18-01-2025, Home & Kitchen,Mixer Grinder,2.0,5023.73,15.0,Debit Card,App,Patna,Bihar,,In Transit,,,,1.0
ORD102403,CUST0515,Customer_515,08/02/25,Beauty,Lipstick,1.0,₹959.67,120.0,UPI,app,Pune,Maharashtra,17/02/25,RTO,Size Issue,945.46,23/02/25,
ORD102736,CUST0242,Customer_242,16/05/25,Fashion,Women Kurti,2.0,3518.79,0.0,UPI,WEB,Indore,MP,,In Transit,,,,1.0
ORD102047,CUST0357,Customer_357,02-06-2025,Fashion,Sneakers,3.0,3232.5,120.0,COD,App,Delhi,Delhi,06/14/2025,cancelled ,,,,2.0
ORD102547,CUST0295,Customer_295,05 Jan 2025, Sports,Football,1.0,5086.61,10.0,Credit Card,App,Mumbai,Maharashtra,01/17/2025,delivered,,,,
ORD102444,CUST0046,Customer_46,21/05/25,Home & Kitchen ,LED Bulb,1.0,2475.57,20.0,Cash on Delivery,App,Kolkata,West Bengal,30-05-2025,cancelled ,,,,3.0
ORD101453,CUST0148,Customer_148,2025-02-20, Electronics,Power Bank,3.0,4896.84,-5.0,Debit Card,app,Mumbai,Maharashtra,03/03/25,Returned,Damaged in transit,13244.39,03/09/2025,
ORD100150,CUST0071,Customer_71,2025-05-25,beauty,Hair Oil,3.0,655.36,20.0,Cash on Delivery,Web,Patna,Bihar,29/05/25,RTO,,1824.81,30 May 2025,1.0
ORD101758,CUST0033,Customer_33,21 Mar 2025,ELECTRONICS,Power Bank,1.0,₹5564.57,-5.0,UPI,WEB,Indore,MP,2025-03-23,delivered,,,,
ORD100219,CUST0096,Customer_96,2025-04-18,Beauty ,Lipstick,1.0,5397.27,120.0,Cash on Delivery,WEB,Patna,Bihar,04/30/2025,Delivered,,,,2.0
ORD100240,CUST0193,Customer_193,05/06/2025,ELECTRONICS,Smartwatch,2.0,795.58,-5.0,Credit Card,App,Mumbai,Maharashtra,07/05/25,Cancelled,,,,3.0
ORD101132,CUST0395,Customer_395,05/16/2025, Electronics,Smartwatch,-1.0,₹2442.69,0.0,upi,Web,Pune,Maharashtra,20 May 2025,Delivered,,,,
ORD102591,CUST0201,Customer_201,03/30/2025,home & kitchen,LED Bulb,-1.0,4541.12,5.0,Net Banking,Mobile App,Ahmedabad,Gujarat,,In Transit,,,,
ORD102240,CUST0077,Customer_77,06/22/2025,Beauty ,Sunscreen,2.0,3919.83,15.0,Cash on Delivery,App,Bhopal,Madhya Pradesh,2025-07-04,Refunded,Late Delivery,6008.54,12 Jul 2025,
ORD101254,CUST0111,Customer_111,04/09/2025,home & kitchen,Storage Box,3.0,2832.43,0.0,Debit Card,Web,Bangalore,Karnataka,19-04-2025,Refunded,Quality Not as Expected,6557.77,04/23/2025,
ORD101054,CUST0586,Customer_586,05/16/2025,electronics,Power Bank,1.0,651.66,-5.0,Cash on Delivery,app,Hyderabad,Telangana,05/26/2025,cancelled ,,,,5.0
ORD101669,CUST0511,Customer_511,06/05/25, Beauty,Sunscreen,1.0,2106.63,0.0,UPI,App,Lucknow,Uttar Pradesh,07 May 2025,delivered,,,,5.0
ORD102433,CUST0529,Customer_529,2025-03-27,sports,Yoga Mat,-1.0,3048.72,15.0,upi,App,Surat,gujarat,02/04/25,Cancelled,,,,1.0
ORD102512,CUST0045,Customer_45,25-03-2025,ELECTRONICS,Headphones,2.0,1649.28,-5.0,Debit Card,Mobile App,Chandigarh,Punjab,28-03-2025,RTO,Not as described,2562.89,2025-04-07,
ORD101358,CUST0134,Customer_134,2025-04-07,HOME & KITCHEN,Mixer Grinder,3.0,5247.07,10.0,Net Banking,app,Chennai,Tamil Nadu,,In Transit,,,,
ORD100776,CUST0265,Customer_265,20 Jan 2025,beauty,Lipstick,3.0,5120.96,25.0,Debit Card,app,Mumbai,Maharashtra,01-02-2025,returned,Product Damaged,14761.45,11/02/25,2.0
ORD102511,CUST0109,Customer_109,06/20/2025,Fashion,Jeans,0.0,5062.65,25.0,Cash on Delivery,Web,Delhi,Delhi,06/23/2025,cancelled ,,,,
ORD100840,CUST0137,Customer_137,27-05-2025,sports,Skipping Rope,-1.0,5007.3,120.0,Credit Card,Mobile App,Jaipur,Rajasthan,03-06-2025,Cancelled,,,,
ORD100628,CUST0522,Customer_522,29/03/25,BEAUTY,Perfume,1.0,533.52,50.0,Debit Card,Mobile App,Hyderabad,Telangana,04/02/2025,DELIVERED ,,,,
ORD100324,CUST0086,Customer_86,2025-06-20,Sports,Football,-1.0,1287.53,0.0,COD,app,Lucknow,Uttar Pradesh,23 Jun 2025,cancelled ,Quality Not as Expected,,,
ORD102633,CUST0495,Customer_495,29/03/25,Beauty ,Face Wash,-1.0,3411.76,120.0,upi,WEB,Jaipur,Rajasthan,04/09/2025,returned,Wrong Item Delivered,,2025-04-17,1.0
ORD101868,CUST0068,Customer_68,16/01/25, Beauty,Face Wash,1.0,5955.44,15.0,Credit Card,WEB,Ahmedabad,Gujarat,21/01/25,Cancelled,,,,
ORD101161,CUST0527,Customer_527,2025-03-31,Electronics ,Headphones,1.0,3839.14,30.0,Cash on Delivery,app,Ahmedabad,Gujarat,,In Transit,,,,
ORD101077,CUST0482,Customer_482,2025-05-05,FASHION,Women Kurti,-1.0,1620.19,15.0,Cash on Delivery,App,Kochi,Kerala,06 May 2025,Returned,Size Issue,1273.53,,
ORD100438,CUST0092,Customer_92,01/02/2025,electronics,Mobile Cover,1.0,1723.77,20.0,COD,app,Chandigarh,Punjab,03 Jan 2025,Refunded,,1297.86,,3.0
ORD100120,CUST0600,Customer_600,04/08/2025,Beauty ,Face Wash,2.0,4818.62,10.0,Debit Card,WEB,Mumbai,Maharashtra,14-04-2025,cancelled ,,,,5.0
ORD102533,CUST0268,Customer_268,05/12/2025,Fashion ,Sneakers,1.0,4266.92,120.0,Net Banking,Web,Lucknow,Uttar Pradesh,2025-05-21,Cancelled,,,,
ORD102367,CUST0370,Customer_370,2025-03-17,Electronics ,Mobile Cover,1.0,2206.19,30.0,Cash on Delivery,Web,Nagpur,Maharashtra,2025-03-27,delivered,,,,
ORD101815,CUST0154,Customer_154,25/04/25, Fashion,Sneakers,2.0,"2,016.97",120.0,Credit Card,Mobile App,Hyderabad,Telangana,06-05-2025,Cancelled,,,,4.0
ORD101840,CUST0012,Customer_12,09/04/25,Home & Kitchen,Mixer Grinder,1.0,519.78,15.0,Debit Card,App,Pune,Maharashtra,11/04/25,Delivered,,,,1.0
ORD101027,CUST0054,Customer_54,29 Mar 2025,Sports ,Skipping Rope,1.0,4183.54,120.0,Cash on Delivery,app,Chennai,Tamil Nadu,,Returned,Product Damaged,,,
ORD100077,CUST0528,Customer_528,17-02-2025,SPORTS,Dumbbells,2.0,2661.05,30.0,Net Banking,Mobile App,Chandigarh,Punjab,,In Transit,,,,1.0
ORD100901,CUST0274,Customer_274,12-05-2025,sports,Dumbbells,2.0,₹5304.41,5.0,UPI,WEB,Chandigarh,Punjab,2025-05-20,cancelled ,,,,3.0
ORD100372,CUST0302,Customer_302,07/05/25,Sports,Football,3.0,196.06,30.0,COD,WEB,Pune,Maharashtra,2025-05-19,RTO,Changed Mind,539.59,05/27/2025,1.0
ORD101205,CUST0478,Customer_478,30/03/25,fashion,Jeans,-1.0,5102.37,5.0,Debit Card,Mobile App,Patna,Bihar,08-04-2025,Cancelled,,,,2.0
ORD102439,CUST0344,Customer_344,09-03-2025,sports,Skipping Rope,2.0,4066.24,-5.0,Cash on Delivery,Web,Pune,Maharashtra,,delivered,,,,
ORD100942,CUST0382,Customer_382,20-02-2025,FASHION,Men Tshirt,1.0,2594.88,30.0,Cash on Delivery,WEB,Chennai,Tamil Nadu,26/02/25,Delivered,,,,
ORD100553,CUST0209,Customer_209,01/10/2025,FASHION,Handbag,2.0,4490.17,10.0,COD,App,Mumbai,Maharashtra,21-01-2025,Refunded,Wrong Item Delivered,7321.25,23-01-2025,5.0
ORD100407,CUST0508,Customer_508,04/07/2025,FASHION,Men Tshirt,2.0,2879.24,25.0,UPI,App,Lucknow,Uttar Pradesh,10-04-2025,cancelled ,,,,2.0
ORD102118,CUST0477,Customer_477,03-02-2025,Beauty ,Sunscreen,1.0,680.03,30.0,Cash on Delivery,Mobile App,Mumbai,Maharashtra,,In Transit,,,,3.0
ORD101614,CUST0442,Customer_442,13/06/25,Electronics,Mobile Cover,2.0,3049.55,25.0,upi,app,Chennai,Tamil Nadu,14 Jun 2025,delivered,,,,5.0
ORD100969,CUST0190,Customer_190,17/05/25, Fashion,Sneakers,1.0,2843.24,120.0,Cash on Delivery,Web,Chennai,Tamil Nadu,2025-05-28,Refunded,Duplicate Order,2758.04,06/02/2025,2.0
ORD102350,CUST0153,Customer_153,05/17/2025,Home & Kitchen,Non-stick Pan,1.0,3710.88,30.0,upi,App,Chennai,Tamil Nadu,2025-05-27,Delivered,,,,3.0
ORD101747,CUST0073,Customer_73,09 May 2025,Electronics ,Bluetooth Speaker,2.0,1545.84,120.0,upi,app,Bhopal,Madhya Pradesh,,DELIVERED ,,,,5.0
ORD100690,CUST0202,Customer_202,04/17/2025,Home & Kitchen,LED Bulb,3.0,"3,676.45",-5.0,UPI,WEB,Chandigarh,Punjab,2025-04-22,Cancelled,,,,3.0
ORD101739,CUST0021,Customer_21,05/07/2025,Fashion,Women Kurti,3.0,₹5148.67,-5.0,Debit Card,Web,Lucknow,Uttar Pradesh,05/15/2025,returned,quality issue,14914.8,24/05/25,4.0
ORD100237,CUST0554,Customer_554,27/04/25, Home & Kitchen,Storage Box,1.0,5821.82,-5.0,Debit Card,WEB,Ahmedabad,Gujarat,06/05/25,cancelled ,,,,2.0
ORD102753,CUST0463,Customer_463,26 Feb 2025,Electronics,Headphones,2.0,1814.27,50.0,UPI,WEB,Kolkata,West Bengal,06 Mar 2025,delivered,,,,2.0
ORD101987,CUST0201,Customer_201,2025-06-02,Beauty ,Lipstick,-1.0,2284.61,10.0,COD,App,Surat,gujarat,14 Jun 2025,RTO,Quality Not as Expected,1953.45,15 Jun 2025,2.0
ORD101984,CUST0574,Customer_574,2025-04-09, Electronics,Headphones,1.0,3207.16,50.0,upi,WEB,Bangalore,Karnataka,21-04-2025,cancelled ,,,,4.0
ORD100500,CUST0219,Customer_219,12 Mar 2025,Electronics,Smartwatch,-1.0,1728.61,5.0,Net Banking,Web,Bhopal,Madhya Pradesh,17 Mar 2025,delivered,,,,5.0
ORD100823,CUST0555,Customer_555,12 Feb 2025,Fashion ,Women Kurti,2.0,5121.12,0.0,COD,Mobile App,Chandigarh,Punjab,,Returned,quality issue,8365.72,15 Feb 2025,4.0
ORD100795,CUST0538,Customer_538,05/06/2025,sports,Yoga Mat,2.0,2092.64,30.0,Credit Card,Mobile App,Chandigarh,Punjab,10-05-2025,DELIVERED ,,,,
ORD100991,CUST0183,Customer_183,03/07/2025,Sports,Cricket Bat,0.0,746.84,30.0,Debit Card,app,Mumbai,Maharashtra,03/16/2025,Returned,Product Damaged,,2025-03-23,5.0
ORD100568,CUST0295,Customer_295,01/28/2025, Home & Kitchen,Bedsheet,2.0,5329.29,-5.0,Cash on Delivery,Web,Chandigarh,Punjab,31/01/25,returned,Size Issue,7588.09,02/09/2025,1.0
ORD100391,CUST0334,Customer_334,08 Mar 2025,Fashion,Men Tshirt,2.0,2431.15,25.0,COD,Mobile App,Chennai,Tamil Nadu,09/03/25,delivered,,,,
ORD100744,CUST0092,Customer_92,02/13/2025,beauty,Hair Oil,2.0,1724.36,10.0,Cash on Delivery,App,Hyderabad,Telangana,24/02/25,RTO,quality issue,3201.15,,3.0
ORD101218,CUST0335,Customer_335,03-05-2025,fashion,Women Kurti,1.0,710.65,30.0,UPI,App,Bengaluru,Karnataka,2025-05-09,delivered,,,,
ORD100236,CUST0407,Customer_407,03/21/2025,Sports,Yoga Mat,2.0,3765.9,30.0,Net Banking,Web,Bengaluru,Karnataka,04/02/2025,Returned,Size Issue,,08 Apr 2025,
ORD102655,CUST0508,Customer_508,10/06/25,Sports ,Football,2.0,4057.11,5.0,COD,App,Kolkata,West Bengal,19 Jun 2025,returned,Product Damaged,7285.2,20-06-2025,3.0
ORD100481,CUST0113,Customer_113,04-01-2025,ELECTRONICS,Headphones,2.0,4655.19,-5.0,Credit Card,Web,Nagpur,Maharashtra,2025-01-13,delivered,,,,
ORD102043,CUST0396,Customer_396,18-02-2025,BEAUTY,Lipstick,1.0,2367.97,10.0,Net Banking,Mobile App,Delhi,Delhi,20 Feb 2025,Delivered,,,,
ORD101678,CUST0526,Customer_526,2025-01-27, Electronics,Mobile Cover,3.0,5093.05,30.0,Debit Card,Mobile App,Kochi,Kerala,08/02/25,Delivered,,,,
ORD102635,CUST0324,Customer_324,04/05/2025,home & kitchen,LED Bulb,1.0,3572.41,5.0,Debit Card,App,Kochi,Kerala,,In Transit,,,,
ORD102782,CUST0365,Customer_365,06/05/25,Fashion,Men Tshirt,2.0,4638.74,20.0,COD,Mobile App,Bangalore,Karnataka,,delivered,,,,1.0
ORD102484,CUST0238,Customer_238,2025-01-20,Sports ,Cricket Bat,1.0,486.85,-5.0,upi,Web,Mumbai,Maharashtra,21/01/25,Cancelled,,,,
ORD102542,CUST0007,Customer_7,13 Feb 2025,Beauty,Face Wash,1.0,186.1,5.0,Debit Card,App,Pune,Maharashtra,,In Transit,,,,1.0
ORD100121,CUST0105,Customer_105,2025-01-23,FASHION,Men Tshirt,-1.0,2775.74,0.0,Cash on Delivery,WEB,Jaipur,Rajasthan,,In Transit,quality issue,,,
ORD101273,CUST0210,Customer_210,04 Jun 2025, Fashion,Sneakers,-1.0,284.2,120.0,COD,App,Hyderabad,Telangana,16-06-2025,Refunded,Quality Not as Expected,220.53,23/06/25,3.0
ORD100927,CUST0011,Customer_11,30/03/25,Fashion,Sneakers,1.0,2019.12,10.0,UPI,WEB,Jaipur,Rajasthan,07/04/25,returned,Wrong Item Delivered,,09 Apr 2025,4.0
ORD101595,CUST0190,Customer_190,02-01-2025, Fashion,Sneakers,2.0,3423.47,50.0,Debit Card,Web,Bengaluru,Karnataka,11-01-2025,Refunded,Product Damaged,4987.6,,1.0
ORD100224,CUST0011,Customer_11,06/07/2025,fashion,Handbag,2.0,346.61,15.0,UPI,app,Bangalore,Karnataka,13-06-2025,Delivered,,,,
ORD100767,CUST0046,Customer_46,29/04/25,Home & Kitchen,LED Bulb,-1.0,"3,597.52",30.0,COD,app,Chennai,Tamil Nadu,03/05/25,RTO,Wrong Item Delivered,3437.97,2025-05-13,
ORD100614,CUST0183,Customer_183,2025-03-23,Fashion ,Sneakers,-1.0,2209.34,20.0,Net Banking,Mobile App,Chandigarh,Punjab,2025-04-03,delivered,,,,
ORD101246,CUST0199,Customer_199,2025-04-22,HOME & KITCHEN,Bedsheet,1.0,4631.94,0.0,Net Banking,App,Patna,Bihar,2025-05-03,delivered,,,,
ORD101541,CUST0415,Customer_415,01/24/2025,home & kitchen,Mixer Grinder,2.0,₹2728.73,25.0,Cash on Delivery,WEB,Chennai,Tamil Nadu,01/02/25,Returned,,5050.76,11 Feb 2025,
ORD100053,CUST0287,Customer_287,2025-05-20,ELECTRONICS,Bluetooth Speaker,0.0,2751.47,25.0,UPI,Web,Surat,gujarat,27-05-2025,Delivered,,,,1.0
ORD100530,CUST0558,Customer_558,2025-04-17,BEAUTY,Sunscreen,2.0,5475.41,-5.0,upi,app,Chandigarh,Punjab,,returned,Not as described,,2025-05-01,5.0
ORD101900,CUST0314,Customer_314,11-01-2025,electronics,Headphones,-1.0,864.58,0.0,Credit Card,Mobile App,Surat,gujarat,21-01-2025,delivered,,,,
ORD101996,CUST0001,Customer_1,22-03-2025, Fashion,Women Kurti,2.0,1359.41,20.0,Debit Card,App,Mumbai,Maharashtra,2025-03-25,Cancelled,,,,3.0
ORD100819,CUST0414,Customer_414,05/02/2025,Sports,Skipping Rope,-1.0,₹3789.97,120.0,upi,WEB,Mumbai,Maharashtra,13 May 2025,cancelled ,,,,4.0
ORD100156,CUST0023,Customer_23,11 Jan 2025, Electronics,Smartwatch,1.0,688.08,5.0,COD,App,Indore,MP,14 Jan 2025,Delivered,,,,
ORD102771,CUST0098,Customer_98,23/03/25,BEAUTY,Lipstick,1.0,4004.07,10.0,COD,App,Lucknow,Uttar Pradesh,26 Mar 2025,Returned,size issue,3839.28,31/03/25,2.0
ORD100249,CUST0014,Customer_14,05-04-2025,Fashion,Sneakers,0.0,4835.97,30.0,UPI,Web,Ahmedabad,Gujarat,10-04-2025,RTO,Late Delivery,,19 Apr 2025,4.0
ORD100762,CUST0317,Customer_317,01/31/2025,HOME & KITCHEN,Non-stick Pan,0.0,"1,020.02",-5.0,Cash on Delivery,app,Ahmedabad,Gujarat,08-02-2025,delivered,,,,4.0
ORD101895,CUST0578,Customer_578,01/23/2025,HOME & KITCHEN,Storage Box,-1.0,4871.34,20.0,Cash on Delivery,app,Kochi,Kerala,24-01-2025,Refunded,Duplicate Order,3460.12,02-02-2025,
ORD102030,CUST0461,Customer_461,02/26/2025,sports,Yoga Mat,2.0,1919.08,120.0,UPI,App,Chandigarh,Punjab,28-02-2025,Returned,quality issue,3309.13,,4.0
ORD101131,CUST0304,Customer_304,13/05/25,home & kitchen,Storage Box,1.0,₹4014.0,10.0,upi,app,Surat,gujarat,05/19/2025,RTO,size issue,,26/05/25,2.0
ORD100543,CUST0488,Customer_488,17-01-2025,HOME & KITCHEN,Non-stick Pan,1.0,5413.8,30.0,Cash on Delivery,app,Surat,gujarat,22-01-2025,RTO,Not as described,3837.51,,2.0
ORD100794,CUST0574,Customer_574,03-03-2025,Beauty ,Perfume,1.0,459.07,10.0,Credit Card,Mobile App,Nagpur,Maharashtra,,In Transit,,,,
ORD101726,CUST0160,Customer_160,12-06-2025,sports,Dumbbells,0.0,5831.11,120.0,Cash on Delivery,Web,Pune,Maharashtra,14 Jun 2025,delivered,,,,
ORD100629,CUST0106,Customer_106,10/02/25,HOME & KITCHEN,Storage Box,1.0,2044.03,10.0,Cash on Delivery,app,Bhopal,Madhya Pradesh,16 Feb 2025,DELIVERED ,,,,5.0
ORD102199,CUST0268,Customer_268,07 May 2025, Home & Kitchen,Non-stick Pan,1.0,4710.49,50.0,upi,Mobile App,Nagpur,Maharashtra,05/16/2025,Returned,size issue,4010.0,20/05/25,5.0
ORD102600,CUST0027,Customer_27,2025-03-15,fashion,Sneakers,3.0,5825.13,25.0,Credit Card,App,Jaipur,Rajasthan,27 Mar 2025,Refunded,Not as described,,2025-04-03,4.0
ORD102340,CUST0432,Customer_432,21/06/25,ELECTRONICS,Power Bank,-1.0,1244.06,-5.0,Net Banking,Web,Hyderabad,Telangana,29 Jun 2025,RTO,,1224.03,,5.0
ORD102742,CUST0493,Customer_493,12-03-2025,BEAUTY,Lipstick,2.0,"4,365.97",25.0,COD,WEB,Kochi,Kerala,20 Mar 2025,Refunded,size issue,,21-03-2025,
ORD101368,CUST0320,Customer_320,11 May 2025, Home & Kitchen,Bedsheet,-1.0,5551.4,30.0,COD,WEB,Bhopal,Madhya Pradesh,16/05/25,Delivered,,,,3.0
ORD101621,CUST0172,Customer_172,01/18/2025, Sports,Cricket Bat,2.0,₹4770.44,0.0,UPI,app,Kochi,Kerala,24-01-2025,returned,Late Delivery,,26/01/25,5.0
ORD102682,CUST0271,Customer_271,11-03-2025,Electronics,Power Bank,-1.0,3612.63,10.0,Cash on Delivery,App,Jaipur,Rajasthan,,In Transit,,,,
ORD101072,CUST0415,Customer_415,01/24/2025,Beauty,Hair Oil,3.0,5103.44,10.0,Cash on Delivery,Web,Nagpur,Maharashtra,2025-01-29,Cancelled,,,,1.0
ORD100555,CUST0438,Customer_438,29 Apr 2025,Electronics ,Headphones,-1.0,5721.97,120.0,Credit Card,WEB,Kolkata,West Bengal,11/05/25,RTO,Changed Mind,5592.64,,1.0
ORD101829,CUST0565,Customer_565,25-02-2025,ELECTRONICS,Headphones,1.0,₹5592.72,30.0,upi,Web,Mumbai,Maharashtra,,In Transit,,,,2.0
ORD100827,CUST0069,Customer_69,04/02/2025,FASHION,Women Kurti,0.0,1507.86,25.0,COD,Mobile App,Delhi,Delhi,08 Apr 2025,Returned,size issue,1148.2,11-04-2025,2.0
ORD103382,,,,,,,,,,,,,,,,,,
ORD101985,CUST0415,Customer_415,2025-06-28,Fashion ,Men Tshirt,-1.0,1179.92,30.0,UPI,Mobile App,Jaipur,Rajasthan,02-07-2025,returned,Quality Not as Expected,1177.13,03-07-2025,
ORD101838,CUST0423,Customer_423,06-05-2025,Beauty,Perfume,2.0,4722.76,-5.0,upi,WEB,Mumbai,Maharashtra,05/15/2025,Delivered,,,,5.0
ORD100536,CUST0007,Customer_7,27/03/25, Beauty,Sunscreen,1.0,645.26,5.0,UPI,Mobile App,Pune,Maharashtra,2025-04-01,delivered,,,,1.0
ORD102571,CUST0300,Customer_300,30-03-2025, Home & Kitchen,Bedsheet,0.0,5533.64,30.0,Credit Card,Web,Chennai,Tamil Nadu,,In Transit,,,,4.0
ORD100155,CUST0464,Customer_464,01/16/2025,SPORTS,Skipping Rope,1.0,2852.95,0.0,Net Banking,Mobile App,Nagpur,Maharashtra,2025-01-20,DELIVERED ,,,,2.0
ORD102631,CUST0540,Customer_540,27/03/25,beauty,Face Wash,-1.0,5336.0,15.0,UPI,app,Hyderabad,Telangana,04/07/2025,Delivered,,,,4.0
ORD102709,CUST0383,Customer_383,06/24/2025,Electronics,Headphones,2.0,1892.23,30.0,Debit Card,WEB,Patna,Bihar,06/30/2025,Delivered,,,,3.0
ORD100323,CUST0579,Customer_579,07 Jan 2025,Beauty,Hair Oil,0.0,5416.02,20.0,UPI,Mobile App,Jaipur,Rajasthan,11-01-2025,RTO,Duplicate Order,4646.57,01/16/2025,1.0
ORD101711,CUST0395,Customer_395,30-04-2025,home & kitchen,LED Bulb,1.0,5877.83,25.0,COD,Web,Kolkata,West Bengal,07-05-2025,Refunded,Size Issue,5667.53,05/10/2025,
ORD100015,CUST0292,Customer_292,20/06/25,Fashion ,Sneakers,2.0,3728.31,0.0,UPI,App,Kolkata,West Bengal,07/01/2025,returned,,5828.87,07/07/2025,5.0
ORD101799,CUST0146,Customer_146,06/05/2025, Fashion,Men Tshirt,1.0,4168.59,30.0,COD,app,Chandigarh,Punjab,06/14/2025,RTO,Size Issue,,2025-06-17,
ORD102712,CUST0120,Customer_120,10 Jan 2025,home & kitchen,Storage Box,1.0,2598.64,120.0,Cash on Delivery,app,Bhopal,Madhya Pradesh,2025-01-16,Refunded,Late Delivery,2403.6,2025-01-23,
ORD100083,CUST0543,Customer_543,13 May 2025,home & kitchen,Bedsheet,2.0,1610.23,50.0,upi,WEB,Kolkata,West Bengal,,In Transit,,,,5.0
ORD101944,CUST0274,Customer_274,05/03/2025, Home & Kitchen,Storage Box,1.0,5392.36,-5.0,COD,app,Kolkata,West Bengal,2025-05-10,cancelled ,,,,
ORD101989,CUST0483,Customer_483,15-03-2025,Home & Kitchen,Bedsheet,1.0,526.38,120.0,Net Banking,app,Nagpur,Maharashtra,03/23/2025,Cancelled,,,,
ORD101384,CUST0017,Customer_17,2025-04-18,beauty,Face Wash,1.0,1164.99,0.0,UPI,Mobile App,Jaipur,Rajasthan,26 Apr 2025,returned,Size Issue,844.65,06/05/25,
ORD101575,CUST0158,Customer_158,11-04-2025,HOME & KITCHEN,Bedsheet,2.0,590.16,5.0,UPI,App,Nagpur,Maharashtra,22/04/25,Returned,Quality Not as Expected,1070.56,04/23/2025,
ORD102059,CUST0458,Customer_458,06/12/2025, Fashion,Sneakers,1.0,2470.86,-5.0,Net Banking,app,Nagpur,Maharashtra,14-06-2025,returned,Wrong Item Delivered,,06/21/2025,
ORD102774,CUST0319,Customer_319,24 Jan 2025,home & kitchen,Mixer Grinder,1.0,3510.89,50.0,Credit Card,App,Kochi,Kerala,,In Transit,,,,3.0
ORD101495,CUST0180,Customer_180,02/12/2025,BEAUTY,Sunscreen,0.0,3561.56,25.0,Debit Card,app,Kolkata,West Bengal,15 Feb 2025,Cancelled,,,,5.0
ORD100832,CUST0024,Customer_24,29-06-2025,Beauty ,Sunscreen,-1.0,2506.27,50.0,Cash on Delivery,Web,Chandigarh,Punjab,07 Jul 2025,cancelled ,,,,1.0
ORD102081,CUST0340,Customer_340,04/01/2025,Electronics ,Headphones,1.0,1148.23,30.0,Net Banking,app,Lucknow,Uttar Pradesh,02-04-2025,Cancelled,,,,5.0
ORD101175,CUST0080,Customer_80,2025-01-04,Home & Kitchen ,Storage Box,-1.0,351.13,25.0,Cash on Delivery,WEB,Bengaluru,Karnataka,01/16/2025,RTO,,277.03,,4.0
ORD100414,CUST0368,Customer_368,03-04-2025,Electronics ,Bluetooth Speaker,1.0,4747.36,5.0,Debit Card,app,Jaipur,Rajasthan,,In Transit,,,,5.0
ORD101818,CUST0421,Customer_421,2025-05-12,Fashion,Jeans,0.0,1978.76,5.0,Net Banking,WEB,Indore,MP,24 May 2025,delivered,,,,
ORD100166,CUST0161,Customer_161,2025-03-09,electronics,Headphones,2.0,5850.23,120.0,Cash on Delivery,WEB,Kochi,Kerala,13 Mar 2025,returned,Product Damaged,,,2.0
ORD102480,CUST0055,Customer_55,2025-06-19,sports,Dumbbells,1.0,1369.45,30.0,upi,Mobile App,Lucknow,Uttar Pradesh,,returned,Damaged in transit,1078.03,07 Jul 2025,4.0
ORD102708,CUST0121,Customer_121,04-02-2025,ELECTRONICS,Headphones,3.0,2513.21,30.0,Net Banking,App,Bengaluru,Karnataka,16-02-2025,Delivered,,,,
ORD100615,CUST0507,Customer_507,27 Mar 2025, Beauty,Hair Oil,1.0,5554.88,120.0,COD,WEB,Bhopal,Madhya Pradesh,07 Apr 2025,DELIVERED ,,,,1.0
ORD101015,CUST0209,Customer_209,2025-05-19, Electronics,Bluetooth Speaker,2.0,717.98,50.0,upi,App,Patna,Bihar,27/05/25,cancelled ,,,,
ORD102138,CUST0454,Customer_454,08/06/25,Electronics,Smartwatch,1.0,3412.02,0.0,Net Banking,Mobile App,Surat,gujarat,20/06/25,Cancelled,,,,5.0
ORD102644,CUST0092,Customer_92,2025-06-28,fashion,Sneakers,-1.0,₹1966.25,10.0,Credit Card,Mobile App,Bhopal,Madhya Pradesh,01-07-2025,returned,,1765.04,,5.0
ORD101238,CUST0309,Customer_309,2025-01-31, Sports,Yoga Mat,1.0,4727.38,10.0,Debit Card,Web,Nagpur,Maharashtra,02/01/2025,returned,Quality Not as Expected,,02/08/2025,
ORD102182,CUST0299,Customer_299,06/25/2025, Home & Kitchen,Mixer Grinder,-1.0,5245.86,50.0,Cash on Delivery,WEB,Bhopal,Madhya Pradesh,30-06-2025,RTO,Size Issue,3719.0,06/07/25,3.0
ORD100556,CUST0288,Customer_288,2025-03-10,HOME & KITCHEN,Mixer Grinder,2.0,2124.56,25.0,Cash on Delivery,app,Jaipur,Rajasthan,11/03/25,RTO,Product Damaged,2996.39,,1.0
ORD102369,CUST0243,Customer_243,03 May 2025, Fashion,Men Tshirt,0.0,1782.64,5.0,Credit Card,WEB,Kolkata,West Bengal,09-05-2025,Refunded,Quality Not as Expected,1354.31,15 May 2025,
ORD102702,CUST0469,Customer_469,26 Jun 2025,Home & Kitchen ,Non-stick Pan,-1.0,4337.76,10.0,upi,Mobile App,Kochi,Kerala,2025-06-28,RTO,Changed Mind,3744.61,,5.0
ORD101212,CUST0498,Customer_498,2025-05-21,beauty,Perfume,1.0,₹1896.99,15.0,UPI,Web,Jaipur,Rajasthan,2025-05-24,Delivered,,,,5.0
ORD102681,CUST0256,Customer_256,2025-01-14,fashion,Men Tshirt,1.0,5992.29,25.0,UPI,Mobile App,Surat,gujarat,01/18/2025,returned,Product Damaged,5788.86,21/01/25,5.0
ORD100635,CUST0552,Customer_552,29/01/25,Beauty ,Hair Oil,3.0,3861.09,120.0,Net Banking,Web,Surat,gujarat,07-02-2025,DELIVERED ,,,,
ORD101056,CUST0173,Customer_173,26-03-2025,ELECTRONICS,Smartwatch,0.0,4164.97,25.0,UPI,Mobile App,Mumbai,Maharashtra,,Returned,Late Delivery,3906.67,06 Apr 2025,4.0
ORD102341,CUST0443,Customer_443,20/02/25,FASHION,Handbag,1.0,1238.53,15.0,upi,Web,Bangalore,Karnataka,2025-02-24,delivered,,,,1.0
ORD101709,CUST0174,Customer_174,08/04/25,SPORTS,Dumbbells,0.0,691.33,25.0,UPI,app,Lucknow,Uttar Pradesh,16 Apr 2025,delivered,,,,
ORD100797,CUST0493,Customer_493,2025-02-08,Electronics ,Power Bank,3.0,484.9,0.0,Cash on Delivery,app,Ahmedabad,Gujarat,15/02/25,Cancelled,,,,2.0
ORD102658,CUST0373,Customer_373,22-02-2025,Home & Kitchen,Non-stick Pan,1.0,"2,138.49",0.0,Net Banking,Mobile App,Pune,Maharashtra,02 Mar 2025,DELIVERED ,,,,
ORD100175,CUST0518,Customer_518,31/05/25,Beauty,Face Wash,2.0,2328.93,50.0,Debit Card,App,Nagpur,Maharashtra,2025-06-06,Cancelled,,,,3.0
ORD100246,CUST0282,Customer_282,04 Apr 2025,SPORTS,Skipping Rope,1.0,3257.15,120.0,Net Banking,app,Mumbai,Maharashtra,04/15/2025,Delivered,,,,4.0
ORD101081,CUST0592,Customer_592,19/04/25,Fashion ,Jeans,2.0,"3,094.83",5.0,Credit Card,App,Pune,Maharashtra,04/20/2025,delivered,,,,2.0
ORD101655,CUST0100,Customer_100,27-05-2025, Beauty,Hair Oil,1.0,1974.42,-5.0,COD,Mobile App,Indore,MP,04-06-2025,Cancelled,,,,
ORD101095,CUST0386,Customer_386,23-05-2025,Sports,Dumbbells,0.0,1085.47,15.0,upi,WEB,Pune,Maharashtra,,In Transit,,,,
ORD100145,CUST0434,Customer_434,09/02/25,Beauty ,Face Wash,1.0,1773.19,15.0,upi,WEB,Ahmedabad,Gujarat,16-02-2025,Cancelled,,,,4.0
ORD100146,CUST0060,Customer_60,31-01-2025, Fashion,Men Tshirt,1.0,2802.23,10.0,Debit Card,Mobile App,Patna,Bihar,,DELIVERED ,,,,5.0
ORD100091,CUST0403,Customer_403,07/05/25,SPORTS,Football,2.0,₹3562.56,20.0,Credit Card,app,Bhopal,Madhya Pradesh,12-05-2025,Refunded,,5849.55,,1.0
ORD100683,CUST0165,Customer_165,28 Feb 2025, Home & Kitchen,Mixer Grinder,2.0,992.31,120.0,COD,WEB,Bhopal,Madhya Pradesh,11 Mar 2025,DELIVERED ,,,,
ORD100311,CUST0183,Customer_183,03/27/2025,BEAUTY,Hair Oil,0.0,4360.95,15.0,UPI,WEB,Bengaluru,Karnataka,2025-04-08,Delivered,,,,3.0
ORD100094,CUST0167,Customer_167,18 Mar 2025,beauty,Sunscreen,3.0,3117.79,-5.0,Net Banking,app,Bhopal,Madhya Pradesh,24-03-2025,Delivered,,,,1.0
ORD102545,CUST0335,Customer_335,2025-06-30,Home & Kitchen ,LED Bulb,-1.0,₹1999.45,10.0,Debit Card,app,Bengaluru,Karnataka,12/07/25,DELIVERED ,,,,1.0
ORD101957,CUST0268,Customer_268,16-05-2025,Beauty ,Face Wash,1.0,₹5884.32,20.0,Net Banking,app,Kochi,Kerala,26-05-2025,DELIVERED ,,,,5.0
ORD100925,CUST0110,Customer_110,22-01-2025,electronics,Power Bank,1.0,4046.58,5.0,Credit Card,app,Mumbai,Maharashtra,31-01-2025,Refunded,,3976.69,02/01/2025,3.0
ORD102641,CUST0055,Customer_55,02/16/2025, Electronics,Smartwatch,-1.0,1549.08,50.0,UPI,app,Jaipur,Rajasthan,24 Feb 2025,Returned,Damaged in transit,,2025-02-25,1.0
ORD101910,CUST0488,Customer_488,07-05-2025,Fashion ,Women Kurti,3.0,586.22,30.0,Net Banking,Mobile App,Mumbai,Maharashtra,08/05/25,Cancelled,,,,4.0
ORD101036,CUST0119,Customer_119,05/11/2025,electronics,Power Bank,2.0,"2,448.39",10.0,Net Banking,Mobile App,Bangalore,Karnataka,19-05-2025,Refunded,quality issue,4382.85,05/25/2025,5.0
ORD101401,CUST0533,Customer_533,30-05-2025,fashion,Handbag,0.0,1741.86,25.0,upi,Web,Kolkata,West Bengal,2025-05-31,Refunded,Duplicate Order,1335.65,09 Jun 2025,
ORD102292,CUST0518,Customer_518,04/22/2025, Home & Kitchen,Mixer Grinder,1.0,5555.8,0.0,Debit Card,WEB,Nagpur,Maharashtra,,In Transit,,,,4.0
ORD101501,CUST0165,Customer_165,05/11/2025,Fashion,Women Kurti,1.0,3326.79,0.0,Net Banking,WEB,Bengaluru,Karnataka,14/05/25,RTO,Damaged in transit,3165.67,,2.0
ORD102263,CUST0429,Customer_429,2025-02-04,Sports,Yoga Mat,1.0,3666.49,25.0,upi,WEB,Jaipur,Rajasthan,09-02-2025,Delivered,,,,5.0
ORD101469,CUST0139,Customer_139,05/03/25,Home & Kitchen,Bedsheet,-1.0,1405.15,20.0,Net Banking,App,Mumbai,Maharashtra,,Returned,Wrong Item Delivered,1049.95,20-03-2025,
ORD100999,CUST0044,Customer_44,2025-05-14,Beauty ,Lipstick,0.0,2737.13,25.0,Cash on Delivery,App,Ahmedabad,Gujarat,25 May 2025,cancelled ,,,,3.0
ORD100854,CUST0221,Customer_221,09/02/25,FASHION,Sneakers,1.0,5746.64,10.0,UPI,WEB,Bangalore,Karnataka,19 Feb 2025,RTO,,5494.71,,5.0
ORD102474,CUST0125,Customer_125,03/09/2025,BEAUTY,Sunscreen,2.0,5487.38,5.0,COD,WEB,Indore,MP,15-03-2025,delivered,,,,3.0
ORD102205,CUST0320,Customer_320,10 Jan 2025,electronics,Headphones,-1.0,3754.36,30.0,upi,app,Pune,Maharashtra,01/13/2025,Refunded,Quality Not as Expected,,22-01-2025,
ORD101143,CUST0032,Customer_32,24/05/25, Sports,Football,-1.0,3710.49,20.0,Cash on Delivery,App,Kochi,Kerala,27/05/25,cancelled ,,,,
ORD101144,CUST0412,Customer_412,25/04/25,Sports,Dumbbells,1.0,2922.07,0.0,Net Banking,app,Bhopal,Madhya Pradesh,02/05/25,cancelled ,,,,3.0
ORD102275,CUST0479,Customer_479,02/04/25,ELECTRONICS,Smartwatch,0.0,731.53,50.0,Cash on Delivery,App,Kochi,Kerala,,Refunded,Duplicate Order,,11-04-2025,5.0
ORD102049,CUST0095,Customer_95,2025-05-19, Sports,Yoga Mat,-1.0,3643.1,0.0,UPI,App,Kolkata,West Bengal,05/31/2025,Refunded,Duplicate Order,2649.37,02 Jun 2025,1.0
ORD100402,CUST0450,Customer_450,27-06-2025,Electronics ,Power Bank,1.0,650.38,25.0,Debit Card,Mobile App,Pune,Maharashtra,28 Jun 2025,DELIVERED ,,,,2.0
ORD101104,CUST0327,Customer_327,08 Jun 2025, Fashion,Handbag,2.0,2391.11,0.0,UPI,Mobile App,Mumbai,Maharashtra,06/16/2025,delivered,,,,5.0
ORD100085,CUST0371,Customer_371,22/05/25,Sports,Dumbbells,2.0,4783.58,25.0,Net Banking,App,Bengaluru,Karnataka,30/05/25,Cancelled,,,,
ORD102211,CUST0115,Customer_115,11 Feb 2025,Beauty,Hair Oil,0.0,5818.86,-5.0,COD,App,Kolkata,West Bengal,19-02-2025,Refunded,quality issue,5228.61,2025-02-28,4.0
ORD102777,CUST0534,Customer_534,2025-04-30,beauty,Sunscreen,0.0,₹2180.95,20.0,Debit Card,App,Kolkata,West Bengal,05/08/2025,delivered,Changed Mind,,,5.0
ORD100115,CUST0070,Customer_70,04 May 2025,FASHION,Men Tshirt,0.0,2333.22,-5.0,UPI,Mobile App,Mumbai,Maharashtra,05 May 2025,Delivered,,,,5.0
ORD102512,CUST0045,Customer_45,25-03-2025,ELECTRONICS,Headphones,2.0,1649.28,-5.0,Debit Card,Mobile App,Chandigarh,Punjab,28-03-2025,RTO,Not as described,2562.89,2025-04-07,
ORD101586,CUST0057,Customer_57,27-05-2025, Sports,Cricket Bat,1.0,5882.07,-5.0,Net Banking,App,Pune,Maharashtra,2025-06-07,cancelled ,,,,
ORD101568,CUST0526,Customer_526,14-02-2025,sports,Dumbbells,1.0,1253.03,15.0,upi,Web,Mumbai,Maharashtra,2025-02-26,DELIVERED ,,,,
ORD101502,CUST0041,Customer_41,2025-04-01,Beauty ,Sunscreen,2.0,636.86,30.0,COD,Web,Mumbai,Maharashtra,,In Transit,Not as described,,,
ORD101661,CUST0037,Customer_37,2025-05-24,Fashion,Jeans,3.0,1561.82,0.0,upi,Mobile App,Chennai,Tamil Nadu,,In Transit,,,,1.0
ORD101557,CUST0030,Customer_30,02 Jan 2025,Fashion,Women Kurti,0.0,2775.69,5.0,upi,app,Kolkata,West Bengal,01/13/2025,DELIVERED ,,,,
ORD102008,CUST0564,Customer_564,25/02/25,ELECTRONICS,Bluetooth Speaker,-1.0,2131.58,120.0,UPI,Web,Lucknow,Uttar Pradesh,26-02-2025,Cancelled,,,,
ORD100626,CUST0327,Customer_327,25/02/25, Electronics,Smartwatch,1.0,2735.1,-5.0,Cash on Delivery,App,Bhopal,Madhya Pradesh,02/03/25,Refunded,,2552.45,,
ORD101886,CUST0002,Customer_2,2025-02-02,Home & Kitchen,Mixer Grinder,2.0,5152.6,15.0,Cash on Delivery,WEB,Ahmedabad,Gujarat,,In Transit,,,,
ORD101867,CUST0079,Customer_79,16 Jun 2025,Electronics ,Mobile Cover,0.0,3224.63,10.0,upi,Mobile App,Hyderabad,Telangana,06/26/2025,Cancelled,,,,2.0
ORD100953,CUST0310,Customer_310,05/04/25,Beauty,Lipstick,2.0,229.25,15.0,UPI,app,Ahmedabad,Gujarat,10-04-2025,delivered,,,,4.0
ORD102307,CUST0171,Customer_171,2025-01-18, Fashion,Handbag,-1.0,5676.85,20.0,UPI,Web,Surat,gujarat,28-01-2025,delivered,,,,3.0
ORD100625,CUST0273,Customer_273,2025-05-14,Sports,Cricket Bat,2.0,4440.02,10.0,COD,App,Patna,Bihar,18/05/25,Delivered,,,,1.0
ORD100235,CUST0372,Customer_372,2025-06-19, Sports,Skipping Rope,-1.0,1128.81,15.0,UPI,WEB,Delhi,Delhi,23-06-2025,delivered,,,,1.0
ORD102184,CUST0533,Customer_533,2025-06-25, Beauty,Face Wash,3.0,3598.45,10.0,Debit Card,App,Bhopal,Madhya Pradesh,30 Jun 2025,RTO,Not as described,10682.86,07/09/2025,3.0
ORD102035,CUST0547,Customer_547,2025-01-30,Fashion ,Sneakers,1.0,4612.38,10.0,UPI,Mobile App,Hyderabad,Telangana,07 Feb 2025,Delivered,,,,
ORD101827,CUST0533,Customer_533,01/05/2025,Sports ,Football,1.0,1740.26,20.0,COD,App,Jaipur,Rajasthan,11 Jan 2025,RTO,Damaged in transit,1360.75,01/20/2025,4.0
ORD102734,CUST0501,Customer_501,22/03/25, Fashion,Sneakers,2.0,3479.28,-5.0,upi,app,Indore,MP,23-03-2025,RTO,Damaged in transit,6948.19,03/30/2025,4.0
ORD101315,CUST0247,Customer_247,2025-03-21,Electronics ,Smartwatch,3.0,5706.45,0.0,Credit Card,Web,Kochi,Kerala,02/04/25,Delivered,,,,
ORD101526,CUST0595,Customer_595,05/05/25,HOME & KITCHEN,Mixer Grinder,-1.0,"1,391.64",50.0,upi,Web,Chennai,Tamil Nadu,05/16/2025,RTO,Changed Mind,1385.86,26-05-2025,5.0
ORD101563,CUST0061,Customer_61,03/03/25,Electronics,Smartwatch,2.0,5177.81,5.0,Net Banking,Web,Bengaluru,Karnataka,05 Mar 2025,Refunded,Damaged in transit,8956.75,,2.0
ORD101753,CUST0380,Customer_380,18-05-2025,Electronics ,Smartwatch,0.0,2868.61,-5.0,upi,Web,Surat,gujarat,,In Transit,,,,
ORD101606,CUST0502,Customer_502,07 Feb 2025, Sports,Dumbbells,1.0,₹2695.2,15.0,Net Banking,Mobile App,Bhopal,Madhya Pradesh,18/02/25,Returned,Quality Not as Expected,2099.35,27/02/25,4.0
ORD100344,CUST0171,Customer_171,05/18/2025,sports,Cricket Bat,-1.0,1330.29,5.0,Cash on Delivery,Web,Indore,MP,,returned,Not as described,967.9,25/05/25,
ORD102342,CUST0395,Customer_395,2025-03-13,Fashion,Sneakers,2.0,"5,528.32",5.0,Net Banking,Web,Bangalore,Karnataka,03/16/2025,delivered,,,,
ORD102413,CUST0566,Customer_566,14 May 2025,Sports ,Football,2.0,"3,188.27",20.0,UPI,Mobile App,Kolkata,West Bengal,,In Transit,,,,2.0
ORD102227,CUST0424,Customer_424,2025-02-22,Electronics,Headphones,2.0,2848.41,50.0,Debit Card,App,Lucknow,Uttar Pradesh,03/03/2025,Refunded,Wrong Item Delivered,4540.86,2025-03-10,
ORD100997,CUST0552,Customer_552,02/15/2025,electronics,Headphones,2.0,4270.58,5.0,Net Banking,App,Ahmedabad,Gujarat,2025-02-18,delivered,,,,3.0
ORD102063,CUST0147,Customer_147,2025-05-28,home & kitchen,Mixer Grinder,1.0,4029.07,0.0,COD,Mobile App,Patna,Bihar,09/06/25,Cancelled,,,,4.0
ORD101111,CUST0090,Customer_90,04/11/2025,Home & Kitchen ,Storage Box,1.0,3625.03,30.0,Debit Card,app,Mumbai,Maharashtra,12 Apr 2025,Refunded,Size Issue,2930.45,,2.0
ORD102214,CUST0597,Customer_597,04/25/2025, Home & Kitchen,LED Bulb,2.0,5847.21,10.0,Cash on Delivery,Mobile App,Pune,Maharashtra,30-04-2025,RTO,Size Issue,11485.37,01/05/25,2.0
ORD101360,CUST0302,Customer_302,25 Feb 2025,SPORTS,Cricket Bat,0.0,2839.05,0.0,Credit Card,app,Bhopal,Madhya Pradesh,03/04/2025,Cancelled,,,,5.0
ORD102108,CUST0060,Customer_60,05/05/25, Fashion,Sneakers,2.0,4823.2,50.0,Debit Card,Mobile App,Jaipur,Rajasthan,,cancelled ,,,,
ORD100710,CUST0505,Customer_505,06-05-2025,Electronics ,Power Bank,1.0,384.76,-5.0,Cash on Delivery,Web,Chandigarh,Punjab,2025-05-18,Cancelled,,,,3.0
ORD101879,CUST0184,Customer_184,01-04-2025,SPORTS,Dumbbells,-1.0,3015.83,5.0,Debit Card,app,Nagpur,Maharashtra,08/04/25,cancelled ,,,,2.0
ORD101379,CUST0328,Customer_328,31/01/25, Beauty,Perfume,2.0,4533.48,20.0,Net Banking,Mobile App,Bhopal,Madhya Pradesh,02/10/2025,DELIVERED ,,,,3.0
ORD100425,CUST0280,Customer_280,25 Feb 2025,fashion,Sneakers,1.0,₹1417.53,120.0,upi,app,Indore,MP,08-03-2025,Delivered,,,,1.0
ORD100293,CUST0015,Customer_15,05/05/2025,ELECTRONICS,Mobile Cover,1.0,4006.06,15.0,Credit Card,Mobile App,Nagpur,Maharashtra,,In Transit,,,,3.0
ORD101066,CUST0313,Customer_313,28/01/25, Fashion,Women Kurti,-1.0,5927.32,0.0,upi,Web,Patna,Bihar,2025-02-03,delivered,,,,5.0
ORD102378,CUST0046,Customer_46,06/23/2025, Electronics,Headphones,-1.0,5261.17,120.0,Net Banking,Web,Lucknow,Uttar Pradesh,26 Jun 2025,returned,,4561.63,2025-06-27,5.0
ORD101639,CUST0153,Customer_153,30/04/25,home & kitchen,LED Bulb,1.0,900.33,5.0,UPI,Web,Jaipur,Rajasthan,,In Transit,,,,
ORD102478,CUST0184,Customer_184,15/02/25,Sports,Cricket Bat,1.0,4730.83,50.0,Credit Card,Web,Jaipur,Rajasthan,2025-02-16,RTO,Changed Mind,4296.86,,
ORD101013,CUST0019,Customer_19,19/05/25,sports,Dumbbells,2.0,2247.63,120.0,Debit Card,WEB,Pune,Maharashtra,,In Transit,,,,4.0
ORD102128,CUST0505,Customer_505,02/25/2025,home & kitchen,Mixer Grinder,3.0,546.31,15.0,Net Banking,Mobile App,Indore,MP,03/04/2025,Refunded,Not as described,1258.43,03/14/2025,1.0
ORD101718,CUST0360,Customer_360,02/01/2025,Fashion,Men Tshirt,2.0,510.25,-5.0,Net Banking,Mobile App,Bhopal,Madhya Pradesh,09-02-2025,cancelled ,,,,
ORD100938,CUST0375,Customer_375,27/03/25, Sports,Yoga Mat,1.0,4670.89,25.0,Net Banking,WEB,Jaipur,Rajasthan,,In Transit,,,,
ORD100835,CUST0241,Customer_241,2025-01-10,Beauty ,Sunscreen,2.0,4732.59,10.0,COD,Mobile App,Kochi,Kerala,01/20/2025,Delivered,,,,5.0
ORD100255,CUST0056,Customer_56,09-02-2025,Home & Kitchen,Storage Box,3.0,3308.59,15.0,UPI,Web,Chandigarh,Punjab,17/02/25,cancelled ,,,,
ORD101483,CUST0207,Customer_207,30 Jun 2025,Electronics ,Power Bank,1.0,797.29,-5.0,UPI,app,Bangalore,Karnataka,01-07-2025,Delivered,,,,2.0
ORD101482,CUST0521,Customer_521,07-01-2025,Home & Kitchen,Storage Box,0.0,220.88,5.0,COD,WEB,Nagpur,Maharashtra,,Refunded,,197.94,20/01/25,4.0
ORD101408,CUST0501,Customer_501,06/30/2025,Sports ,Football,1.0,5673.33,30.0,upi,Mobile App,Chennai,Tamil Nadu,12/07/25,delivered,,,,
ORD102798,CUST0152,Customer_152,04/07/2025,Beauty ,Sunscreen,1.0,192.27,120.0,upi,Web,Pune,Maharashtra,08 Apr 2025,DELIVERED ,,,,2.0
ORD102185,CUST0372,Customer_372,03/01/2025,Electronics ,Mobile Cover,1.0,634.09,30.0,Cash on Delivery,WEB,Surat,gujarat,03/11/2025,returned,,454.3,03/16/2025,
ORD100724,CUST0089,Customer_89,27 Apr 2025,Beauty ,Hair Oil,1.0,635.34,5.0,Debit Card,app,Pune,Maharashtra,01 May 2025,Cancelled,,,,
ORD100970,CUST0094,Customer_94,2025-06-13,beauty,Hair Oil,2.0,330.63,-5.0,UPI,Mobile App,Bangalore,Karnataka,17-06-2025,DELIVERED ,,,,1.0
ORD100497,CUST0452,Customer_452,24-06-2025,Home & Kitchen ,Storage Box,3.0,2336.05,20.0,upi,Mobile App,Chennai,Tamil Nadu,,RTO,Size Issue,5127.09,15 Jul 2025,2.0
ORD100951,CUST0370,Customer_370,09 May 2025,fashion,Sneakers,0.0,5948.1,-5.0,UPI,Web,Bengaluru,Karnataka,2025-05-16,delivered,,,,
ORD100806,CUST0570,Customer_570,2025-06-22,SPORTS,Skipping Rope,2.0,2089.57,0.0,Credit Card,Web,Ahmedabad,Gujarat,27-06-2025,Delivered,,,,4.0
ORD101830,CUST0373,Customer_373,23-06-2025,Fashion,Women Kurti,2.0,1567.84,15.0,Credit Card,WEB,Nagpur,Maharashtra,06/24/2025,returned,Size Issue,2309.92,01 Jul 2025,3.0
ORD102178,CUST0222,Customer_222,2025-01-17,BEAUTY,Perfume,1.0,533.97,120.0,Debit Card,WEB,Bangalore,Karnataka,26/01/25,Delivered,,,,2.0
ORD101740,CUST0183,Customer_183,13/02/25,BEAUTY,Perfume,3.0,4241.0,120.0,Cash on Delivery,WEB,Bangalore,Karnataka,02/17/2025,RTO,Late Delivery,10875.52,2025-02-18,3.0
ORD100338,CUST0151,Customer_151,26-01-2025,Beauty,Face Wash,2.0,3012.65,0.0,Net Banking,app,Indore,MP,02/03/2025,delivered,,,,2.0
ORD100731,CUST0102,Customer_102,03/05/25,Fashion ,Sneakers,1.0,1004.76,5.0,Credit Card,app,Lucknow,Uttar Pradesh,13 May 2025,delivered,,,,
ORD100609,CUST0346,Customer_346,21-04-2025, Home & Kitchen,Bedsheet,1.0,1225.99,5.0,Net Banking,Web,Chandigarh,Punjab,2025-05-01,Returned,,995.84,2025-05-08,3.0
ORD101149,CUST0572,Customer_572,24 Mar 2025,Home & Kitchen,Storage Box,3.0,2175.95,5.0,upi,app,Indore,MP,29/03/25,returned,Damaged in transit,4798.57,06 Apr 2025,1.0
ORD102244,CUST0105,Customer_105,06/09/2025, Sports,Skipping Rope,1.0,5219.76,15.0,Credit Card,WEB,Pune,Maharashtra,2025-06-13,delivered,,,,5.0
ORD101714,CUST0353,Customer_353,04/29/2025, Sports,Football,0.0,5129.15,-5.0,Net Banking,app,Delhi,Delhi,08-05-2025,cancelled ,,,,
ORD102647,CUST0074,Customer_74,15-02-2025,Fashion ,Women Kurti,0.0,2235.16,20.0,Debit Card,app,Jaipur,Rajasthan,02/20/2025,returned,,1758.09,24/02/25,
ORD100910,CUST0409,Customer_409,19 Feb 2025,sports,Skipping Rope,0.0,395.45,120.0,COD,Mobile App,Bengaluru,Karnataka,28/02/25,cancelled ,,,,
ORD102152,CUST0365,Customer_365,21 Jan 2025,ELECTRONICS,Bluetooth Speaker,2.0,3069.66,5.0,Credit Card,Mobile App,Lucknow,Uttar Pradesh,24/01/25,Delivered,,,,
ORD102011,CUST0434,Customer_434,02 May 2025,BEAUTY,Lipstick,-1.0,"2,639.57",30.0,upi,app,Chennai,Tamil Nadu,08 May 2025,Cancelled,,,,1.0
ORD102492,CUST0557,Customer_557,05-05-2025, Beauty,Hair Oil,-1.0,2593.51,50.0,COD,WEB,Pune,Maharashtra,2025-05-07,Cancelled,,,,
ORD101811,CUST0591,Customer_591,30-03-2025,fashion,Handbag,1.0,2856.63,5.0,Net Banking,App,Chennai,Tamil Nadu,04/03/2025,delivered,,,,
ORD101995,CUST0240,Customer_240,05/28/2025, Home & Kitchen,Bedsheet,2.0,4500.96,50.0,UPI,Mobile App,Chandigarh,Punjab,06/09/2025,DELIVERED ,,,,
ORD100720,CUST0406,Customer_406,06/20/2025,Electronics,Power Bank,1.0,3189.48,120.0,UPI,app,Patna,Bihar,2025-07-01,Returned,,2589.85,10 Jul 2025,4.0
ORD101570,CUST0259,Customer_259,23-01-2025,ELECTRONICS,Smartwatch,1.0,2050.77,-5.0,Cash on Delivery,Mobile App,Kolkata,West Bengal,01/28/2025,Returned,,1477.78,07 Feb 2025,3.0
ORD102276,CUST0410,Customer_410,08/03/25, Sports,Yoga Mat,2.0,₹1367.72,30.0,UPI,Web,Bangalore,Karnataka,03/16/2025,returned,Wrong Item Delivered,2124.4,21-03-2025,
ORD100435,CUST0504,Customer_504,15-04-2025, Beauty,Perfume,3.0,2396.62,5.0,Cash on Delivery,WEB,Hyderabad,Telangana,04/22/2025,delivered,,,,
ORD101300,CUST0075,Customer_75,05/30/2025, Home & Kitchen,Mixer Grinder,1.0,5367.86,120.0,Cash on Delivery,WEB,Lucknow,Uttar Pradesh,06/01/2025,RTO,Quality Not as Expected,4618.05,2025-06-03,
ORD102175,CUST0276,Customer_276,2025-05-28, Electronics,Headphones,0.0,2741.93,-5.0,upi,App,Indore,MP,,cancelled ,,,,5.0
ORD100406,CUST0207,Customer_207,29/05/25,ELECTRONICS,Bluetooth Speaker,0.0,4214.47,25.0,UPI,WEB,Bangalore,Karnataka,2025-06-08,Cancelled,,,,1.0
ORD100822,CUST0353,Customer_353,18/02/25,BEAUTY,Face Wash,1.0,3436.5,10.0,Cash on Delivery,Web,Kolkata,West Bengal,28-02-2025,Cancelled,,,,
ORD101790,CUST0028,Customer_28,2025-02-16, Sports,Cricket Bat,3.0,4757.88,20.0,Cash on Delivery,App,Kochi,Kerala,,cancelled ,,,,
ORD102800,CUST0461,Customer_461,2025-01-16,sports,Cricket Bat,1.0,1690.06,0.0,COD,App,Jaipur,Rajasthan,22 Jan 2025,DELIVERED ,,,,5.0
ORD102352,CUST0472,Customer_472,15-05-2025,Sports,Yoga Mat,1.0,4439.0,20.0,UPI,App,Bengaluru,Karnataka,2025-05-22,Cancelled,,,,
ORD102316,CUST0545,Customer_545,22-06-2025, Fashion,Jeans,1.0,4065.77,5.0,Debit Card,WEB,Chennai,Tamil Nadu,04 Jul 2025,Delivered,,,,2.0
ORD101859,CUST0511,Customer_511,2025-01-11, Beauty,Sunscreen,2.0,2431.22,5.0,Debit Card,App,Delhi,Delhi,15/01/25,RTO,,4639.22,2025-01-19,
ORD101558,CUST0492,Customer_492,08-05-2025, Fashion,Jeans,1.0,1278.34,50.0,Debit Card,Mobile App,Chandigarh,Punjab,2025-05-13,Delivered,,,,1.0
ORD100546,CUST0450,Customer_450,01-03-2025,Beauty,Perfume,1.0,894.08,50.0,Cash on Delivery,app,Ahmedabad,Gujarat,03/10/2025,RTO,quality issue,644.08,15-03-2025,4.0
ORD100213,CUST0515,Customer_515,05/25/2025,Electronics ,Smartwatch,1.0,4579.66,-5.0,Credit Card,App,Patna,Bihar,,Refunded,Wrong Item Delivered,3264.58,06 Jun 2025,
ORD100897,CUST0351,Customer_351,06/12/2025,fashion,Sneakers,-1.0,5218.43,25.0,Credit Card,App,Ahmedabad,Gujarat,06/17/2025,Cancelled,,,,4.0
ORD101942,CUST0023,Customer_23,20-03-2025, Beauty,Face Wash,2.0,1643.32,20.0,Cash on Delivery,WEB,Pune,Maharashtra,2025-03-21,Delivered,,,,1.0
ORD101892,CUST0520,Customer_520,2025-04-16,Sports,Dumbbells,1.0,2068.84,50.0,Cash on Delivery,app,Bhopal,Madhya Pradesh,18-04-2025,RTO,Changed Mind,1663.17,04/21/2025,
ORD100917,CUST0217,Customer_217,02-01-2025, Fashion,Jeans,1.0,3093.13,20.0,Credit Card,app,Bangalore,Karnataka,10/01/25,delivered,,,,4.0
ORD101290,CUST0094,Customer_94,2025-05-18, Beauty,Lipstick,-1.0,2284.47,30.0,Debit Card,App,Bengaluru,Karnataka,28 May 2025,returned,Size Issue,2071.47,31-05-2025,
ORD100815,CUST0498,Customer_498,11-01-2025,Beauty ,Perfume,1.0,3783.9,20.0,COD,Web,Chandigarh,Punjab,16-01-2025,Returned,Quality Not as Expected,3190.08,25/01/25,3.0
ORD101266,CUST0032,Customer_32,05-04-2025,BEAUTY,Hair Oil,-1.0,2448.58,15.0,Debit Card,Web,Jaipur,Rajasthan,2025-04-13,DELIVERED ,,,,4.0
ORD100343,CUST0582,Customer_582,27 May 2025,sports,Football,1.0,4221.36,30.0,upi,Web,Delhi,Delhi,06 Jun 2025,Cancelled,,,,
ORD101411,CUST0065,Customer_65,20-06-2025,Home & Kitchen,Storage Box,2.0,4266.02,0.0,Cash on Delivery,app,Bhopal,Madhya Pradesh,2025-07-01,Refunded,Late Delivery,6970.25,,3.0
ORD101215,CUST0054,Customer_54,2025-01-22,Sports ,Cricket Bat,1.0,499.68,15.0,Debit Card,Web,Nagpur,Maharashtra,01-02-2025,Returned,quality issue,411.62,02 Feb 2025,2.0
ORD100967,CUST0591,Customer_591,03-05-2025,BEAUTY,Sunscreen,3.0,2787.53,0.0,upi,App,Bangalore,Karnataka,04 May 2025,DELIVERED ,,,,
ORD101231,CUST0463,Customer_463,10-04-2025,Electronics ,Power Bank,2.0,1427.94,5.0,UPI,WEB,Mumbai,Maharashtra,16/04/25,DELIVERED ,,,,4.0
ORD102344,CUST0202,Customer_202,04/04/25,HOME & KITCHEN,Storage Box,2.0,4336.73,-5.0,Debit Card,Web,Mumbai,Maharashtra,16/04/25,delivered,,,,5.0
ORD100696,CUST0193,Customer_193,2025-05-10,FASHION,Jeans,1.0,2458.81,30.0,Net Banking,App,Chennai,Tamil Nadu,2025-05-17,Returned,Duplicate Order,2225.37,20-05-2025,1.0
ORD102122,CUST0549,Customer_549,2025-05-19,Fashion,Jeans,1.0,5896.11,25.0,Cash on Delivery,Mobile App,Chennai,Tamil Nadu,,In Transit,,,,1.0
ORD100606,CUST0435,Customer_435,20/02/25,Sports,Football,1.0,190.7,20.0,COD,app,Pune,Maharashtra,04 Mar 2025,RTO,Size Issue,,10-03-2025,
ORD100105,CUST0573,Customer_573,29-05-2025,Beauty,Hair Oil,-1.0,₹1638.57,15.0,UPI,App,Kochi,Kerala,05-06-2025,Delivered,,,,
ORD100646,CUST0135,Customer_135,11-06-2025,home & kitchen,Bedsheet,1.0,"3,539.31",30.0,Cash on Delivery,Web,Pune,Maharashtra,,Returned,Product Damaged,2489.95,06/20/2025,
ORD101405,CUST0498,Customer_498,09/02/25, Sports,Cricket Bat,3.0,5578.6,0.0,Credit Card,Web,Bhopal,Madhya Pradesh,02/20/2025,returned,Damaged in transit,15004.65,25 Feb 2025,1.0
ORD100495,CUST0459,Customer_459,03/03/2025,fashion,Jeans,3.0,"3,797.30",30.0,UPI,App,Patna,Bihar,03/13/2025,RTO,Product Damaged,9032.21,15 Mar 2025,2.0
ORD102488,CUST0588,Customer_588,13 Jun 2025,ELECTRONICS,Headphones,1.0,186.49,15.0,Cash on Delivery,Mobile App,Bengaluru,Karnataka,22-06-2025,DELIVERED ,,,,
ORD101020,CUST0161,Customer_161,2025-05-22,Beauty ,Hair Oil,2.0,3762.29,25.0,upi,app,Bangalore,Karnataka,2025-05-25,DELIVERED ,,,,
ORD100092,CUST0584,Customer_584,09/06/25,sports,Dumbbells,2.0,580.16,20.0,Cash on Delivery,app,Lucknow,Uttar Pradesh,12 Jun 2025,delivered,,,,
ORD101113,CUST0048,Customer_48,13-04-2025,Beauty ,Face Wash,1.0,2849.21,20.0,COD,app,Bengaluru,Karnataka,14 Apr 2025,cancelled ,,,,
ORD100909,CUST0447,Customer_447,2025-04-05, Beauty,Perfume,2.0,₹688.36,30.0,UPI,WEB,Ahmedabad,Gujarat,04/17/2025,delivered,,,,2.0
ORD101475,CUST0588,Customer_588,09/05/25, Beauty,Face Wash,1.0,293.37,5.0,upi,app,Bengaluru,Karnataka,11/05/25,delivered,,,,
ORD101742,CUST0491,Customer_491,2025-02-20,Home & Kitchen ,Mixer Grinder,2.0,3463.1,30.0,Cash on Delivery,App,Bengaluru,Karnataka,27 Feb 2025,Refunded,Damaged in transit,4872.2,2025-03-09,2.0
ORD102151,CUST0096,Customer_96,07 Feb 2025,Fashion,Jeans,1.0,2241.96,10.0,Cash on Delivery,WEB,Ahmedabad,Gujarat,12/02/25,cancelled ,,,,
ORD100239,CUST0194,Customer_194,2025-02-26, Beauty,Sunscreen,-1.0,1611.89,30.0,Debit Card,Mobile App,Kolkata,West Bengal,05/03/25,delivered,,,,
ORD100943,CUST0408,Customer_408,03-06-2025,Sports ,Yoga Mat,2.0,922.31,10.0,Debit Card,WEB,Patna,Bihar,14-06-2025,cancelled ,,,,1.0
ORD101271,CUST0096,Customer_96,27-06-2025,Home & Kitchen ,Bedsheet,1.0,4678.9,10.0,upi,WEB,Nagpur,Maharashtra,2025-07-09,RTO,Changed Mind,4299.69,,4.0
ORD100939,CUST0172,Customer_172,03/05/25,Electronics ,Power Bank,1.0,4296.65,15.0,Net Banking,Mobile App,Bengaluru,Karnataka,07 May 2025,RTO,Changed Mind,4043.63,12-05-2025,2.0
ORD101425,CUST0197,Customer_197,06 Mar 2025, Electronics,Bluetooth Speaker,0.0,5459.19,10.0,Net Banking,Web,Kolkata,West Bengal,12 Mar 2025,Delivered,,,,
ORD101863,CUST0498,Customer_498,16 Mar 2025,home & kitchen,Storage Box,1.0,2082.01,120.0,upi,WEB,Nagpur,Maharashtra,26-03-2025,Refunded,,1563.53,,
ORD101670,CUST0042,Customer_42,10/03/25, Beauty,Face Wash,2.0,4603.91,120.0,COD,Web,Lucknow,Uttar Pradesh,11/03/25,Returned,quality issue,7353.08,2025-03-12,5.0
ORD100006,CUST0157,Customer_157,22-05-2025,Fashion ,Sneakers,1.0,2400.89,20.0,UPI,app,Jaipur,Rajasthan,2025-06-02,delivered,,,,
ORD100248,CUST0183,Customer_183,18 Jun 2025,Electronics,Smartwatch,0.0,₹1270.96,30.0,UPI,app,Kolkata,West Bengal,,In Transit,,,,2.0
ORD100019,CUST0229,Customer_229,14/06/25, Electronics,Smartwatch,3.0,1779.83,25.0,UPI,App,Jaipur,Rajasthan,25/06/25,cancelled ,,,,5.0
ORD102170,CUST0358,Customer_358,2025-05-03,Electronics,Headphones,2.0,674.44,0.0,COD,App,Bhopal,Madhya Pradesh,2025-05-05,RTO,Not as described,1107.06,12-05-2025,2.0
ORD101971,CUST0228,Customer_228,2025-02-04,FASHION,Jeans,1.0,2048.34,10.0,COD,Web,Patna,Bihar,10 Feb 2025,DELIVERED ,,,,5.0
ORD102233,CUST0354,Customer_354,01/23/2025,FASHION,Handbag,3.0,"4,176.99",10.0,Credit Card,Mobile App,Chennai,Tamil Nadu,31-01-2025,cancelled ,,,,
ORD102323,CUST0400,Customer_400,29/06/25,Sports ,Skipping Rope,2.0,4334.68,5.0,upi,App,Chandigarh,Punjab,2025-07-07,Refunded,Late Delivery,6279.98,07/13/2025,2.0
ORD102482,CUST0069,Customer_69,01/16/2025, Sports,Football,1.0,4099.69,120.0,UPI,Web,Patna,Bihar,25 Jan 2025,Returned,,3845.19,01/31/2025,
ORD100812,CUST0282,Customer_282,03/02/25, Home & Kitchen,LED Bulb,1.0,689.51,20.0,Cash on Delivery,app,Pune,Maharashtra,,In Transit,,,,
ORD101301,CUST0041,Customer_41,14 May 2025,Electronics,Bluetooth Speaker,1.0,4352.64,10.0,UPI,Web,Surat,gujarat,,In Transit,,,,3.0
ORD101336,CUST0444,Customer_444,01/25/2025,ELECTRONICS,Power Bank,3.0,2527.34,15.0,COD,Web,Lucknow,Uttar Pradesh,2025-02-02,RTO,,6250.05,07/02/25,
ORD102787,CUST0483,Customer_483,2025-05-10,Fashion ,Jeans,1.0,4565.81,30.0,upi,Web,Chennai,Tamil Nadu,,In Transit,,,,
ORD100261,CUST0513,Customer_513,10-02-2025,Beauty,Sunscreen,1.0,1597.24,30.0,Net Banking,app,Chennai,Tamil Nadu,2025-02-21,Cancelled,,,,5.0
ORD101805,CUST0469,Customer_469,20/01/25, Fashion,Sneakers,1.0,679.17,50.0,Cash on Delivery,Web,Jaipur,Rajasthan,31/01/25,Delivered,,,,4.0
ORD101571,CUST0473,Customer_473,01/30/2025, Beauty,Sunscreen,1.0,1235.99,5.0,UPI,Web,Chandigarh,Punjab,02/02/2025,Delivered,,,,5.0
ORD102230,CUST0570,Customer_570,04/28/2025, Sports,Dumbbells,1.0,2883.64,120.0,upi,App,Hyderabad,Telangana,02/05/25,cancelled ,,,,4.0
ORD100185,CUST0517,Customer_517,13/01/25,fashion,Men Tshirt,1.0,2344.88,-5.0,upi,App,Pune,Maharashtra,24-01-2025,Delivered,,,,
ORD102455,CUST0519,Customer_519,04/23/2025,Electronics ,Mobile Cover,1.0,1687.22,10.0,COD,app,Bangalore,Karnataka,04/28/2025,returned,Not as described,1378.31,01 May 2025,3.0
ORD101744,CUST0421,Customer_421,28 Feb 2025,beauty,Hair Oil,1.0,4084.27,30.0,Debit Card,App,Mumbai,Maharashtra,2025-03-12,Cancelled,,,,
ORD101631,CUST0184,Customer_184,03/30/2025,Home & Kitchen ,Non-stick Pan,2.0,2806.72,-5.0,Credit Card,Mobile App,Patna,Bihar,2025-04-01,Delivered,,,,
ORD101717,CUST0502,Customer_502,06/04/25,Beauty ,Hair Oil,0.0,5671.65,15.0,Debit Card,Web,Kochi,Kerala,2025-04-17,RTO,Late Delivery,4628.0,25-04-2025,3.0
ORD100521,CUST0062,Customer_62,01/06/25,FASHION,Men Tshirt,0.0,4938.29,15.0,upi,WEB,Ahmedabad,Gujarat,,In Transit,,,,2.0
ORD102429,CUST0202,Customer_202,03/19/2025,beauty,Face Wash,3.0,"5,624.32",30.0,Cash on Delivery,Mobile App,Jaipur,Rajasthan,2025-03-26,Returned,Late Delivery,13256.78,04/05/2025,
ORD102017,CUST0497,Customer_497,2025-03-08,ELECTRONICS,Mobile Cover,2.0,2194.45,10.0,upi,Web,Indore,MP,19 Mar 2025,RTO,Duplicate Order,4086.61,2025-03-24,4.0
ORD101659,CUST0513,Customer_513,2025-03-12,Beauty ,Perfume,2.0,5001.27,30.0,COD,WEB,Bengaluru,Karnataka,03/13/2025,Refunded,Changed Mind,9657.51,19/03/25,
ORD101613,CUST0310,Customer_310,09 Feb 2025, Sports,Skipping Rope,-1.0,4361.99,15.0,Net Banking,Web,Kochi,Kerala,14 Feb 2025,returned,Duplicate Order,3521.09,19-02-2025,
ORD102476,CUST0453,Customer_453,2025-06-30, Sports,Skipping Rope,3.0,599.97,30.0,Credit Card,Web,Patna,Bihar,10-07-2025,delivered,,,,
ORD102127,CUST0083,Customer_83,02/01/2025,Electronics ,Power Bank,0.0,4084.05,25.0,UPI,Mobile App,Kolkata,West Bengal,13/02/25,RTO,Size Issue,2972.28,16-02-2025,1.0
ORD102045,CUST0378,Customer_378,02/08/2025, Electronics,Power Bank,2.0,2264.84,0.0,UPI,WEB,Delhi,Delhi,,In Transit,,,,
ORD100608,CUST0130,Customer_130,26 May 2025, Fashion,Sneakers,2.0,2170.51,120.0,Net Banking,App,Bengaluru,Karnataka,28-05-2025,Delivered,,,,2.0
ORD100231,CUST0276,Customer_276,04 Apr 2025,beauty,Sunscreen,3.0,1225.89,25.0,Cash on Delivery,App,Chennai,Tamil Nadu,04/12/2025,returned,,2834.53,04/19/2025,3.0
ORD100332,CUST0233,Customer_233,20-01-2025,HOME & KITCHEN,Non-stick Pan,1.0,5889.49,5.0,UPI,Mobile App,Delhi,Delhi,,Refunded,Not as described,,,5.0
ORD101441,CUST0146,Customer_146,2025-03-08,FASHION,Handbag,-1.0,3279.22,5.0,COD,App,Indore,MP,03/18/2025,Refunded,Wrong Item Delivered,2818.35,20/03/25,
ORD101928,CUST0238,Customer_238,01/12/2025,SPORTS,Cricket Bat,1.0,1595.33,25.0,Net Banking,Web,Chennai,Tamil Nadu,01/17/2025,Refunded,Late Delivery,1258.25,21 Jan 2025,
ORD101092,CUST0434,Customer_434,22 May 2025,fashion,Men Tshirt,1.0,3758.21,20.0,UPI,WEB,Bangalore,Karnataka,2025-05-31,RTO,Not as described,,06/03/2025,1.0
ORD101102,CUST0277,Customer_277,06/06/25,Electronics ,Smartwatch,1.0,2749.34,25.0,Credit Card,WEB,Bengaluru,Karnataka,09-06-2025,RTO,quality issue,2321.37,2025-06-15,3.0
ORD101130,CUST0160,Customer_160,09/01/25,Beauty,Hair Oil,0.0,5297.04,120.0,Credit Card,Mobile App,Chandigarh,Punjab,01/17/2025,delivered,,,,3.0
ORD100462,CUST0087,Customer_87,03 May 2025, Home & Kitchen,Storage Box,1.0,5778.67,10.0,upi,App,Kochi,Kerala,,In Transit,,,,4.0
ORD100959,CUST0388,Customer_388,06/03/2025,sports,Cricket Bat,1.0,3180.87,0.0,Debit Card,Web,Chennai,Tamil Nadu,15 Jun 2025,RTO,,2813.83,06/19/2025,3.0
ORD101663,CUST0030,Customer_30,01 Jan 2025, Beauty,Lipstick,2.0,473.87,25.0,Debit Card,App,Mumbai,Maharashtra,2025-01-04,Returned,Size Issue,913.48,01/13/2025,
ORD100560,CUST0026,Customer_26,09-06-2025,home & kitchen,Storage Box,3.0,5854.33,20.0,Net Banking,App,Bengaluru,Karnataka,,DELIVERED ,,,,4.0
ORD102699,CUST0010,Customer_10,30/03/25,sports,Yoga Mat,1.0,427.52,30.0,UPI,app,Mumbai,Maharashtra,11/04/25,returned,Size Issue,354.75,2025-04-14,
ORD101520,CUST0509,Customer_509,20-03-2025,Home & Kitchen ,Bedsheet,1.0,2363.74,15.0,Cash on Delivery,WEB,Delhi,Delhi,01 Apr 2025,Refunded,Changed Mind,1721.22,2025-04-05,1.0
ORD102141,CUST0343,Customer_343,2025-01-06,Fashion,Sneakers,1.0,2596.87,50.0,Net Banking,App,Patna,Bihar,2025-01-12,delivered,,,,
ORD102786,CUST0144,Customer_144,2025-06-26, Sports,Football,1.0,275.99,50.0,UPI,app,Surat,gujarat,01-07-2025,RTO,Not as described,212.63,10 Jul 2025,4.0
ORD102033,CUST0149,Customer_149,2025-03-04,Home & Kitchen ,Mixer Grinder,1.0,5232.63,5.0,Debit Card,App,Chandigarh,Punjab,11-03-2025,Delivered,,,,
ORD102485,CUST0491,Customer_491,07 Jan 2025, Fashion,Handbag,2.0,3746.97,5.0,COD,WEB,Bangalore,Karnataka,11/01/25,Refunded,Quality Not as Expected,7377.12,01/12/2025,5.0
ORD102539,CUST0397,Customer_397,01/09/2025,SPORTS,Dumbbells,2.0,382.84,15.0,Debit Card,WEB,Chandigarh,Punjab,10-01-2025,Refunded,Changed Mind,662.75,14 Jan 2025,4.0
ORD103359,,,,,,,,,,,,,,,,,,
ORD102098,CUST0444,Customer_444,06/22/2025,SPORTS,Cricket Bat,2.0,3507.66,120.0,Net Banking,Mobile App,Bangalore,Karnataka,2025-06-28,Refunded,Wrong Item Delivered,5908.4,03/07/25,
ORD102729,CUST0551,Customer_551,18/04/25,Fashion ,Men Tshirt,-1.0,5329.88,-5.0,upi,App,Bengaluru,Karnataka,21-04-2025,DELIVERED ,,,,
ORD100070,CUST0084,Customer_84,2025-01-22,sports,Dumbbells,2.0,5811.02,-5.0,Cash on Delivery,Web,Jaipur,Rajasthan,,In Transit,,,,2.0
ORD101573,CUST0197,Customer_197,10 Jun 2025,Home & Kitchen ,Bedsheet,2.0,700.49,30.0,UPI,App,Patna,Bihar,11-06-2025,Refunded,Duplicate Order,1210.95,21-06-2025,
ORD100809,CUST0473,Customer_473,31-05-2025,Sports ,Football,1.0,212.43,0.0,UPI,Web,Chandigarh,Punjab,06/07/2025,Cancelled,,,,
ORD100012,CUST0003,Customer_3,19 Jun 2025, Beauty,Hair Oil,2.0,2624.59,120.0,UPI,app,Kochi,Kerala,23-06-2025,DELIVERED ,,,,
ORD102026,CUST0145,Customer_145,12/03/25,Beauty,Hair Oil,3.0,2501.48,120.0,COD,App,Bangalore,Karnataka,,DELIVERED ,,,,4.0
ORD102193,CUST0255,Customer_255,18/06/25,Sports ,Dumbbells,1.0,4818.85,15.0,Cash on Delivery,WEB,Hyderabad,Telangana,2025-06-24,cancelled ,,,,
ORD100918,CUST0093,Customer_93,02 Jan 2025,Fashion,Sneakers,-1.0,5658.35,25.0,UPI,App,Pune,Maharashtra,03/01/25,delivered,,,,1.0
ORD101452,CUST0443,Customer_443,09 May 2025, Home & Kitchen,Bedsheet,1.0,5208.29,50.0,upi,App,Kolkata,West Bengal,2025-05-21,Returned,,3920.86,28/05/25,
ORD100177,CUST0434,Customer_434,12/04/25, Beauty,Hair Oil,2.0,1426.52,-5.0,upi,Mobile App,Kochi,Kerala,2025-04-13,delivered,,,,5.0
ORD100995,CUST0155,Customer_155,25-02-2025,Sports,Cricket Bat,1.0,2037.09,30.0,Credit Card,WEB,Indore,MP,07/03/25,DELIVERED ,,,,3.0
ORD102489,CUST0459,Customer_459,05 Jun 2025,Home & Kitchen,LED Bulb,1.0,2673.21,50.0,Debit Card,App,Bangalore,Karnataka,06/09/2025,Returned,Changed Mind,2221.63,06/19/2025,2.0
ORD102570,CUST0409,Customer_409,2025-01-21,Electronics,Smartwatch,0.0,4447.86,50.0,Debit Card,Web,Kolkata,West Bengal,,In Transit,,,,
ORD101256,CUST0454,Customer_454,19-03-2025, Fashion,Men Tshirt,2.0,5714.98,0.0,Debit Card,Web,Delhi,Delhi,03/27/2025,cancelled ,,,,
ORD101665,CUST0585,Customer_585,14-03-2025,sports,Football,1.0,"2,113.69",-5.0,COD,App,Patna,Bihar,,Delivered,,,,2.0
ORD102192,CUST0293,Customer_293,24 Feb 2025,beauty,Perfume,-1.0,5129.43,30.0,COD,App,Kochi,Kerala,28/02/25,delivered,,,,
ORD102568,CUST0406,Customer_406,22-02-2025,Sports ,Cricket Bat,2.0,1854.16,15.0,Debit Card,App,Jaipur,Rajasthan,24/02/25,delivered,,,,3.0
ORD103252,,,,,,,,,,,,,,,,,,
ORD101791,CUST0503,Customer_503,01/19/2025, Sports,Dumbbells,1.0,4232.03,20.0,Debit Card,WEB,Chandigarh,Punjab,01/25/2025,cancelled ,,,,5.0
ORD102477,CUST0106,Customer_106,05/25/2025,home & kitchen,Mixer Grinder,1.0,"4,316.03",10.0,Cash on Delivery,Web,Nagpur,Maharashtra,2025-05-26,DELIVERED ,,,,1.0
ORD102661,CUST0572,Customer_572,03 Jun 2025,Home & Kitchen,Mixer Grinder,2.0,4095.83,10.0,Cash on Delivery,WEB,Bangalore,Karnataka,06/10/2025,Returned,Wrong Item Delivered,6521.22,14/06/25,3.0
ORD100157,CUST0177,Customer_177,06/07/2025,HOME & KITCHEN,Non-stick Pan,2.0,"1,787.15",-5.0,UPI,App,Patna,Bihar,15/06/25,returned,Wrong Item Delivered,2951.55,06/24/2025,1.0
ORD102588,CUST0402,Customer_402,2025-04-09,Sports ,Football,2.0,₹1004.69,10.0,Credit Card,app,Jaipur,Rajasthan,20-04-2025,Delivered,,,,5.0
ORD101461,CUST0222,Customer_222,18-06-2025, Sports,Dumbbells,1.0,3296.99,30.0,Net Banking,WEB,Bhopal,Madhya Pradesh,22-06-2025,cancelled ,,,,
ORD102047,CUST0357,Customer_357,02-06-2025,Fashion,Sneakers,3.0,3232.5,120.0,COD,App,Delhi,Delhi,06/14/2025,cancelled ,,,,2.0
ORD101851,CUST0258,Customer_258,16/06/25,BEAUTY,Hair Oil,0.0,1165.15,15.0,Debit Card,Web,Delhi,Delhi,2025-06-25,RTO,Size Issue,,2025-06-27,
ORD102510,CUST0049,Customer_49,14-02-2025,ELECTRONICS,Bluetooth Speaker,0.0,3755.18,30.0,COD,Web,Pune,Maharashtra,21-02-2025,delivered,,,,3.0
ORD102625,CUST0137,Customer_137,05-03-2025, Fashion,Sneakers,2.0,5953.38,15.0,Credit Card,Web,Lucknow,Uttar Pradesh,2025-03-14,RTO,Changed Mind,11078.97,,5.0
ORD102304,CUST0334,Customer_334,02 Feb 2025,Sports,Cricket Bat,1.0,4213.03,25.0,UPI,Web,Chandigarh,Punjab,02/11/2025,Cancelled,,,,
ORD102006,CUST0354,Customer_354,19 Apr 2025,HOME & KITCHEN,Bedsheet,1.0,"2,095.51",25.0,Net Banking,Mobile App,Hyderabad,Telangana,2025-04-21,delivered,,,,
ORD101186,CUST0587,Customer_587,01/12/2025,HOME & KITCHEN,Bedsheet,2.0,4109.46,120.0,Debit Card,Web,Kolkata,West Bengal,13/01/25,cancelled ,,,,1.0
ORD101007,CUST0254,Customer_254,27-06-2025,ELECTRONICS,Mobile Cover,0.0,3699.19,120.0,Net Banking,app,Chennai,Tamil Nadu,07/07/25,Cancelled,,,,
ORD100561,CUST0321,Customer_321,08-04-2025,Sports ,Skipping Rope,3.0,5648.65,10.0,upi,WEB,Kochi,Kerala,12/04/25,delivered,,,,2.0
ORD102257,CUST0563,Customer_563,2025-02-01,Beauty,Hair Oil,0.0,2007.99,-5.0,Net Banking,App,Bangalore,Karnataka,02/02/25,cancelled ,,,,
ORD100911,CUST0164,Customer_164,12/06/25, Beauty,Sunscreen,1.0,3238.53,120.0,Debit Card,App,Nagpur,Maharashtra,20 Jun 2025,delivered,,,,
ORD101312,CUST0568,Customer_568,04-06-2025,home & kitchen,LED Bulb,3.0,5734.18,0.0,upi,app,Patna,Bihar,08-06-2025,RTO,Quality Not as Expected,13655.37,16-06-2025,
ORD102050,CUST0397,Customer_397,24/01/25,Electronics,Smartwatch,1.0,755.64,15.0,COD,Mobile App,Jaipur,Rajasthan,02/01/2025,delivered,,,,
ORD100270,CUST0121,Customer_121,05 Jun 2025,Fashion,Women Kurti,2.0,221.42,0.0,COD,WEB,Surat,gujarat,09 Jun 2025,Returned,size issue,310.86,14/06/25,4.0
ORD101994,CUST0499,Customer_499,21 May 2025,sports,Football,2.0,3072.36,120.0,Cash on Delivery,app,Indore,MP,2025-05-25,cancelled ,,,,4.0
ORD100266,CUST0415,Customer_415,15-05-2025, Electronics,Mobile Cover,3.0,2455.78,120.0,Credit Card,Mobile App,Pune,Maharashtra,,In Transit,,,,1.0
ORD100915,CUST0489,Customer_489,2025-04-04,Home & Kitchen ,Storage Box,1.0,2778.28,20.0,Debit Card,WEB,Ahmedabad,Gujarat,2025-04-06,DELIVERED ,,,,1.0
ORD102279,CUST0109,Customer_109,15-02-2025,Fashion,Men Tshirt,1.0,4458.59,15.0,Cash on Delivery,WEB,Pune,Maharashtra,18-02-2025,Cancelled,,,,
ORD102232,CUST0294,Customer_294,23-05-2025,beauty,Perfume,1.0,4393.32,30.0,upi,Web,Bengaluru,Karnataka,27 May 2025,Returned,Duplicate Order,3992.11,05-06-2025,
ORD101570,CUST0259,Customer_259,23-01-2025,ELECTRONICS,Smartwatch,1.0,2050.77,-5.0,Cash on Delivery,Mobile App,Kolkata,West Bengal,01/28/2025,Returned,,1477.78,07 Feb 2025,3.0
ORD100874,CUST0509,Customer_509,23-04-2025,Beauty ,Sunscreen,0.0,3887.46,-5.0,COD,WEB,Delhi,Delhi,2025-04-30,cancelled ,,,,3.0
ORD102094,CUST0198,Customer_198,06/05/2025,beauty,Sunscreen,1.0,5149.0,25.0,Debit Card,WEB,Nagpur,Maharashtra,06/06/25,Cancelled,,,,1.0
ORD102447,CUST0011,Customer_11,2025-04-12, Fashion,Jeans,1.0,1540.33,20.0,Cash on Delivery,app,Kochi,Kerala,,Cancelled,,,,2.0
ORD100476,CUST0279,Customer_279,27/04/25,Fashion,Women Kurti,1.0,"3,495.60",120.0,Debit Card,app,Chennai,Tamil Nadu,,In Transit,,,,3.0
ORD101653,CUST0226,Customer_226,21/02/25,Sports ,Yoga Mat,2.0,1198.06,15.0,UPI,app,Indore,MP,22 Feb 2025,RTO,Size Issue,,,4.0
ORD101961,CUST0441,Customer_441,25/05/25,beauty,Perfume,1.0,3108.46,25.0,Cash on Delivery,app,Surat,gujarat,01-06-2025,Returned,Not as described,2698.14,2025-06-11,2.0
ORD100046,CUST0071,Customer_71,04/24/2025,FASHION,Jeans,1.0,2688.73,5.0,Debit Card,app,Pune,Maharashtra,,returned,Quality Not as Expected,2079.09,04/28/2025,3.0
ORD100162,CUST0448,Customer_448,2025-06-26,BEAUTY,Hair Oil,3.0,1455.94,20.0,Cash on Delivery,Mobile App,Indore,MP,29/06/25,DELIVERED ,,,,
ORD102678,CUST0070,Customer_70,19 Jun 2025,ELECTRONICS,Headphones,0.0,4614.13,120.0,COD,Mobile App,Indore,MP,22 Jun 2025,RTO,Product Damaged,3240.53,06/27/2025,3.0
ORD100289,CUST0087,Customer_87,2025-04-09, Fashion,Sneakers,-1.0,3796.0,50.0,Cash on Delivery,Web,Patna,Bihar,12-04-2025,Returned,,3125.06,18-04-2025,1.0
ORD101547,CUST0458,Customer_458,04/05/25,Home & Kitchen,Bedsheet,2.0,1170.85,5.0,Debit Card,WEB,Nagpur,Maharashtra,05/15/2025,returned,size issue,1989.77,2025-05-20,3.0
ORD101949,CUST0406,Customer_406,2025-02-02,Fashion,Handbag,3.0,3135.11,50.0,Net Banking,Web,Surat,gujarat,03 Feb 2025,cancelled ,,,,1.0
ORD100576,CUST0133,Customer_133,22-05-2025,Sports,Skipping Rope,1.0,4844.12,25.0,Credit Card,Mobile App,Hyderabad,Telangana,31/05/25,Delivered,,,,4.0
ORD100851,CUST0313,Customer_313,09 Mar 2025,Sports,Yoga Mat,-1.0,4469.03,30.0,UPI,Mobile App,Lucknow,Uttar Pradesh,13 Mar 2025,DELIVERED ,,,,
ORD100912,CUST0185,Customer_185,03/02/2025,Home & Kitchen,Bedsheet,0.0,₹5396.23,-5.0,Cash on Delivery,Mobile App,Surat,gujarat,2025-03-04,Delivered,,,,3.0
ORD101255,CUST0299,Customer_299,04/10/2025,HOME & KITCHEN,Non-stick Pan,1.0,2034.63,120.0,Net Banking,WEB,Bengaluru,Karnataka,,Delivered,,,,2.0
ORD101834,CUST0290,Customer_290,06/04/25,SPORTS,Yoga Mat,2.0,1131.23,0.0,Credit Card,Web,Kochi,Kerala,09-04-2025,Returned,Duplicate Order,1821.49,04/16/2025,
ORD101723,CUST0145,Customer_145,2025-06-29,Beauty,Lipstick,2.0,3166.08,-5.0,Net Banking,app,Bangalore,Karnataka,10 Jul 2025,Refunded,Damaged in transit,4623.27,18-07-2025,
ORD102134,CUST0476,Customer_476,22 Feb 2025,Home & Kitchen ,Bedsheet,-1.0,5721.33,25.0,Cash on Delivery,Mobile App,Kochi,Kerala,,Returned,Product Damaged,5520.39,,
ORD101736,CUST0368,Customer_368,02/02/2025,BEAUTY,Sunscreen,2.0,1845.45,0.0,Cash on Delivery,App,Patna,Bihar,09 Feb 2025,returned,Duplicate Order,3447.7,,3.0
ORD100933,CUST0293,Customer_293,06/29/2025,Electronics ,Power Bank,2.0,1225.06,-5.0,UPI,App,Nagpur,Maharashtra,03-07-2025,Returned,Not as described,,10-07-2025,
ORD101101,CUST0199,Customer_199,03-02-2025,FASHION,Women Kurti,2.0,5121.34,30.0,upi,Web,Kochi,Kerala,,In Transit,,,,5.0
ORD101208,CUST0357,Customer_357,17 Apr 2025,Electronics ,Mobile Cover,-1.0,4286.42,15.0,COD,WEB,Bhopal,Madhya Pradesh,25 Apr 2025,Refunded,size issue,,05/02/2025,5.0
ORD102296,CUST0387,Customer_387,01/25/2025, Fashion,Sneakers,2.0,1455.98,120.0,Credit Card,app,Indore,MP,,In Transit,,,,2.0
ORD101844,CUST0461,Customer_461,02/03/2025,beauty,Hair Oil,1.0,5602.12,0.0,Credit Card,app,Lucknow,Uttar Pradesh,,Returned,Changed Mind,4194.02,2025-02-15,4.0
ORD101849,CUST0283,Customer_283,2025-03-11,home & kitchen,LED Bulb,1.0,4480.15,15.0,Debit Card,Mobile App,Jaipur,Rajasthan,13 Mar 2025,DELIVERED ,,,,
ORD102525,CUST0478,Customer_478,28 Mar 2025,Beauty,Perfume,1.0,4042.42,10.0,UPI,Web,Pune,Maharashtra,,Cancelled,,,,
ORD101695,CUST0472,Customer_472,12 Apr 2025,Sports ,Football,1.0,466.55,10.0,Credit Card,WEB,Kolkata,West Bengal,17/04/25,cancelled ,,,,3.0
ORD100086,CUST0491,Customer_491,24/06/25, Sports,Football,1.0,883.16,50.0,Cash on Delivery,Web,Bangalore,Karnataka,27/06/25,Cancelled,,,,1.0
ORD100470,CUST0411,Customer_411,08 Apr 2025,ELECTRONICS,Bluetooth Speaker,1.0,2643.87,0.0,Credit Card,app,Chennai,Tamil Nadu,,In Transit,,,,1.0
ORD102274,CUST0073,Customer_73,16 Mar 2025,Sports ,Skipping Rope,-1.0,4909.7,120.0,Credit Card,app,Bhopal,Madhya Pradesh,2025-03-24,Delivered,,,,
ORD102380,CUST0570,Customer_570,27/01/25,fashion,Men Tshirt,2.0,₹279.63,-5.0,COD,App,Chandigarh,Punjab,01 Feb 2025,Delivered,,,,1.0
ORD100234,CUST0475,Customer_475,01/21/2025,fashion,Women Kurti,-1.0,3842.95,5.0,Net Banking,WEB,Kolkata,West Bengal,2025-01-25,Cancelled,,,,
ORD102637,CUST0112,Customer_112,11-03-2025,Beauty,Hair Oil,3.0,5304.38,120.0,Net Banking,App,Patna,Bihar,13-03-2025,RTO,Size Issue,13463.93,21-03-2025,5.0
ORD102524,CUST0554,Customer_554,02-04-2025,Fashion,Men Tshirt,0.0,3034.07,30.0,Debit Card,app,Lucknow,Uttar Pradesh,,delivered,,,,3.0
ORD100738,CUST0186,Customer_186,02-02-2025,Electronics,Bluetooth Speaker,1.0,5105.97,20.0,UPI,App,Pune,Maharashtra,,cancelled ,,,,5.0
ORD102648,CUST0533,Customer_533,2025-02-19,FASHION,Handbag,3.0,1031.54,-5.0,UPI,WEB,Lucknow,Uttar Pradesh,25-02-2025,Returned,Damaged in transit,2432.24,26 Feb 2025,3.0
ORD102470,CUST0265,Customer_265,2025-05-11,Fashion,Jeans,3.0,2445.05,15.0,Credit Card,App,Bangalore,Karnataka,14/05/25,Cancelled,,,,3.0
ORD101712,CUST0114,Customer_114,17-01-2025, Sports,Dumbbells,1.0,4596.51,30.0,upi,App,Mumbai,Maharashtra,,In Transit,,,,4.0
ORD100183,CUST0547,Customer_547,06/10/2025,Fashion,Jeans,3.0,"4,577.56",0.0,UPI,WEB,Bengaluru,Karnataka,2025-06-22,Returned,Late Delivery,10300.97,2025-06-27,
ORD100989,CUST0520,Customer_520,17-02-2025, Fashion,Women Kurti,2.0,3819.13,5.0,Net Banking,WEB,Delhi,Delhi,19-02-2025,DELIVERED ,,,,1.0
ORD101001,CUST0116,Customer_116,31/05/25,Home & Kitchen ,Bedsheet,1.0,676.78,30.0,upi,Web,Delhi,Delhi,10/06/25,RTO,Late Delivery,496.26,06/11/2025,
ORD101642,CUST0493,Customer_493,2025-01-21,home & kitchen,Mixer Grinder,2.0,1436.23,30.0,Debit Card,app,Indore,MP,27/01/25,returned,,2244.44,29/01/25,
ORD101357,CUST0419,Customer_419,15/02/25, Sports,Dumbbells,3.0,1968.57,20.0,Debit Card,WEB,Bangalore,Karnataka,17/02/25,cancelled ,,,,1.0
ORD101463,CUST0491,Customer_491,04/25/2025,FASHION,Sneakers,1.0,4385.41,20.0,UPI,WEB,Ahmedabad,Gujarat,03 May 2025,Returned,Late Delivery,4022.86,05/12/2025,1.0
ORD100050,CUST0335,Customer_335,03/11/2025,BEAUTY,Lipstick,1.0,4751.1,120.0,Cash on Delivery,App,Jaipur,Rajasthan,2025-03-19,returned,Changed Mind,3526.4,26/03/25,
ORD102578,CUST0141,Customer_141,17-01-2025,BEAUTY,Perfume,3.0,2154.72,25.0,upi,app,Bhopal,Madhya Pradesh,,In Transit,,,,4.0
ORD101259,CUST0349,Customer_349,01 Jan 2025, Beauty,Hair Oil,1.0,3157.62,20.0,UPI,app,Chennai,Tamil Nadu,01/11/2025,RTO,,2898.97,01/14/2025,2.0
ORD100487,CUST0086,Customer_86,03/04/25,Sports ,Football,2.0,"4,263.10",0.0,Debit Card,Web,Lucknow,Uttar Pradesh,06-04-2025,Refunded,Wrong Item Delivered,8104.8,04/13/2025,4.0
ORD102110,CUST0346,Customer_346,24/05/25,Home & Kitchen ,Mixer Grinder,1.0,3067.06,20.0,UPI,App,Kochi,Kerala,,delivered,,,,
ORD102546,CUST0340,Customer_340,06/16/2025,Beauty ,Hair Oil,3.0,161.55,20.0,Credit Card,App,Bangalore,Karnataka,2025-06-20,cancelled ,,,,
ORD101909,CUST0364,Customer_364,27-05-2025,beauty,Hair Oil,1.0,5901.12,-5.0,Cash on Delivery,App,Delhi,Delhi,05-06-2025,delivered,,,,
ORD100107,CUST0306,Customer_306,18-02-2025, Beauty,Sunscreen,-1.0,4966.66,20.0,Credit Card,App,Chennai,Tamil Nadu,01-03-2025,Delivered,,,,1.0
ORD100444,CUST0090,Customer_90,03/03/2025, Home & Kitchen,Storage Box,1.0,5393.99,120.0,COD,App,Delhi,Delhi,06-03-2025,Returned,Product Damaged,4304.14,03/11/2025,5.0
ORD101955,CUST0065,Customer_65,02/05/25, Home & Kitchen,Mixer Grinder,0.0,4214.51,15.0,COD,Web,Bangalore,Karnataka,12-05-2025,returned,Wrong Item Delivered,3267.73,21-05-2025,2.0
ORD100647,CUST0463,Customer_463,2025-03-28,Fashion ,Sneakers,2.0,3343.39,120.0,COD,App,Kochi,Kerala,02 Apr 2025,DELIVERED ,,,,
ORD101763,CUST0366,Customer_366,15-01-2025,Beauty,Hair Oil,1.0,1121.4,50.0,Credit Card,Web,Kolkata,West Bengal,20 Jan 2025,Returned,Quality Not as Expected,1056.16,2025-01-21,4.0
ORD100727,CUST0397,Customer_397,28 Feb 2025,Fashion,Sneakers,2.0,1218.67,50.0,COD,WEB,Mumbai,Maharashtra,03/02/2025,delivered,,,,
ORD102239,CUST0471,Customer_471,06/30/2025, Beauty,Face Wash,2.0,3725.64,5.0,COD,app,Pune,Maharashtra,09/07/25,cancelled ,,,,5.0
ORD101857,CUST0518,Customer_518,2025-02-04,Home & Kitchen,Non-stick Pan,1.0,3936.89,20.0,Credit Card,Web,Patna,Bihar,02/05/2025,cancelled ,,,,
ORD102331,CUST0485,Customer_485,05/24/2025,HOME & KITCHEN,Non-stick Pan,2.0,451.3,30.0,Credit Card,Mobile App,Indore,MP,2025-05-30,Returned,Quality Not as Expected,648.96,2025-06-08,4.0
ORD100030,CUST0590,Customer_590,25/06/25,BEAUTY,Perfume,1.0,3613.77,20.0,COD,app,Kochi,Kerala,2025-07-05,delivered,,,,
ORD100170,CUST0217,Customer_217,2025-06-02,Fashion,Women Kurti,-1.0,608.46,10.0,COD,Mobile App,Nagpur,Maharashtra,14-06-2025,Cancelled,,,,
ORD101002,CUST0433,Customer_433,2025-05-19,BEAUTY,Face Wash,1.0,514.97,10.0,Debit Card,App,Mumbai,Maharashtra,28-05-2025,Returned,Quality Not as Expected,402.22,01/06/25,1.0
ORD102149,CUST0319,Customer_319,03 Feb 2025,Fashion,Men Tshirt,1.0,2926.24,30.0,Credit Card,Web,Jaipur,Rajasthan,14-02-2025,returned,Quality Not as Expected,2531.13,02/22/2025,1.0
ORD100198,CUST0354,Customer_354,27 May 2025,Fashion ,Women Kurti,3.0,4305.56,-5.0,Cash on Delivery,App,Bhopal,Madhya Pradesh,,In Transit,,,,1.0
ORD100496,CUST0466,Customer_466,15 Feb 2025,home & kitchen,Non-stick Pan,1.0,548.75,5.0,UPI,Mobile App,Bengaluru,Karnataka,23 Feb 2025,returned,Changed Mind,,02 Mar 2025,3.0
ORD102027,CUST0211,Customer_211,08 Feb 2025,HOME & KITCHEN,Mixer Grinder,2.0,3008.97,15.0,COD,Web,Bengaluru,Karnataka,02/11/2025,Refunded,Changed Mind,5514.24,18/02/25,
ORD100648,CUST0532,Customer_532,28-04-2025,home & kitchen,Mixer Grinder,-1.0,3907.41,15.0,Debit Card,WEB,Lucknow,Uttar Pradesh,05/07/2025,delivered,,,,2.0
ORD100045,CUST0103,Customer_103,20 Jan 2025,Beauty ,Face Wash,0.0,239.78,10.0,Cash on Delivery,app,Nagpur,Maharashtra,26 Jan 2025,returned,Duplicate Order,195.18,03/02/25,1.0
ORD102759,CUST0041,Customer_41,03/02/2025,Beauty,Hair Oil,-1.0,3218.2,50.0,upi,Web,Nagpur,Maharashtra,2025-03-06,RTO,quality issue,2735.58,14-03-2025,
ORD100374,CUST0480,Customer_480,11/02/25, Fashion,Jeans,-1.0,5023.52,50.0,Credit Card,Web,Patna,Bihar,16-02-2025,Returned,Damaged in transit,4258.22,2025-02-24,4.0
ORD100679,CUST0045,Customer_45,21-02-2025,SPORTS,Yoga Mat,3.0,5178.0,50.0,UPI,Web,Chandigarh,Punjab,2025-02-28,cancelled ,,,,4.0
ORD100567,CUST0350,Customer_350,01/11/2025,Electronics ,Mobile Cover,-1.0,1818.75,10.0,UPI,app,Jaipur,Rajasthan,20/01/25,cancelled ,,,,2.0
ORD100461,CUST0429,Customer_429,05/14/2025, Beauty,Lipstick,3.0,4821.04,30.0,Cash on Delivery,app,Bhopal,Madhya Pradesh,2025-05-25,returned,size issue,10456.95,05/27/2025,1.0
ORD101933,CUST0557,Customer_557,17/05/25, Electronics,Smartwatch,2.0,3081.26,10.0,Cash on Delivery,app,Chennai,Tamil Nadu,18/05/25,returned,size issue,4566.55,24 May 2025,
ORD101156,CUST0587,Customer_587,03 Feb 2025,Home & Kitchen ,Non-stick Pan,2.0,2614.16,30.0,UPI,app,Indore,MP,07/02/25,DELIVERED ,,,,1.0
ORD100040,CUST0482,Customer_482,15 Mar 2025,home & kitchen,Bedsheet,3.0,4070.28,50.0,Debit Card,app,Jaipur,Rajasthan,,In Transit,,,,
ORD102483,CUST0434,Customer_434,06/27/2025,Home & Kitchen,LED Bulb,1.0,3693.49,50.0,Credit Card,app,Indore,MP,,In Transit,,,,3.0
ORD100974,CUST0380,Customer_380,04/16/2025,Sports,Football,1.0,2302.84,50.0,Net Banking,app,Jaipur,Rajasthan,21-04-2025,cancelled ,,,,
ORD101787,CUST0448,Customer_448,26/04/25, Beauty,Lipstick,2.0,5705.26,-5.0,UPI,Web,Pune,Maharashtra,02 May 2025,RTO,Wrong Item Delivered,10995.68,,5.0
ORD101499,CUST0480,Customer_480,2025-03-22,Fashion ,Sneakers,2.0,3669.62,-5.0,upi,WEB,Kolkata,West Bengal,04/01/2025,delivered,,,,2.0
ORD102505,CUST0206,Customer_206,30/06/25,fashion,Sneakers,2.0,3614.7,50.0,upi,App,Nagpur,Maharashtra,01/07/25,Refunded,size issue,5567.32,07/07/2025,4.0
ORD101836,CUST0139,Customer_139,13 Feb 2025,SPORTS,Yoga Mat,3.0,710.73,20.0,UPI,Mobile App,Bangalore,Karnataka,02/17/2025,Refunded,Not as described,1801.7,02/23/2025,1.0
ORD102309,CUST0091,Customer_91,31 Mar 2025,ELECTRONICS,Mobile Cover,2.0,5649.85,120.0,upi,Web,Indore,MP,2025-04-09,DELIVERED ,,,,2.0
ORD101841,CUST0411,Customer_411,20-01-2025,Home & Kitchen,Mixer Grinder,0.0,3882.52,50.0,Debit Card,WEB,Kochi,Kerala,2025-01-21,Refunded,Not as described,3312.04,25-01-2025,3.0
ORD102084,CUST0518,Customer_518,18-01-2025,sports,Dumbbells,2.0,641.39,120.0,Cash on Delivery,WEB,Kolkata,West Bengal,2025-01-26,Returned,,1171.27,2025-02-03,2.0
ORD100828,CUST0168,Customer_168,03 Feb 2025,Electronics,Power Bank,2.0,4539.48,25.0,UPI,Web,Indore,MP,2025-02-12,Refunded,Damaged in transit,8783.17,2025-02-17,1.0
ORD101936,CUST0193,Customer_193,2025-01-22,Fashion ,Handbag,0.0,5296.03,5.0,Debit Card,app,Surat,gujarat,2025-02-01,RTO,,4774.84,09-02-2025,5.0
ORD102045,CUST0378,Customer_378,02/08/2025, Electronics,Power Bank,2.0,2264.84,0.0,UPI,WEB,Delhi,Delhi,,In Transit,,,,
ORD100310,CUST0430,Customer_430,04/07/2025,FASHION,Jeans,1.0,2057.87,15.0,Credit Card,Web,Bhopal,Madhya Pradesh,15-04-2025,delivered,,,,
ORD100277,CUST0288,Customer_288,2025-06-30, Electronics,Bluetooth Speaker,1.0,3490.24,20.0,Debit Card,WEB,Chennai,Tamil Nadu,05 Jul 2025,Delivered,,,,5.0
ORD100637,CUST0155,Customer_155,01/04/25,Home & Kitchen ,Non-stick Pan,3.0,3264.33,-5.0,Credit Card,App,Ahmedabad,Gujarat,04/05/2025,DELIVERED ,,,,1.0
ORD100655,CUST0258,Customer_258,04/03/25, Sports,Cricket Bat,2.0,5901.06,50.0,Cash on Delivery,WEB,Delhi,Delhi,2025-03-08,Refunded,Late Delivery,10264.14,15-03-2025,2.0
ORD100623,CUST0496,Customer_496,01/31/2025,Beauty,Face Wash,3.0,1465.23,-5.0,Credit Card,Web,Chandigarh,Punjab,08-02-2025,Cancelled,,,,1.0
ORD101860,CUST0027,Customer_27,08 Jun 2025,fashion,Handbag,-1.0,3770.99,0.0,UPI,WEB,Indore,MP,14 Jun 2025,Returned,Quality Not as Expected,3541.56,,2.0
ORD100845,CUST0182,Customer_182,03 Feb 2025,Beauty ,Perfume,1.0,4222.06,-5.0,Net Banking,Mobile App,Chandigarh,Punjab,02/08/2025,Delivered,,,,
ORD100394,CUST0172,Customer_172,06/11/2025, Electronics,Headphones,2.0,3647.53,25.0,Net Banking,App,Kochi,Kerala,06/20/2025,RTO,Wrong Item Delivered,,23/06/25,5.0
ORD102156,CUST0462,Customer_462,12/02/25,Electronics,Headphones,0.0,3420.36,120.0,UPI,Web,Bengaluru,Karnataka,2025-02-16,RTO,Late Delivery,,22/02/25,
ORD100350,CUST0434,Customer_434,15 Jan 2025,Fashion,Women Kurti,1.0,1402.54,-5.0,Debit Card,Mobile App,Delhi,Delhi,,In Transit,,,,4.0
ORD102573,CUST0152,Customer_152,04 Feb 2025,Beauty,Face Wash,-1.0,3150.45,15.0,UPI,Web,Kolkata,West Bengal,12-02-2025,returned,Duplicate Order,2842.69,16/02/25,
ORD100785,CUST0241,Customer_241,11/03/25,BEAUTY,Perfume,1.0,792.47,5.0,Credit Card,app,Delhi,Delhi,23-03-2025,returned,Wrong Item Delivered,734.87,01/04/25,3.0
ORD100048,CUST0435,Customer_435,2025-05-27,home & kitchen,Bedsheet,2.0,5996.34,30.0,Cash on Delivery,WEB,Mumbai,Maharashtra,2025-06-01,RTO,Wrong Item Delivered,,02/06/25,
ORD101979,CUST0161,Customer_161,05/13/2025,fashion,Sneakers,-1.0,2627.7,20.0,Credit Card,app,Surat,gujarat,19-05-2025,Delivered,,,,4.0
ORD102252,CUST0076,Customer_76,05/05/25,Home & Kitchen,Mixer Grinder,2.0,729.41,30.0,upi,Web,Bengaluru,Karnataka,05/15/2025,Cancelled,,,,
ORD101656,CUST0473,Customer_473,02/16/2025, Fashion,Sneakers,1.0,5870.18,0.0,UPI,app,Bangalore,Karnataka,02/19/2025,Refunded,Late Delivery,5108.72,2025-02-22,
ORD102070,CUST0365,Customer_365,20-06-2025,Home & Kitchen ,Storage Box,1.0,5146.23,5.0,Net Banking,Web,Bangalore,Karnataka,,In Transit,,,,
ORD100403,CUST0105,Customer_105,01/03/25,Electronics,Mobile Cover,2.0,5122.09,30.0,Net Banking,Mobile App,Bhopal,Madhya Pradesh,02 Mar 2025,RTO,size issue,10052.36,10/03/25,
ORD101108,CUST0363,Customer_363,2025-04-21,Electronics ,Bluetooth Speaker,1.0,1120.69,20.0,upi,Mobile App,Lucknow,Uttar Pradesh,30/04/25,Delivered,,,,3.0
ORD101155,CUST0151,Customer_151,2025-03-13,ELECTRONICS,Bluetooth Speaker,0.0,4117.01,25.0,upi,Web,Kochi,Kerala,25-03-2025,Refunded,Duplicate Order,2980.63,30 Mar 2025,2.0
ORD101440,CUST0585,Customer_585,04/05/25,beauty,Hair Oil,1.0,4977.63,0.0,UPI,Mobile App,Hyderabad,Telangana,05/09/2025,Cancelled,,,,
ORD100570,CUST0120,Customer_120,22-06-2025,HOME & KITCHEN,Mixer Grinder,1.0,2063.63,120.0,Credit Card,Mobile App,Jaipur,Rajasthan,23/06/25,Cancelled,,,,1.0
ORD102002,CUST0284,Customer_284,02/04/2025,home & kitchen,Non-stick Pan,-1.0,885.26,5.0,Debit Card,Web,Bhopal,Madhya Pradesh,08-02-2025,RTO,Damaged in transit,829.87,14/02/25,
ORD100990,CUST0242,Customer_242,13 Jan 2025, Home & Kitchen,Storage Box,1.0,4067.22,50.0,Net Banking,Web,Chennai,Tamil Nadu,,returned,Quality Not as Expected,,2025-02-04,
ORD101866,CUST0254,Customer_254,2025-01-06,Home & Kitchen ,Non-stick Pan,2.0,2590.8,10.0,Cash on Delivery,Web,Indore,MP,15-01-2025,Delivered,,,,
ORD102790,CUST0113,Customer_113,30-01-2025,Home & Kitchen ,Non-stick Pan,0.0,480.36,10.0,Net Banking,app,Jaipur,Rajasthan,,In Transit,,,,2.0
ORD101311,CUST0282,Customer_282,22 Jun 2025,fashion,Sneakers,1.0,5326.78,30.0,Debit Card,WEB,Chandigarh,Punjab,03-07-2025,DELIVERED ,,,,4.0
ORD100034,CUST0314,Customer_314,02/19/2025,Home & Kitchen,Non-stick Pan,2.0,1995.96,10.0,UPI,Web,Ahmedabad,Gujarat,24/02/25,Refunded,Wrong Item Delivered,3009.24,,3.0
ORD100788,CUST0579,Customer_579,27/01/25, Fashion,Women Kurti,1.0,1349.01,5.0,Debit Card,App,Hyderabad,Telangana,02/08/2025,Refunded,Size Issue,1315.91,13/02/25,
ORD101044,CUST0246,Customer_246,2025-02-06,Sports,Yoga Mat,0.0,4330.33,10.0,COD,Web,Kochi,Kerala,,In Transit,,,,5.0
ORD100482,CUST0168,Customer_168,01-02-2025, Home & Kitchen,LED Bulb,1.0,1576.28,120.0,Cash on Delivery,WEB,Chandigarh,Punjab,03-02-2025,Delivered,,,,4.0
ORD101244,CUST0125,Customer_125,14-03-2025,HOME & KITCHEN,Non-stick Pan,2.0,985.53,10.0,Net Banking,Web,Bengaluru,Karnataka,,In Transit,,,,5.0
ORD102628,CUST0289,Customer_289,2025-03-17,Sports,Skipping Rope,3.0,4067.78,5.0,Debit Card,App,Jaipur,Rajasthan,24/03/25,cancelled ,,,,1.0
ORD102530,CUST0163,Customer_163,12 Feb 2025,FASHION,Sneakers,2.0,2706.38,10.0,Net Banking,App,Surat,gujarat,2025-02-19,Refunded,Wrong Item Delivered,5404.7,02/22/2025,5.0
ORD100932,CUST0403,Customer_403,2025-06-12, Beauty,Perfume,1.0,₹2104.92,10.0,Debit Card,Web,Jaipur,Rajasthan,14 Jun 2025,Delivered,,,,3.0
ORD102405,CUST0122,Customer_122,27-01-2025,HOME & KITCHEN,Non-stick Pan,-1.0,155.69,10.0,Net Banking,App,Bengaluru,Karnataka,2025-02-02,delivered,,,,
ORD101686,CUST0229,Customer_229,21 Jun 2025, Beauty,Sunscreen,1.0,4703.85,5.0,Net Banking,app,Chandigarh,Punjab,30/06/25,Delivered,,,,1.0
ORD101249,CUST0233,Customer_233,2025-04-24,Beauty ,Sunscreen,1.0,4055.66,-5.0,Debit Card,app,Mumbai,Maharashtra,06/05/25,Returned,Late Delivery,3258.09,12/05/25,5.0
ORD100760,CUST0170,Customer_170,02/19/2025,Home & Kitchen,LED Bulb,1.0,"5,978.45",0.0,Net Banking,Mobile App,Ahmedabad,Gujarat,27/02/25,cancelled ,,,,5.0
ORD100093,CUST0148,Customer_148,27 Mar 2025,Fashion ,Handbag,-1.0,₹3075.46,10.0,Credit Card,app,Chandigarh,Punjab,,In Transit,,,,
ORD101176,CUST0264,Customer_264,16-06-2025,BEAUTY,Face Wash,1.0,1068.15,120.0,Credit Card,app,Jaipur,Rajasthan,22/06/25,delivered,,,,2.0
ORD101416,CUST0138,Customer_138,16-01-2025,Fashion,Men Tshirt,2.0,4021.97,20.0,COD,App,Hyderabad,Telangana,19/01/25,delivered,,,,
ORD101342,CUST0009,Customer_9,2025-06-28, Beauty,Sunscreen,3.0,4684.74,30.0,upi,App,Kolkata,West Bengal,07/08/2025,Cancelled,,,,3.0
ORD101473,CUST0335,Customer_335,2025-03-19, Fashion,Sneakers,3.0,5000.4,20.0,Credit Card,app,Kochi,Kerala,2025-03-20,DELIVERED ,,,,
ORD102136,CUST0193,Customer_193,27 May 2025,Beauty ,Perfume,1.0,3107.1,120.0,upi,Mobile App,Chandigarh,Punjab,28 May 2025,Delivered,,,,3.0
ORD102794,CUST0263,Customer_263,12/01/25,SPORTS,Skipping Rope,1.0,5851.82,120.0,COD,Mobile App,Jaipur,Rajasthan,13 Jan 2025,delivered,,,,4.0
ORD102328,CUST0287,Customer_287,13-03-2025,BEAUTY,Face Wash,-1.0,5827.41,30.0,UPI,Web,Patna,Bihar,24/03/25,cancelled ,,,,2.0
ORD101608,CUST0354,Customer_354,14-04-2025,Home & Kitchen,Mixer Grinder,1.0,2089.99,120.0,COD,WEB,Patna,Bihar,2025-04-25,cancelled ,,,,5.0
ORD100765,CUST0246,Customer_246,2025-06-11, Sports,Skipping Rope,2.0,5457.75,0.0,COD,Mobile App,Delhi,Delhi,21-06-2025,Cancelled,,,,3.0
ORD102653,CUST0350,Customer_350,2025-03-17,Beauty ,Face Wash,0.0,1596.95,25.0,COD,Web,Patna,Bihar,20/03/25,Cancelled,,,,1.0
ORD101374,CUST0122,Customer_122,2025-05-14,Beauty ,Sunscreen,3.0,2160.8,-5.0,Debit Card,app,Indore,MP,17/05/25,delivered,,,,2.0
ORD101952,CUST0478,Customer_478,04/26/2025,sports,Yoga Mat,1.0,"1,552.60",25.0,Cash on Delivery,Mobile App,Kochi,Kerala,28 Apr 2025,DELIVERED ,,,,
ORD102449,CUST0596,Customer_596,2025-02-06,Electronics ,Power Bank,2.0,5673.18,-5.0,Debit Card,WEB,Surat,gujarat,15/02/25,Returned,quality issue,,02/23/2025,3.0
ORD101729,CUST0256,Customer_256,2025-02-18,Sports,Skipping Rope,1.0,2732.76,30.0,UPI,Web,Bangalore,Karnataka,20-02-2025,DELIVERED ,,,,2.0
ORD100258,CUST0174,Customer_174,09-02-2025, Home & Kitchen,Storage Box,1.0,2726.71,25.0,Cash on Delivery,app,Bengaluru,Karnataka,,delivered,,,,2.0
ORD100945,CUST0122,Customer_122,11 Apr 2025,Beauty,Perfume,1.0,2296.32,30.0,UPI,Mobile App,Bengaluru,Karnataka,18 Apr 2025,Delivered,,,,
ORD101220,CUST0117,Customer_117,04/04/2025,Fashion ,Jeans,2.0,1373.09,10.0,Cash on Delivery,Web,Delhi,Delhi,,In Transit,,,,5.0
ORD101162,CUST0161,Customer_161,08-04-2025,fashion,Handbag,1.0,871.59,30.0,Debit Card,Mobile App,Bengaluru,Karnataka,15 Apr 2025,Returned,quality issue,,,
ORD102543,CUST0125,Customer_125,02 Jan 2025,Electronics,Mobile Cover,-1.0,3462.81,5.0,UPI,App,Nagpur,Maharashtra,09 Jan 2025,Refunded,Wrong Item Delivered,2506.41,01/16/2025,3.0
ORD100773,CUST0031,Customer_31,18/02/25, Home & Kitchen,Bedsheet,1.0,4872.56,10.0,Cash on Delivery,WEB,Chennai,Tamil Nadu,28-02-2025,Refunded,Late Delivery,3976.9,04-03-2025,1.0
ORD102599,CUST0578,Customer_578,16/06/25,Home & Kitchen,Storage Box,-1.0,3325.37,-5.0,UPI,Web,Bangalore,Karnataka,06/28/2025,Refunded,,2494.23,05/07/25,
ORD101487,CUST0095,Customer_95,05 Jun 2025,HOME & KITCHEN,Mixer Grinder,2.0,3522.57,50.0,Net Banking,App,Lucknow,Uttar Pradesh,2025-06-06,Refunded,Changed Mind,6674.76,09-06-2025,2.0
ORD102250,CUST0461,Customer_461,2025-06-03,SPORTS,Yoga Mat,1.0,3981.48,0.0,UPI,Web,Bangalore,Karnataka,07-06-2025,returned,Wrong Item Delivered,3638.65,15/06/25,1.0
ORD100313,CUST0253,Customer_253,02 Jan 2025, Fashion,Jeans,2.0,5367.16,-5.0,COD,Mobile App,Pune,Maharashtra,03/01/25,Delivered,,,,2.0
ORD100291,CUST0553,Customer_553,12 May 2025,Sports ,Cricket Bat,1.0,"5,435.97",50.0,Debit Card,Web,Ahmedabad,Gujarat,2025-05-24,RTO,Size Issue,4779.8,2025-06-03,1.0
ORD100764,CUST0475,Customer_475,05/26/2025, Beauty,Hair Oil,1.0,4922.32,25.0,COD,app,Nagpur,Maharashtra,29 May 2025,Delivered,,,,3.0
ORD100184,CUST0533,Customer_533,04/02/2025,sports,Skipping Rope,-1.0,5344.65,50.0,upi,Web,Chennai,Tamil Nadu,,DELIVERED ,,,,1.0
ORD101177,CUST0187,Customer_187,2025-05-08,BEAUTY,Perfume,1.0,5471.27,20.0,upi,Mobile App,Surat,gujarat,19 May 2025,DELIVERED ,,,,2.0
ORD101350,CUST0277,Customer_277,03/07/2025,BEAUTY,Lipstick,2.0,4096.09,15.0,COD,Mobile App,Indore,MP,13/03/25,Refunded,Wrong Item Delivered,6982.35,2025-03-19,3.0
ORD102299,CUST0267,Customer_267,01/30/2025,Home & Kitchen,Storage Box,0.0,2583.53,20.0,COD,WEB,Bangalore,Karnataka,,In Transit,,,,4.0
ORD102789,CUST0086,Customer_86,08-02-2025,electronics,Smartwatch,2.0,1430.84,-5.0,Cash on Delivery,App,Jaipur,Rajasthan,11-02-2025,Refunded,Quality Not as Expected,2829.31,18 Feb 2025,4.0
ORD101100,CUST0251,Customer_251,16-01-2025,Home & Kitchen,Mixer Grinder,1.0,4886.09,25.0,Debit Card,App,Ahmedabad,Gujarat,2025-01-28,RTO,Damaged in transit,4271.75,2025-02-06,4.0
ORD100392,CUST0118,Customer_118,2025-01-05,home & kitchen,Mixer Grinder,0.0,"3,385.76",15.0,Cash on Delivery,Mobile App,Chennai,Tamil Nadu,,In Transit,,,,3.0
ORD101920,CUST0415,Customer_415,11-06-2025,Home & Kitchen,Storage Box,2.0,4729.9,5.0,Credit Card,App,Pune,Maharashtra,06/15/2025,cancelled ,,,,2.0
ORD101457,CUST0381,Customer_381,13-05-2025,HOME & KITCHEN,Mixer Grinder,3.0,"1,510.54",50.0,Debit Card,Web,Mumbai,Maharashtra,2025-05-15,RTO,,4003.11,17/05/25,
ORD101093,CUST0185,Customer_185,10 Mar 2025,Beauty ,Sunscreen,1.0,709.58,30.0,COD,WEB,Nagpur,Maharashtra,11-03-2025,delivered,,,,1.0
ORD102023,CUST0225,Customer_225,06/04/2025,Beauty,Sunscreen,2.0,3630.38,0.0,Debit Card,Web,Indore,MP,,In Transit,,,,3.0
ORD100905,CUST0031,Customer_31,28/05/25,Beauty ,Lipstick,2.0,5902.92,0.0,UPI,Web,Delhi,Delhi,31-05-2025,Returned,Damaged in transit,8271.57,,
ORD102779,CUST0327,Customer_327,20-05-2025,Electronics ,Mobile Cover,0.0,2974.51,10.0,Credit Card,app,Bhopal,Madhya Pradesh,31 May 2025,Cancelled,,,,1.0
ORD102603,CUST0515,Customer_515,23 Jun 2025,Electronics,Power Bank,1.0,436.4,120.0,Net Banking,Mobile App,Chennai,Tamil Nadu,25/06/25,returned,quality issue,384.43,29/06/25,4.0
ORD100367,CUST0308,Customer_308,12/01/25,fashion,Women Kurti,2.0,"3,210.09",5.0,upi,Mobile App,Surat,gujarat,21-01-2025,delivered,,,,
ORD100346,CUST0561,Customer_561,10/03/25,Fashion ,Men Tshirt,1.0,3524.53,50.0,Credit Card,app,Chandigarh,Punjab,17-03-2025,RTO,Changed Mind,,,5.0
ORD102584,CUST0239,Customer_239,03/06/2025, Fashion,Sneakers,0.0,2806.76,120.0,Credit Card,App,Chandigarh,Punjab,14-03-2025,RTO,Size Issue,2736.97,03/24/2025,
ORD101373,CUST0093,Customer_93,2025-04-18,Fashion,Jeans,2.0,200.68,20.0,Cash on Delivery,Mobile App,Chandigarh,Punjab,,In Transit,,,,3.0
ORD101640,CUST0236,Customer_236,22 Apr 2025,SPORTS,Skipping Rope,0.0,1079.2,50.0,Net Banking,Mobile App,Bengaluru,Karnataka,,cancelled ,,,,5.0
ORD100920,CUST0016,Customer_16,2025-06-28,electronics,Power Bank,1.0,5281.95,25.0,COD,WEB,Chandigarh,Punjab,09/07/25,Returned,Not as described,4035.42,07/15/2025,5.0
ORD100212,CUST0520,Customer_520,20/05/25,Electronics ,Mobile Cover,-1.0,"4,649.82",20.0,Credit Card,Mobile App,Indore,MP,2025-05-31,Refunded,,3441.63,02 Jun 2025,
ORD101604,CUST0146,Customer_146,02/18/2025,Fashion,Jeans,2.0,₹4496.92,15.0,Credit Card,Mobile App,Chandigarh,Punjab,01/03/25,Returned,Wrong Item Delivered,8007.98,2025-03-04,
ORD102551,CUST0437,Customer_437,2025-04-20,Home & Kitchen ,LED Bulb,2.0,899.33,20.0,upi,App,Hyderabad,Telangana,01-05-2025,Cancelled,,,,3.0
ORD100538,CUST0533,Customer_533,2025-02-01,ELECTRONICS,Smartwatch,1.0,2921.39,0.0,Debit Card,Mobile App,Kochi,Kerala,02/09/2025,cancelled ,,,,2.0
ORD101221,CUST0344,Customer_344,06 Jun 2025,beauty,Hair Oil,1.0,1416.98,20.0,COD,WEB,Chandigarh,Punjab,07/06/25,cancelled ,,,,3.0
ORD100176,CUST0586,Customer_586,05/02/2025,FASHION,Women Kurti,2.0,"1,724.14",0.0,Net Banking,app,Kolkata,West Bengal,05/12/2025,DELIVERED ,,,,5.0
